url,episode_count,episode_ids,episode_title_sample,verification_status,evidence_notes
https://www.nature.com/articles/d41586-017-08964-1,7,dr-david-linden-life-death-and-the-neuroscience-of-your-unique-experience;dr-martha-beck-accessing-your-best-self-with-mind-body-practices-belief-testing-imagination;dr-terry-sejnowski-how-to-improve-at-learning-using-neuroscience-ai;improving-science-restoring-trust-in-public-health-dr-jay-bhattacharya;male-vs-female-brain-differences-how-they-arise-from-genes-hormones-dr-nirao-shah;transform-your-mental-health-with-diet-lifestyle-dr-chris-palmer;using-stem-cells-to-cure-autism-epilepsy-and-schizophrenia-dr-sergiu-pasca,"Using Stem Cells to Cure Autism, Epilepsy & Schizophrenia | Dr. Sergiu Pașca",verified-study,可作为人物/学术关系语料，不能作为实验疗效证据（证据台账回链；来源题名与 Episode 主题仍需分别解读。）
https://www.sciencedirect.com/science/article/abs/pii/S016643281830322X?via%3Dihub,7,dr-wendy-suzuki-boost-attention-and-memory-with-science-based-tools;essentials-tools-to-boost-attention-and-memory-wendy-suzuki;focus-toolkit-tools-to-improve-your-focus-and-concentration;how-meditation-works-and-science-based-effective-meditations;how-nature-other-physical-environments-impact-your-focus-cognition-health-marc-berman;nicotines-effects-on-the-brain-and-body-and-how-to-quit-smoking-or-vaping;understand-and-improve-memory-using-science-based-tools,Understand & Improve Memory Using Science-Based Tools,pending,
https://www.cell.com/cell/fulltext/S0092-8674(21)00754-6?_returnURL=https%3A%2F%2Flinkinghub.elsevier.com%2Fretrieve%2Fpii%2FS0092867421007546%3Fshowall%3Dtrue,5,dr-justin-sonnenburg-how-to-build-maintain-and-repair-gut-health;eating-for-better-sleep-and-foods-that-improve-metabolic-health-marie-pierre-st-onge;essentials-build-maintain-repair-gut-health-justin-sonnenburg;essentials-improving-health-with-stronger-brain-body-connection;transform-metabolic-health-longevity-unique-biology-michael-snyder,Transform Your Metabolic Health & Longevity by Knowing Your Unique Biology | Dr. Michael Snyder,verified-study,高纤维组主要细胞因子反应评分未改变，高发酵食物组微生物多样性增加且炎症标志物下降；样本和期限有限，不能推出人人适用的肠道、免疫或减重处方（证据台账回链；来源题名与 Episode 主题仍需分别解读。）
https://www.cell.com/neuron/fulltext/S0896-6273(13)01030-1?_returnURL=https%3A%2F%2Flinkinghub.elsevier.com%2Fretrieve%2Fpii%2FS0896627313010301%3Fshowall%3Dtrue,5,accelerate-learning-and-increase-cognitive-capacity-tommy-wood;expand-consciousness-dr-christof-koch;how-to-increase-your-willpower-and-tenacity;restore-youthfulness-and-vitality-to-the-aging-brain-and-body-tony-wyss-coray;the-mental-frame-and-specific-daily-actions-to-succeed-andy-stumpf,The Mental Frame & Specific Daily Actions to Succeed | Andy Stumpf,verified-study,研究是临床电极条件下的两名患者病例，不能转化为居家脑刺激、动机训练或治疗方案（证据台账回链；来源题名与 Episode 主题仍需分别解读。）
https://www.nature.com/articles/s41593-021-00982-7,5,controlling-sugar-cravings-and-metabolism-with-science-based-tools;dr-diego-bohorquez-the-science-of-your-gut-sense-the-gut-brain-axis;essentials-control-sugar-cravings-and-metabolism-with-science-based-tools;how-to-enhance-your-gut-microbiome-for-brain-and-overall-health;using-salt-to-optimize-mental-and-physical-performance,Using Salt to Optimize Mental & Physical Performance,verified-study,文章摘要和结果以小鼠、细胞与光遗传学实验为主；不直接推出人类饮食或补剂处方（证据台账回链；来源题名与 Episode 主题仍需分别解读。）
https://www.sciencedirect.com/science/article/abs/pii/S0926641001001069?via%3Dihub,5,dr-charan-ranganath-how-to-improve-memory-focus-using-science-protocols;essentials-master-your-sleep-be-more-alert-when-awake;the-science-of-creativity-and-how-to-enhance-creative-innovation;tools-for-overcoming-substance-behavioral-addictions-ryan-soave;tools-to-enhance-working-memory-attention,Tools to Enhance Working Memory & Attention,verified-study,研究比较闭眼听语音与主动冥想条件，结果是特定 PET 代理指标；不能把“多巴胺”当作个人仪表盘，也不能推出统一冥想剂量或精神科治疗效果（证据台账回链；来源题名与 Episode 主题仍需分别解读。）
https://www.cell.com/cell-metabolism/fulltext/S1550-4131(19)30248-7,4,dr-casey-means-transform-your-health-by-improving-metabolism-hormone-blood-sugar-regulation;dr-layne-norton-tools-for-nutrition-fitness;dr-zachary-knight-the-science-of-hunger-medications-to-combat-obesity;transform-your-mental-health-with-diet-lifestyle-dr-chris-palmer,Transform Your Mental Health With Diet & Lifestyle | Dr. Chris Palmer,verified-study,每种饮食约 2 周且在住院供餐条件下比较；支持食物环境/可食量机制，但不等于所有加工食品均有同效应或替代个体化营养管理（证据台账回链；来源题名与 Episode 主题仍需分别解读。）
https://www.cell.com/cell/fulltext/S0092-8674(21)00754-6,4,control-your-vagus-nerve-to-improve-mood-alertness-neuroplasticity;how-to-enhance-your-gut-microbiome-for-brain-and-overall-health;how-to-optimize-your-brain-body-function-and-health;protect-improve-your-hearing-brain-health-konstantina-stankovic,Protect & Improve Your Hearing & Brain Health | Dr. Konstantina Stankovic,verified-study,高纤维组主要细胞因子反应评分未改变，高发酵食物组微生物多样性增加且炎症标志物下降；样本和期限有限，不能推出人人适用的肠道、免疫或减重处方（证据台账回链；来源题名与 Episode 主题仍需分别解读。）
https://www.nature.com/articles/s41591-021-01336-3,4,dr-robin-carhart-harris-the-science-of-psychedelics-for-mental-health;essentials-psychedelics-neurostimulation-for-brain-rewiring-nolan-williams;essentials-understanding-treating-addiction-dr-anna-lembke;the-science-of-mdma-and-its-therapeutic-applications,The Science of MDMA & Its Therapeutic Uses: Benefits & Risks,verified-study,n=90；研究包含手册化心理治疗、三次实验性给药与整合治疗；主要随访较短、盲法可能受主观药效影响，不能外推为娱乐使用或自行治疗（证据台账回链；来源题名与 Episode 主题仍需分别解读。）
https://www.nature.com/articles/s41598-021-02311-1,4,dr-jeffrey-goldberg-how-to-improve-your-eye-health-and-offset-vision-loss;dr-peter-attia-supplements-for-longevity-their-efficacy;how-to-enhance-your-immune-system-dr-roger-seheult;red-light-to-improve-metabolism-and-harmful-effects-of-led-glen-jeffery,Using Red Light to Improve Metabolism & the Harmful Effects of LEDs | Dr. Glen Jeffery,verified-study,结果是视觉特定、探索性和短期的；不等于全身代谢、认知或疾病治疗，设备剂量与眼部安全必须单独评估（证据台账回链；来源题名与 Episode 主题仍需分别解读。）
https://www.nature.com/articles/s44220-023-00135-8,4,guest-series-dr-matt-walker-improve-sleep-to-boost-mood-emotional-regulation;journal-club-with-dr-peter-attia-effects-of-light-dark-on-mental-health-treatments-for-cancer;mental-health-toolkit-tools-to-bolster-your-mood-mental-health;restore-youthfulness-and-vitality-to-the-aging-brain-and-body-tony-wyss-coray,Restore Youthfulness & Vitality to the Aging Brain & Body | Dr. Tony Wyss-Coray,verified-observational,"超过 85,000 人的客观光照研究；关联不证明改变光照可预防或治疗精神障碍，混杂和反向因果仍需考虑（证据台账回链；来源题名与 Episode 主题仍需分别解读。）"
https://www.cell.com/cell-reports-medicine/fulltext/S2666-3791(22)00474-8?_returnURL=https%3A%2F%2Flinkinghub.elsevier.com%2Fretrieve%2Fpii%2FS2666379122004748%3Fshowall%3Dtrue,3,guest-series-dr-andy-galpin-maximize-recovery-to-achieve-fitness-and-performance-goals;how-psilocybin-can-rewire-our-brain-its-therapeutic-benefits-and-its-risks;mental-health-toolkit-tools-to-bolster-your-mood-mental-health,Mental Health Toolkit: Tools to Bolster Your Mood & Mental Health,verified-study,研究比较循环叹息、盒式呼吸和正念；循环叹息信号较强，但研究远程、时间短、含自评结局，不证明治疗惊恐或其他疾病（证据台账回链；来源题名与 Episode 主题仍需分别解读。）
https://www.nature.com/articles/281031a0,3,dr-casey-means-transform-your-health-by-improving-metabolism-hormone-blood-sugar-regulation;dr-susanna-soberg-how-to-use-cold-and-heat-exposure-to-improve-your-health;essentials-lose-fat-with-science-based-tools,Essentials: Lose Fat With Science-Based Tools,verified-study,1979 年大鼠研究；可作冷/热暴露和能量平衡的机制线索，不是人类减脂或肥胖治疗方案（证据台账回链；来源题名与 Episode 主题仍需分别解读。）
https://www.nature.com/articles/nm1198_1313,3,dr-elissa-epel-control-stress-for-healthy-eating-metabolism-and-aging;dr-wendy-suzuki-boost-attention-and-memory-with-science-based-tools;essentials-tools-to-boost-attention-and-memory-wendy-suzuki,Essentials: Tools to Boost Attention & Memory | Dr. Wendy Suzuki,verified-study,1998 年 BrdU/神经元标记的尸检组织研究；不是干预试验，不能推出运动、补剂或播客协议能提升神经发生或认知（证据台账回链；来源题名与 Episode 主题仍需分别解读。）
https://www.nature.com/articles/s41562-019-0556-z,3,dr-noam-sobel-how-smells-influence-our-hormones-health-and-behavior;essentials-how-smell-taste-pheromones-shape-behavior;how-smell-taste-and-pheromone-like-chemicals-control-you,"How Smell, Taste & Pheromone-Like Chemicals Control You",verified-study,研究观察到任务开始时自发吸气、脑网络变化及视觉空间任务准确率改善；支持特定情境机制，不证明主动鼻呼吸训练普遍提升学习或治疗疾病（证据台账回链；来源题名与 Episode 主题仍需分别解读。）
https://www.nature.com/articles/s41598-019-52352-w,3,essentials-master-your-sleep-be-more-alert-when-awake;journal-club-with-dr-peter-attia-effects-of-light-dark-on-mental-health-treatments-for-cancer;sleep-toolkit-tools-for-optimizing-sleep-and-sleep-wake-timing,Sleep Toolkit: Tools for Optimizing Sleep & Sleep-Wake Timing,verified-study,12 名健康年轻女性、实验室环境和特定光照时段；不能外推为所有人通用的睡眠协议（证据台账回链；来源题名与 Episode 主题仍需分别解读。）
https://www.sciencedirect.com/science/article/abs/pii/S0010945219303326?via%3Dihub,3,essentials-how-to-build-endurance;how-to-increase-your-willpower-and-tenacity;the-mental-frame-and-specific-daily-actions-to-succeed-andy-stumpf,The Mental Frame & Specific Daily Actions to Succeed | Andy Stumpf,verified-review,综述整合动物、影像和行为证据；不证明某个意志力练习会增大 aMCC 或保证目标成功（证据台账回链；来源题名与 Episode 主题仍需分别解读。）
https://www.sciencedirect.com/science/article/pii/S0896627301001866,3,essentials-understanding-and-using-dreams-to-learn-and-to-forget;guest-series-dr-matt-walker-the-science-of-dreams-nightmares-lucid-dreaming;guest-series-dr-matt-walker-using-sleep-to-improve-learning-creativity-memory,"Guest Series | Dr. Matt Walker: Using Sleep to Improve Learning, Creativity & Memory",verified-study,支持睡眠记忆再激活的机制线索；不是人类梦境内容或睡眠学习处方（证据台账回链；来源题名与 Episode 主题仍需分别解读。）
https://journals.sagepub.com/doi/10.1111/j.1467-9280.2007.01867.x?url_ver=Z39.88-2003&rfr_id=ori:rid:crossref.org&rfr_dat=cr_pub%20%200pubmed,2,dr-ellen-langer-using-your-mind-to-control-your-physical-health-longevity;essentials-science-mindsets-health-performance-alia-crum,Essentials: Science of Mindsets for Health & Performance | Dr. Alia Crum,verified-study,84 名女性客房清洁员；研究支持待检验的 mindset/placebo 假说，不证明信念可替代运动、医疗或疾病治疗（证据台账回链；来源题名与 Episode 主题仍需分别解读。）
https://journals.sagepub.com/doi/10.1177/0146167219861438,2,essentials-how-to-set-and-achieve-goals;the-science-of-setting-and-achieving-goals,The Science of Setting & Achieving Goals,verified-study,结论针对身体活动与自我调节情境，不等于 30–60 秒注视规则能普遍提高目标达成或治疗 ADHD（证据台账回链；来源题名与 Episode 主题仍需分别解读。）
https://journals.sagepub.com/doi/10.1177/0956797617694868?url_ver=Z39.88-2003&rfr_id=ori:rid:crossref.org&rfr_dat=cr_pub%20%200pubmed,2,essentials-understand-and-mprove-memory-using-science-based-tools;understand-and-improve-memory-using-science-based-tools,Understand & Improve Memory Using Science-Based Tools,verified-study,多个现场与实验研究及汇总分析支持记忆—注意权衡；不应简化成拍照必然改善或损害总体记忆（证据台账回链；来源题名与 Episode 主题仍需分别解读。）
https://journals.sagepub.com/doi/10.1177/15579883211008339,2,essentials-benefits-of-sauna-and-deliberate-heat-exposure;the-science-and-health-benefits-of-deliberate-heat-exposure,The Science & Health Benefits of Deliberate Heat Exposure,verified-study,30 名年轻男性、4 次桑拿、每次 1 分钟冷水；不支持激素优化或人人适用的冷热协议（证据台账回链；来源题名与 Episode 主题仍需分别解读。）
https://pmc.ncbi.nlm.nih.gov/articles/PMC3075820/pdf/nihms-256124.pdf,2,essentials-the-biology-of-aggression-mating-and-arousal-david-anderson;essentials-understanding-and-controlling-aggression,Essentials: Understanding & Controlling Aggression,verified-study,这是动物神经回路结果，不能为人类攻击行为、激素操纵或治疗方案提供直接依据（证据台账回链；来源题名与 Episode 主题仍需分别解读。）
https://pmc.ncbi.nlm.nih.gov/articles/PMC5915631/pdf/SMJ-59-170.pdf,2,accelerate-learning-and-increase-cognitive-capacity-tommy-wood;peptides-the-science-uses-and-safety-abud-bakri,"Peptides: The Science, Uses & Safety | Dr. Abud Bakri",verified-review,该文是人物传记性资料，不是肽类疗效或安全性研究（证据台账回链；来源题名与 Episode 主题仍需分别解读。）
https://pmc.ncbi.nlm.nih.gov/articles/PMC7381101/pdf/nihms-1543163.pdf,2,how-to-use-exercise-to-improve-your-brains-health-longevity-performance;the-best-vitality-and-health-protocols-rhonda-patrick,The Best Vitality & Health Protocols | Dr. Rhonda Patrick,verified-review,综述整合动物、影像和行为证据；不证明某个意志力练习会增大 aMCC 或保证目标成功（证据台账回链；来源题名与 Episode 主题仍需分别解读。）
https://pmc.ncbi.nlm.nih.gov/articles/PMC7899581/pdf/nihms-1657315.pdf,2,essentials-the-biology-of-aggression-mating-and-arousal-david-anderson;understand-what-pets-actually-want-need-dr-karolina-westlund,What Pets Actually Want & Need | Dr. Karolina Westlund,verified-study,研究对象为小鼠社会行为；不能直接转化为人类性行为、攻击行为或宠物行为建议（证据台账回链；来源题名与 Episode 主题仍需分别解读。）
https://pubmed.ncbi.nlm.nih.gov/21574706/,2,essentials-food-supplements-brain-health-cognitive-performance;essentials-science-mindsets-health-performance-alia-crum,Essentials: Science of Mindsets for Health & Performance | Dr. Alia Crum,verified-study,46 名成人、同一 380 千卡奶昔、短期标签操纵；不能推出心态可覆盖营养、长期体重调节或饮食障碍治疗（证据台账回链；来源题名与 Episode 主题仍需分别解读。）
https://www.cell.com/cell-metabolism/fulltext/S1550-4131(18)30253-5?_returnURL=https%3A%2F%2Flinkinghub.elsevier.com%2Fretrieve%2Fpii%2FS1550413118302535%3Fshowall%3Dtrue,2,dr-casey-means-transform-your-health-by-improving-metabolism-hormone-blood-sugar-regulation;the-best-vitality-and-health-protocols-rhonda-patrick,The Best Vitality & Health Protocols | Dr. Rhonda Patrick,verified-study,6 小时进食窗、晚餐前置、5 周、前驱糖尿病男性；不等于普遍禁食处方，需考虑低血糖、药物、营养和饮食失调风险（证据台账回链；来源题名与 Episode 主题仍需分别解读。）
https://www.cell.com/cell-metabolism/fulltext/S1550-4131(19)30248-7?_returnURL=https%3A%2F%2Flinkinghub.elsevier.com%2Fretrieve%2Fpii%2FS1550413119302487%3Fshowall%3Dtrue,2,essentials-the-science-of-eating-for-health-fat-loss-and-lean-muscle-layne-norton;how-our-hormones-control-our-hunger-eating-and-satiety,"How Our Hormones Control Our Hunger, Eating & Satiety",verified-study,每种饮食约 2 周且在住院供餐条件下比较；支持食物环境/可食量机制，但不等于所有加工食品均有同效应或替代个体化营养管理（证据台账回链；来源题名与 Episode 主题仍需分别解读。）
https://www.cell.com/cell-reports-medicine/fulltext/S2666-3791(21)00266-4?_returnURL=https%3A%2F%2Flinkinghub.elsevier.com%2Fretrieve%2Fpii%2FS2666379121002664%3Fshowall%3Dtrue,2,guest-series-dr-andy-galpin-maximize-recovery-to-achieve-fitness-and-performance-goals;using-deliberate-cold-exposure-for-health-and-performance,Using Deliberate Cold Exposure for Health and Performance,verified-study,选定的年轻男性冬泳者样本，暴露是长期习惯且含桑拿等复合因素；不能直接证明 11 分钟冷水协议、减脂疗效或人人适用（证据台账回链；来源题名与 Episode 主题仍需分别解读。）
https://www.cell.com/cell-reports-medicine/fulltext/S2666-3791(22,2,dr-elissa-epel-control-stress-for-healthy-eating-metabolism-and-aging;dr-sara-gottfried-how-to-optimize-female-hormone-health-for-vitality-and-longevity,Dr. Sara Gottfried: How to Optimize Female Hormone Health for Vitality & Longevity,pending,数据质量标记：链接中的期刊文章编号被截断或疑似不完整，需先修复原始 URL 后再核验。
https://www.cell.com/cell-reports/fulltext/S2211-1247(20)30530-1?_returnURL=https%3A%2F%2Flinkinghub.elsevier.com%2Fretrieve%2Fpii%2FS2211124720305301%3Fshowall%3Dtrue,2,essentials-how-to-focus-to-change-your-brain;essentials-how-your-nervous-system-works-changes,Essentials: How Your Brain Works & Changes,verified-study,脑机接口任务与皮层电极样本高度特殊；支持离线巩固机制，不等于固定学习时程、午睡或睡眠协议（证据台账回链；来源题名与 Episode 主题仍需分别解读。）
https://www.cell.com/cell-reports/fulltext/S2211-1247(21)01013-5?_returnURL=https%3A%2F%2Flinkinghub.elsevier.com%2Fretrieve%2Fpii%2FS2211124721010135%3Fshowall%3Dtrue,2,essentials-using-light-to-optimize-health;using-light-sunlight-blue-light-and-red-light-to-optimize-health,"Using Light (Sunlight, Blue Light & Red Light) to Optimize Health",verified-observational,人体部分是问卷/相关分析，不能为日晒、UVB 或“睾酮优化”提供因果处方；皮肤癌和光损伤风险优先（证据台账回链；来源题名与 Episode 主题仍需分别解读。）
https://www.cell.com/cell-reports/fulltext/S2211-1247(21)01373-5?_returnURL=https%3A%2F%2Flinkinghub.elsevier.com%2Fretrieve%2Fpii%2FS2211124721013735%3Fshowall%3Dtrue,2,the-best-vitality-and-health-protocols-rhonda-patrick;transform-metabolic-health-longevity-unique-biology-michael-snyder,Transform Your Metabolic Health & Longevity by Knowing Your Unique Biology | Dr. Michael Snyder,verified-study,13 名成人结合多导睡眠图与高时间分辨率呼气代谢组；支持睡眠状态与脂肪酸氧化、TCA 循环等代谢特征的关系；不等于个体化代谢协议，且样本、呼气代理指标和商业利益冲突需注意（证据台账回链；来源题名与 Episode 主题仍需分别解读。）
https://www.cell.com/cell/fulltext/S0092-8674(09)00916-7?_returnURL=https%3A%2F%2Flinkinghub.elsevier.com%2Fretrieve%2Fpii%2FS0092867409009167%3Fshowall%3Dtrue,2,essentials-the-biology-of-aggression-mating-and-arousal-david-anderson;male-vs-female-brain-differences-how-they-arise-from-genes-hormones-dr-nirao-shah,Male vs. Female Brain Differences & How They Arise From Genes & Hormones | Dr. Nirao Shah,verified-study,小鼠研究观察到性别差异的芳香化酶神经通路及新生期雌激素对部分领地行为的影响；不能外推为广泛的人类性别差异、性取向解释或激素治疗（证据台账回链；来源题名与 Episode 主题仍需分别解读。）
https://www.cell.com/current-biology/fulltext/S0960-9822(16)31522-6,2,dr-satchin-panda-intermittent-fasting-to-improve-health-cognition-and-longevity;how-to-grow-from-doing-hard-things-michael-easter,How to Grow From Doing Hard Things | Michael Easter,verified-observational,研究把自然光、减少电灯/电子设备、户外生活和自选作息捆绑在一起；不能直接换算成固定晨光分钟数，也不能外推为失眠或昼夜节律障碍治疗（证据台账回链；来源题名与 Episode 主题仍需分别解读。）
https://www.cell.com/iscience/fulltext/S2589-0042(22)01141-5,2,dr-layne-norton-the-science-of-eating-for-health-fat-loss-and-lean-muscle;fitness-toolkit-protocol-and-tools-to-optimize-physical-health,Fitness Toolkit: Protocol & Tools to Optimize Physical Health,verified-study,25 名成人、延长且技术控制的坐姿收缩范式；结果支持特定肌肉氧化代谢机制，但不证明普遍桌面运动、减重或糖尿病治疗效果，真实生活复制和可推广性仍待研究（证据台账回链；来源题名与 Episode 主题仍需分别解读。）
https://www.cell.com/iscience/fulltext/S2589-0042(22)01141-5?_returnURL=https%3A%2F%2Flinkinghub.elsevier.com%2Fretrieve%2Fpii%2FS2589004222011415%3Fshowall%3Dtrue,2,dr-casey-means-transform-your-health-by-improving-metabolism-hormone-blood-sugar-regulation;transform-metabolic-health-longevity-unique-biology-michael-snyder,Transform Your Metabolic Health & Longevity by Knowing Your Unique Biology | Dr. Michael Snyder,verified-study,25 名成人、延长且技术控制的坐姿收缩范式；结果支持特定肌肉氧化代谢机制，但不证明普遍桌面运动、减重或糖尿病治疗效果，真实生活复制和可推广性仍待研究（证据台账回链；来源题名与 Episode 主题仍需分别解读。）
https://www.cell.com/neuron/fulltext/S0896-6273(20)30532-8,2,essentials-how-to-control-your-sense-of-pain-pleasure;how-to-control-your-sense-of-pain-and-pleasure,How to Control Your Sense of Pain & Pleasure,verified-study,研究显示刺激强度和身体位置可招募不同自主神经通路并产生不同炎症效应；不是人类疼痛/愉悦干预试验；保留 URL 与 Episode 标题错配，不能支持家庭电针或疼痛处方（证据台账回链；来源题名与 Episode 主题仍需分别解读。）
https://www.cell.com/neuron/fulltext/S0896-6273(22)00198-2?_returnURL=https%3A%2F%2Flinkinghub.elsevier.com%2Fretrieve%2Fpii%2FS0896627322001982%3Fshowall%3Dtrue,2,essentials-control-sugar-cravings-and-metabolism-with-science-based-tools;essentials-understand-and-mprove-memory-using-science-based-tools,Essentials: Understand & Improve Memory Using Science-Based Tools,verified-review,是整合性机制综述，不是压力管理或增强记忆的临床处方（证据台账回链；来源题名与 Episode 主题仍需分别解读。）
https://www.nature.com/articles/229244a0,2,dr-noam-sobel-how-smells-influence-our-hormones-health-and-behavior;essentials-how-smell-taste-pheromones-shape-behavior,"Essentials: How Smell, Taste & Pheromones Shape Behavior",verified-observational,研究报告共同居住/社交互动与月经周期变化的关联，不是信息素鉴定研究；历史解释与复制争议需保留，不能据此支持人类气味调节激素的因果主张（证据台账回链；来源题名与 Episode 主题仍需分别解读。）
https://www.nature.com/articles/35006555,2,biological-influences-on-sex-sex-differences-and-preferences;how-hormones-shape-sexual-orientation-and-behavior-marc-breedlove,How Hormones Shape Sexual Orientation & Behavior | Dr. Marc Breedlove,verified-study,该研究由 Andrew Huberman 合著，使用间接的产前雄激素指标；不能作为个体诊断、性取向因果解释或生物本质主义论据（证据台账回链；来源题名与 Episode 主题仍需分别解读。）
https://www.nature.com/articles/nature03687,2,expand-consciousness-dr-christof-koch;how-hormones-status-shape-our-values-decisions-dr-michael-platt,How Hormones & Status Shape Our Values & Decisions | Dr. Michael Platt,verified-study,癫痫临床样本与高度特定任务；支持稀疏/抽象表征线索，不等于存在一个普遍的“祖母神经元”或学习处方（证据台账回链；来源题名与 Episode 主题仍需分别解读。）
https://www.nature.com/articles/nature09736,2,male-vs-female-brain-differences-how-they-arise-from-genes-hormones-dr-nirao-shah;understanding-and-controlling-aggression,Understanding & Controlling Aggression,verified-study,激活与沉默结果均来自小鼠；不能直接转化为人类攻击、性行为或激素干预建议（证据台账回链；来源题名与 Episode 主题仍需分别解读。）
https://www.nature.com/articles/nature13793,2,essentials-build-maintain-repair-gut-health-justin-sonnenburg;how-foods-and-nutrients-control-our-moods,How Foods and Nutrients Control Our Moods,verified-study,结果不支持“所有代糖都有害”或统一禁用；产品、剂量、个体反应和后续人体证据必须分开评估（证据台账回链；来源题名与 Episode 主题仍需分别解读。）
https://www.nature.com/articles/nature16961,2,essentials-machines-creativity-love-dr-lex-fridman;using-ai-to-increase-your-intelligence-and-enrich-humanity-fei-fei-li,Using AI to Increase Your Intelligence & Enrich Humanity | Dr. Fei-Fei Li,verified-study,这是人工智能能力研究，不是提升人类智力的干预试验；只能作为 AI 能力背景，不能支撑消费级 AI 普遍增强智力的主张（证据台账回链；来源题名与 Episode 主题仍需分别解读。）
https://www.nature.com/articles/nature25770,2,essentials-the-science-of-emotions-relationships;the-science-of-emotions-relationships,The Science of Emotions & Relationships,verified-review,这是证据综合与政策/干预框架，不是单一干预试验；不能推出统一的青春期脑或育儿处方（证据台账回链；来源题名与 Episode 主题仍需分别解读。）
https://www.nature.com/articles/nrn2576,2,how-to-prevent-treat-colds-flu;using-your-nervous-system-to-enhance-your-immune-system,Using Your Nervous System to Enhance Your Immune System,verified-review,机制综述不能证明呼吸、冷暴露或补剂能够预防感染；具体健康建议需依赖人体临床证据（证据台账回链；来源题名与 Episode 主题仍需分别解读。）
https://www.nature.com/articles/s41586-022-04907-7,2,dr-david-yeager-how-to-master-growth-mindset-to-improve-performance;how-to-enhance-performance-and-learning-by-applying-a-growth-mindset,How to Enhance Performance & Learning by Applying a Growth Mindset,verified-study,约 30 分钟、自助在线模块，效果依赖情境与双重思维靶点；不能简化为积极思考普遍有效或治疗焦虑（证据台账回链；来源题名与 Episode 主题仍需分别解读。）
https://www.nature.com/articles/s41598-020-63980-y,2,how-to-use-music-to-boost-motivation-mood-and-improve-learning;optimizing-workspace-for-productivity-focus-and-creativity,"Optimizing Workspace for Productivity, Focus, & Creativity",pending,
https://www.nature.com/articles/s41598-025-09785-3,2,peptides-the-science-uses-and-safety-abud-bakri;red-light-to-improve-metabolism-and-harmful-effects-of-led-glen-jeffery,Using Red Light to Improve Metabolism & the Harmful Effects of LEDs | Dr. Glen Jeffery,verified-study,受控 15 分钟胸部暴露、特定波段与视觉结局；不能外推为代谢、认知、长寿或疾病治疗，也不能据此制定消费级红光设备剂量（证据台账回链；来源题名与 Episode 主题仍需分别解读。）
https://www.nature.com/articles/tp201546,2,optimize-and-control-your-brain-chemistry-to-improve-health-and-performance;using-deliberate-cold-exposure-for-health-and-performance,Using Deliberate Cold Exposure for Health and Performance,pending,
https://www.sciencedirect.com/science/article/abs/pii/S0013935121010781?via%3Dihub,2,essentials-how-hormones-shape-sexual-development;how-to-optimize-fertility-in-males-and-females,How to Optimize Fertility in Males & Females,verified-review,混合体外实验与观察性人体研究，不能推出个体生育损害、手机放置距离或统一规避协议（证据台账回链；来源题名与 Episode 主题仍需分别解读。）
https://www.sciencedirect.com/science/article/abs/pii/S0022437520300694?via%3Dihub,2,essentials-using-light-to-optimize-health;using-light-sunlight-blue-light-and-red-light-to-optimize-health,"Using Light (Sunlight, Blue Light & Red Light) to Optimize Health",verified-observational,特定光谱、照度、班次和工作环境下的结果，不能外推为一般睡眠、健康或生产力协议；反应速度与准确性可能存在权衡（证据台账回链；来源题名与 Episode 主题仍需分别解读。）
https://www.sciencedirect.com/science/article/abs/pii/S0091305799000945?via%3Dihub,2,leverage-dopamine-to-overcome-procrastination-and-optimize-effort;tools-to-enhance-working-memory-attention,Tools to Enhance Working Memory & Attention,verified-study,20 名健康成人、单次高剂量、选定的多任务范式；不能据此推荐补剂剂量，也不能替代 ADHD/认知障碍评估与治疗（证据台账回链；来源题名与 Episode 主题仍需分别解读。）
https://www.sciencedirect.com/science/article/abs/pii/S0149763411000492?via=ihub,2,essentials-using-play-to-rewire-and-improve-your-brain;using-play-to-rewire-and-improve-your-brain,Using Play to Rewire & Improve Your Brain,verified-review,PubMed/期刊书目已核对：以哺乳动物、尤其幼年大鼠模型为主的社会游戏神经生物学综述，讨论丘脑、额叶/纹状体及多巴胺等候选机制；不能推出成人创造力、心理治疗或固定游戏处方。
https://www.sciencedirect.com/science/article/abs/pii/S0278584611000650?via%3Dihub,2,essentials-the-science-and-treatment-of-obsessive-compulsive-disorder;the-science-and-treatment-of-obsessive-compulsive-disorder,The Science & Treatment of Obsessive Compulsive Disorder (OCD),verified-review,PubMed 已核对：OCD 营养补充剂机制与临床证据综述；早期临床线索有限，作者要求更大样本随机安慰剂对照试验，不能把 NAC、肌醇、甘氨酸或植物成分写成自行治疗方案，也需考虑药物相互作用。
https://www.sciencedirect.com/science/article/abs/pii/S0301051104000973?via%3Dihub,2,essentials-the-science-and-process-of-healing-from-grief;the-science-and-process-of-healing-from-grief,The Science & Process of Healing from Grief,verified-study,PubMed 已核对：35 名丧亲者纵向书写研究，连续 3 周每周写作并随访；情绪披露组相对对照组没有总体差异，但基线 RSA 较高者可能获益更多。小样本、调节性探索，不能承诺写作治疗哀伤。
https://www.sciencedirect.com/science/article/abs/pii/S0306453011002617?via%3Dihub,2,essentials-the-science-and-process-of-healing-from-grief;the-science-and-process-of-healing-from-grief,The Science & Process of Healing from Grief,verified-observational,PubMed 已核对：过去 18 个月内丧亲女性的组间比较，复杂性哀伤组 n=12、非复杂性哀伤组 n=12，复杂性哀伤与较平坦的日间皮质醇斜率相关；横断面/小样本代理指标，不证明皮质醇检测能诊断哀伤或指导激素治疗。
https://www.sciencedirect.com/science/article/abs/pii/S0887618597000017?via%3Dihub,2,essentials-the-science-and-treatment-of-obsessive-compulsive-disorder;the-science-and-treatment-of-obsessive-compulsive-disorder,The Science & Treatment of Obsessive Compulsive Disorder (OCD),verified-study,PubMed 已核对：关于 OCD 隐性与显性记忆的原始行为研究；结果只支持特定实验任务下的认知表现比较，不能作为个人诊断、药物选择或补剂方案依据。
https://www.sciencedirect.com/science/article/pii/S088915912100177X?via%3Dihub,2,essentials-science-of-gratitude-practice;the-science-of-gratitude-and-how-to-build-a-gratitude-practice,The Science of Gratitude & How to Build a Gratitude Practice,pending,
https://www.sciencedirect.com/science/article/pii/S2666379122004748?via%3Dihub,2,build-muscle-and-strength-and-forge-your-life-path-dorian-yates;essentials-erasing-fears-traumas-using-modern-neuroscience,Essentials: Erasing Fears & Traumas Using Modern Neuroscience,verified-study,研究比较循环叹息、盒式呼吸和正念；循环叹息信号较强，但研究远程、时间短、含自评结局，不证明治疗惊恐或其他疾病（证据台账回链；来源题名与 Episode 主题仍需分别解读。）
https://doi.org/10.1001/jama.2024.6542,1,your-top-health-questions-answered,Your Top Health Questions Answered,verified-review,综述结论不支持将绝经激素治疗作为预防心血管或其他慢性病的普遍方案；适用人群、结局和风险必须单独评估（证据台账回链；来源题名与 Episode 主题仍需分别解读。）
https://doi.org/10.1001/jama.288.3.321,1,your-top-health-questions-answered,Your Top Health Questions Answered,verified-study,这是特定激素方案、特定人群和特定结局的临床试验；不能据此生成个人激素治疗建议（证据台账回链；来源题名与 Episode 主题仍需分别解读。）
https://doi.org/10.1016/j.jsbmb.2013.06.011,1,your-top-health-questions-answered,Your Top Health Questions Answered,verified-review,PubMed 已核对：围绝经期激素替代治疗与冠心病/总体死亡风险的综述，讨论时间窗口假说并综合随机与观察性证据；属于二次综合且存在适应证、年龄、起始时间和风险差异，不能替代妇科/内分泌个体化评估或自行用激素。
https://doi.org/10.1037/0003-066X.54.3.165,1,how-to-improve-your-memory-and-cognitive-function-at-any-age-alan-castel,How to Improve Your Memory & Cognitive Function at Any Age | Dr. Alan Castel,verified-review,该文是心理学理论与证据综述，不是记忆增强、长寿或行为治疗干预；不能把理论框架写成人人适用的效果保证（证据台账回链；来源题名与 Episode 主题仍需分别解读。）
https://doi.org/10.1097/01.psy.0000149258.42508.70,1,your-top-health-questions-answered,Your Top Health Questions Answered,verified-observational,PubMed 摘要已核对：89 名择期颈/腰椎手术患者按病房明亮侧或昏暗侧进行前瞻性比较；明亮侧日照强度平均高 46%，并与较低压力、镇痛药用量及费用相关。未随机分房，病房方向可能伴随其他差异；边缘显著的疼痛结果和术后样本不能外推为阳光镇痛处方。
https://journals.sagepub.com/doi/10.1002/per.2183,1,dr-jamil-zaki-how-to-cultivate-a-positive-growth-oriented-mindset,"Dr. Jamil Zaki: How to Cultivate a Positive, Growth-Oriented Mindset",verified-bibliographic,"自动书目核验：10.1002/per.2183；《Broken Bodies, Broken Spirits: How Poor Health Contributes to A Cynical Worldview》；European Journal of Personality；2019。仅确认公开来源身份，不自动证明研究设计、疗效、安全性或与 Episode 主张匹配；研究类型与外推边界需人工核验。"
https://journals.sagepub.com/doi/10.1046/j.1468-2982.1994.014003228.x?url_ver=Z39.88-2003&rfr_id=ori:rid:crossref.org&rfr_dat=cr_pub%20%200pubmed,1,how-to-stop-headaches-using-science-based-approaches,How to Stop Headaches Using Science-Based Approaches,verified-study,PubMed 摘要已核对：32 名健康受试者完成双盲、安慰剂对照、随机交叉实验；前额/太阳穴外用薄荷油、桉树油、乙醇组合对实验性疼痛敏感度和认知/放松指标影响不一。健康人的实验性头痛参数不是偏头痛或慢性头痛治疗结局，且制剂浓度、皮肤刺激和用药相互作用限制家庭复制。
https://journals.sagepub.com/doi/10.1068/p281059,1,dr-charan-ranganath-how-to-improve-memory-focus-using-science-protocols,Dr. Charan Ranganath: How to Improve Memory & Focus Using Science Protocols,verified-study,PubMed 与论文正文已核对：228 名、主要为本科生的观察者观看篮球传球视频并执行计数任务，36 人因预知范式或计数/记录问题排除，192 人进入 16 个条件分析；意外物体是否被注意受任务难度与视觉相似性影响。实验室演示说明注意选择的局限，不等于临床注意障碍诊断或日常事故风险的个体预测。
https://journals.sagepub.com/doi/10.1080/00048670701827275,1,essentials-how-foods-nutrients-control-our-moods,Essentials: How Foods & Nutrients Control Our Moods,verified-bibliographic,"自动书目核验：10.1080/00048670701827275；《Comparison of Therapeutic Effects of Omega-3 Fatty Acid Eicosapentaenoic Acid and Fluoxetine, Separately and in Combination, in Major Depressive Disorder》；Australian &amp; New Zealand Journal of Psychiatry；2008。仅确认公开来源身份，不自动证明研究设计、疗效、安全性或与 Episode 主张匹配；研究类型与外推边界需人工核验。"
https://journals.sagepub.com/doi/10.1080/00048670701827275?url_ver=Z39.88-2003&rfr_id=ori:rid:crossref.org&rfr_dat=cr_pub%20%200pubmed,1,how-foods-and-nutrients-control-our-moods,How Foods and Nutrients Control Our Moods,verified-bibliographic,"自动书目核验：10.1080/00048670701827275；《Comparison of Therapeutic Effects of Omega-3 Fatty Acid Eicosapentaenoic Acid and Fluoxetine, Separately and in Combination, in Major Depressive Disorder》；Australian &amp; New Zealand Journal of Psychiatry；2008。仅确认公开来源身份，不自动证明研究设计、疗效、安全性或与 Episode 主张匹配；研究类型与外推边界需人工核验。"
https://journals.sagepub.com/doi/10.1080/17470214808416738,1,how-to-improve-motivation-and-overcome-procrastination-masud-husain,How to Improve Motivation & Overcome Procrastination | Dr. Masud Husain,verified-study,期刊正文已核对：1948 年 Mackworth Clock 历史实验让受试者在最长 2 小时内监测稀有的指针双跳，漏报在首个半小时后增加；轮换、短暂中断等条件显示部分暂时恢复。战时雷达模拟、男性样本和特定低事件率视觉任务限制外推，不能据此断言所有工作 30 分钟后都会失效或生成统一番茄钟。
https://journals.sagepub.com/doi/10.1089/rej.2011.1172?url_ver=Z39.88-2003&rfr_id=ori:rid:crossref.org&rfr_dat=cr_pub%20%200pubmed,1,peptides-the-science-uses-and-safety-abud-bakri,"Peptides: The Science, Uses & Safety | Dr. Abud Bakri",verified-bibliographic,自动书目核验：10.1089/rej.2011.1172；《Pinealon Increases Cell Viability by Suppression of Free Radical Levels and Activating Proliferative Processes》；Rejuvenation Research；2011。仅确认公开来源身份，不自动证明研究设计、疗效、安全性或与 Episode 主张匹配；研究类型与外推边界需人工核验。
https://journals.sagepub.com/doi/10.1097/00004647-200201000-00003,1,dr-gary-steinberg-how-to-improve-brain-health-offset-neurodegeneration,Dr. Gary Steinberg: How to Improve Brain Health & Offset Neurodegeneration,verified-bibliographic,"自动书目核验：10.1097/00004647-200201000-00003；《Mild Hypothermia Reduces Apoptosis of Mouse Neurons
                    <i>In vitro</i>
                    Early in the Cascade》；Journal of Cerebral Blood Flow &amp; Metabolism；2002。仅确认公开来源身份，不自动证明研究设计、疗效、安全性或与 Episode 主张匹配；研究类型与外推边界需人工核验。"
https://journals.sagepub.com/doi/10.1111/j.1467-9280.1997.tb00403.x,1,a-science-supported-journaling-protocol-to-improve-mental-physical-health,A Science-Supported Journaling Protocol to Improve Mental & Physical Health,verified-bibliographic,自动书目核验：10.1111/j.1467-9280.1997.tb00403.x；《Writing About Emotional Experiences as a Therapeutic Process》；Psychological Science；1997。仅确认公开来源身份，不自动证明研究设计、疗效、安全性或与 Episode 主张匹配；研究类型与外推边界需人工核验。
https://journals.sagepub.com/doi/10.1111/j.1467-9280.2007.01916.x?url_ver=Z39.88-2003&rfr_id=ori:rid:crossref.org&rfr_dat=cr_pub%20%200pubmed,1,dr-ethan-kross-how-to-control-your-inner-voice-increase-your-resilience,Dr. Ethan Kross: How to Control Your Inner Voice & Increase Your Resilience,verified-bibliographic,自动书目核验：10.1111/j.1467-9280.2007.01916.x；《Putting Feelings Into Words》；Psychological Science；2007。仅确认公开来源身份，不自动证明研究设计、疗效、安全性或与 Episode 主张匹配；研究类型与外推边界需人工核验。
https://journals.sagepub.com/doi/10.1111/j.1467-9280.2008.02225.x,1,how-nature-other-physical-environments-impact-your-focus-cognition-health-marc-berman,"How Nature & Other Physical Environments Impact Your Focus, Cognition & Health | Dr. Marc Berman",verified-study,PubMed 与论文正文已核对：两项小型人体实验比较自然/城市步行或自然/城市图片；实验 1 为 38 名大学生的被试内步行比较，实验 2 为更小的图片实验，部分定向注意任务在自然条件后改善。短期实验室指标、学生样本和环境复合差异限制外推，不能保证自然暴露治疗 ADHD、抑郁或长期提升认知。
https://journals.sagepub.com/doi/10.1111/j.1467-9280.2008.02225.x?url_ver=Z39.88-2003&rfr_id=ori:rid:crossref.org&rfr_dat=cr_pub%20%200pubmed,1,dr-ethan-kross-how-to-control-your-inner-voice-increase-your-resilience,Dr. Ethan Kross: How to Control Your Inner Voice & Increase Your Resilience,verified-study,PubMed 与论文正文已核对：两项小型人体实验比较自然/城市步行或自然/城市图片；实验 1 为 38 名大学生的被试内步行比较，实验 2 为更小的图片实验，部分定向注意任务在自然条件后改善。短期实验室指标、学生样本和环境复合差异限制外推，不能保证自然暴露治疗 ADHD、抑郁或长期提升认知。
https://journals.sagepub.com/doi/10.1111/j.1467-9280.2009.02263.x?url_ver=Z39.88-2003𝔯id=ori:rid:crossref.org𝔯dat=cr_pub%20%200pubmed,1,dr-noam-sobel-how-smells-influence-our-hormones-health-and-behavior,"Dr. Noam Sobel: How Smells Influence Our Hormones, Health & Behavior",verified-bibliographic,自动书目核验：10.1111/j.1467-9280.2009.02263.x；《Fear-Related Chemosignals Modulate Recognition of Fear in Ambiguous Facial Expressions》；Psychological Science；2009。仅确认公开来源身份，不自动证明研究设计、疗效、安全性或与 Episode 主张匹配；研究类型与外推边界需人工核验。
https://journals.sagepub.com/doi/10.1111/j.1745-6916.2006.00012.x?url_ver=Z39.88-2003&rfr_id=ori:rid:crossref.org&rfr_dat=cr_pub%20%200pubmed,1,optimal-protocols-for-studying-learning,Optimal Protocols for Studying & Learning,verified-review,结果受材料、反馈、测试形式与情境影响；支持主动提取这一工具方向，不等于固定学习日程或对所有人群同效（证据台账回链；来源题名与 Episode 主题仍需分别解读。）
https://journals.sagepub.com/doi/10.1177/004839317100100211,1,dr-adam-grant-how-to-unlock-your-potential-motivation-unique-abilities,"Dr. Adam Grant: How to Unlock Your Potential, Motivation & Unique Abilities",verified-bibliographic,自动书目核验：10.1177/004839317100100211；《That's Interesting!》；Philosophy of the Social Sciences；1971。仅确认公开来源身份，不自动证明研究设计、疗效、安全性或与 Episode 主张匹配；研究类型与外推边界需人工核验。
https://journals.sagepub.com/doi/10.1177/0146167214529799,1,dr-laurie-santos-how-to-achieve-true-happiness-using-science-based-protocols,Dr. Laurie Santos: How to Achieve True Happiness Using Science-Based Protocols,verified-bibliographic,自动书目核验：10.1177/0146167214529799；《Social Interactions and Well-Being》；Personality and Social Psychology Bulletin；2014。仅确认公开来源身份，不自动证明研究设计、疗效、安全性或与 Episode 主张匹配；研究类型与外推边界需人工核验。
https://journals.sagepub.com/doi/10.1177/0146167299258011,1,dr-david-yeager-how-to-master-growth-mindset-to-improve-performance,Dr. David Yeager: How to Master Growth Mindset to Improve Performance,verified-bibliographic,自动书目核验：10.1177/0146167299258011；《The Mentor’s Dilemma: Providing Critical Feedback Across the Racial Divide》；Personality and Social Psychology Bulletin；1999。仅确认公开来源身份，不自动证明研究设计、疗效、安全性或与 Episode 主张匹配；研究类型与外推边界需人工核验。
https://journals.sagepub.com/doi/10.1177/0261927X8983007,1,dr-jamil-zaki-how-to-cultivate-a-positive-growth-oriented-mindset,"Dr. Jamil Zaki: How to Cultivate a Positive, Growth-Oriented Mindset",verified-bibliographic,自动书目核验：10.1177/0261927X8983007；《Cardiovascular Responses during Speech: Does Social Support Mediate the Effects of Talking on Blood Pressure?'》；Journal of Language and Social Psychology；1989。仅确认公开来源身份，不自动证明研究设计、疗效、安全性或与 Episode 主张匹配；研究类型与外推边界需人工核验。
https://journals.sagepub.com/doi/10.1177/036354659702500419,1,dr-kelly-starrett-how-to-improve-your-mobility-posture-flexibility,"Dr. Kelly Starrett: How to Improve Your Mobility, Posture & Flexibility",verified-bibliographic,自动书目核验：10.1177/036354659702500419；《A Randomized Controlled Trial of Piroxicam in the Management of Acute Ankle Sprain in Australian Regular Army Recruits》；The American Journal of Sports Medicine；1997。仅确认公开来源身份，不自动证明研究设计、疗效、安全性或与 Episode 主张匹配；研究类型与外推边界需人工核验。
https://journals.sagepub.com/doi/10.1177/039463200902200410?url_ver=Z39.88-2003&rfr_id=ori:rid:crossref.org&rfr_dat=cr_pub%20%200pubmed,1,how-to-enhance-your-immune-system-dr-roger-seheult,How to Enhance Your Immune System | Dr. Roger Seheult,verified-bibliographic,自动书目核验：10.1177/039463200902200410；《Effect of Phytoncide from Trees on Human Natural Killer Cell Function》；International Journal of Immunopathology and Pharmacology；2009。仅确认公开来源身份，不自动证明研究设计、疗效、安全性或与 Episode 主张匹配；研究类型与外推边界需人工核验。
https://journals.sagepub.com/doi/10.1177/0956797610366543?url_ver=Z39.88-2003&rfr_id=ori:rid:crossref.org&rfr_dat=cr_pub%20%200pubmed,1,dr-ellen-langer-using-your-mind-to-control-your-physical-health-longevity,Dr. Ellen Langer: Using Your Mind to Control Your Physical Health & Longevity,verified-bibliographic,自动书目核验：10.1177/0956797610366543；《Believing Is Seeing》；Psychological Science；2010。仅确认公开来源身份，不自动证明研究设计、疗效、安全性或与 Episode 主张匹配；研究类型与外推边界需人工核验。
https://journals.sagepub.com/doi/10.1177/0956797610384745,1,master-self-control-overcome-procrastination-kentaro-fujita,Master Self Control & Overcome Procrastination | Dr. Kentaro Fujita,verified-bibliographic,自动书目核验：10.1177/0956797610384745；《Ego Depletion—Is It All in Your Head?》；Psychological Science；2010。仅确认公开来源身份，不自动证明研究设计、疗效、安全性或与 Episode 主张匹配；研究类型与外推边界需人工核验。
https://journals.sagepub.com/doi/10.1177/0956797613485603,1,science-and-health-benefits-of-belief-in-god-and-religion-dr-david-desteno,Science & Health Benefits of Belief in God & Religion | Dr. David DeSteno,verified-bibliographic,自动书目核验：10.1177/0956797613485603；《Meditation Increases Compassionate Responses to Suffering》；Psychological Science；2013。仅确认公开来源身份，不自动证明研究设计、疗效、安全性或与 Episode 主张匹配；研究类型与外推边界需人工核验。
https://journals.sagepub.com/doi/10.1177/0956797615572906?url_ver=Z39.88-2003&rfr_id=ori:rid:crossref.org&rfr_dat=cr_pub%20%200pubmed,1,how-to-overcome-social-anxiety-nick-epley,How to Overcome Social Anxiety | Dr. Nick Epley,verified-bibliographic,自动书目核验：10.1177/0956797615572906；《The Sound of Intellect》；Psychological Science；2015。仅确认公开来源身份，不自动证明研究设计、疗效、安全性或与 Episode 主张匹配；研究类型与外推边界需人工核验。
https://journals.sagepub.com/doi/10.1177/0956797616678437,1,guest-series-dr-matthew-walker-the-biology-of-sleep-your-unique-sleep-needs,Guest Series | Dr. Matt Walker: The Biology of Sleep & Your Unique Sleep Needs,verified-observational,PubMed 与期刊资料已核对：研究以春季夏令时切换作为睡眠损失的准自然实验，分析美国联邦法院量刑档案并报告切换后周一刑期更长；未直接测量法官睡眠。后续同刊评论（DOI: 10.1177/0956797617720239）指出结果依赖结局维度、变量变换和样本限制，重分析并未稳健支持原效应；不能写成睡眠不足必然导致更严厉判断。
https://journals.sagepub.com/doi/10.1177/0956797617709592?url_ver=Z39.88-2003&rfr_id=ori:rid:crossref.org&rfr_dat=cr_pub%20%200pubmed,1,how-hormones-status-shape-our-values-decisions-dr-michael-platt,How Hormones & Status Shape Our Values & Decisions | Dr. Michael Platt,verified-bibliographic,自动书目核验：10.1177/0956797617709592；《Single-Dose Testosterone Administration Impairs Cognitive Reflection in Men》；Psychological Science；2017。仅确认公开来源身份，不自动证明研究设计、疗效、安全性或与 Episode 主张匹配；研究类型与外推边界需人工核验。
https://journals.sagepub.com/doi/10.1177/0956797617713798?url_ver=Z39.88-2003&rfr_id=ori:rid:crossref.org&rfr_dat=cr_pub%20%200pubmed,1,how-to-overcome-social-anxiety-nick-epley,How to Overcome Social Anxiety | Dr. Nick Epley,verified-bibliographic,"自动书目核验：10.1177/0956797617713798；《The Humanizing Voice: Speech Reveals, and Text Conceals, a More Thoughtful Mind in the Midst of Disagreement》；Psychological Science；2017。仅确认公开来源身份，不自动证明研究设计、疗效、安全性或与 Episode 主张匹配；研究类型与外推边界需人工核验。"
https://journals.sagepub.com/doi/10.1177/0956797619848351,1,science-and-health-benefits-of-belief-in-god-and-religion-dr-david-desteno,Science & Health Benefits of Belief in God & Religion | Dr. David DeSteno,verified-bibliographic,自动书目核验：10.1177/0956797619848351；《The Grateful Don’t Cheat: Gratitude as a Fount of Virtue》；Psychological Science；2019。仅确认公开来源身份，不自动证明研究设计、疗效、安全性或与 Episode 主张匹配；研究类型与外推边界需人工核验。
https://journals.sagepub.com/doi/10.1177/0956797619895286?url_ver=Z39.88-2003&rfr_id=ori:rid:crossref.org&rfr_dat=cr_pub%20%200pubmed,1,science-and-health-benefits-of-belief-in-god-and-religion-dr-david-desteno,Science & Health Benefits of Belief in God & Religion | Dr. David DeSteno,verified-bibliographic,自动书目核验：10.1177/0956797619895286；《Conflict Changes How People View God》；Psychological Science；2020。仅确认公开来源身份，不自动证明研究设计、疗效、安全性或与 Episode 主张匹配；研究类型与外推边界需人工核验。
https://journals.sagepub.com/doi/10.1177/09567976211028984,1,dr-adam-grant-how-to-unlock-your-potential-motivation-unique-abilities,"Dr. Adam Grant: How to Unlock Your Potential, Motivation & Unique Abilities",verified-bibliographic,自动书目核验：10.1177/09567976211028984；《Teacher Mindsets Help Explain Where a Growth-Mindset Intervention Does and Doesn’t Work》；Psychological Science；2021。仅确认公开来源身份，不自动证明研究设计、疗效、安全性或与 Episode 主张匹配；研究类型与外推边界需人工核验。
https://journals.sagepub.com/doi/10.1177/0963721413492764,1,dr-jamil-zaki-how-to-cultivate-a-positive-growth-oriented-mindset,"Dr. Jamil Zaki: How to Cultivate a Positive, Growth-Oriented Mindset",verified-bibliographic,自动书目核验：10.1177/0963721413492764；《Intuitive Prosociality》；Current Directions in Psychological Science；2013。仅确认公开来源身份，不自动证明研究设计、疗效、安全性或与 Episode 主张匹配；研究类型与外推边界需人工核验。
https://journals.sagepub.com/doi/10.1177/1087054708323000,1,how-nature-other-physical-environments-impact-your-focus-cognition-health-marc-berman,"How Nature & Other Physical Environments Impact Your Focus, Cognition & Health | Dr. Marc Berman",verified-study,PubMed 摘要已核对：17 名 7–12 岁、专业诊断 ADHD 儿童以随机顺序分别完成公园、市中心和社区环境的 20 分钟引导步行，步行后倒背数字广度在公园条件较高。单盲、样本极小、单一即时认知任务，且未与药物头对头比较；不能替代 ADHD 诊断、药物或循证行为治疗。
https://journals.sagepub.com/doi/10.1177/1088868311411165?url_ver=Z39.88-2003&rfr_id=ori:rid:crossref.org&rfr_dat=cr_pub%20%200pubmed,1,master-self-control-overcome-procrastination-kentaro-fujita,Master Self Control & Overcome Procrastination | Dr. Kentaro Fujita,verified-bibliographic,自动书目核验：10.1177/1088868311411165；《On Conceptualizing Self-Control as More Than the Effortful Inhibition of Impulses》；Personality and Social Psychology Review；2011。仅确认公开来源身份，不自动证明研究设计、疗效、安全性或与 Episode 主张匹配；研究类型与外推边界需人工核验。
https://journals.sagepub.com/doi/10.1177/1090198115598985,1,dr-bonnie-halpern-felsher-vaping-alcohol-use-other-risky-youth-behaviors,"Dr. Bonnie Halpern-Felsher: Vaping, Alcohol Use & Other Risky Youth Behaviors",verified-bibliographic,自动书目核验：10.1177/1090198115598985；《Adolescent (Mis)Perceptions About Nicotine Addiction》；Health Education &amp; Behavior；2015。仅确认公开来源身份，不自动证明研究设计、疗效、安全性或与 Episode 主张匹配；研究类型与外推边界需人工核验。
https://journals.sagepub.com/doi/10.1177/1529100612436522?url_ver=Z39.88-2003&rfr_id=ori:rid:crossref.org&rfr_dat=cr_pub%20%200pubmed,1,science-of-attraction-compatibility-and-romance-dr-paul-eastwick,"Science of Attraction, Compatibility & Romance | Dr. Paul Eastwick",verified-bibliographic,自动书目核验：10.1177/1529100612436522；《Online Dating》；Psychological Science in the Public Interest；2012。仅确认公开来源身份，不自动证明研究设计、疗效、安全性或与 Episode 主张匹配；研究类型与外推边界需人工核验。
https://journals.sagepub.com/doi/10.1177/1529100619832930?url_ver=Z39.88-2003&rfr_id=ori:rid:crossref.org&rfr_dat=cr_pub%20%200pubmed,1,neuroscience-of-emotions-and-tools-for-improving-emotion-regulation-ralph-adolphs,Neuroscience of Emotions & Tools for Improving Emotion Regulation | Dr. Ralph Adolphs,verified-bibliographic,自动书目核验：10.1177/1529100619832930；《Emotional Expressions Reconsidered: Challenges to Inferring Emotion From Human Facial Movements》；Psychological Science in the Public Interest；2019。仅确认公开来源身份，不自动证明研究设计、疗效、安全性或与 Episode 主张匹配；研究类型与外推边界需人工核验。
https://journals.sagepub.com/doi/10.1177/15579883211008339?url_ver=Z39.88-2003&rfr_id=ori:rid:crossref.org&rfr_dat=cr_pub%20%200pubmed,1,how-to-control-your-metabolism-by-thyroid-and-growth-hormone,How to Control Your Metabolism by Thyroid & Growth Hormone,verified-study,30 名年轻男性、4 次桑拿、每次 1 分钟冷水；不支持激素优化或人人适用的冷热协议（证据台账回链；来源题名与 Episode 主题仍需分别解读。）
https://journals.sagepub.com/doi/10.1177/17456916221094856?url_ver=Z39.88-2003&rfr_id=ori:rid:crossref.org&rfr_dat=cr_pub%20%200pubmed,1,cultivating-awe-and-emotional-connection-dr-dacher-keltner,Cultivating Awe & Emotional Connection in Daily Life | Dr. Dacher Keltner,verified-bibliographic,自动书目核验：10.1177/17456916221094856；《Awe as a Pathway to Mental and Physical Health》；Perspectives on Psychological Science；2022。仅确认公开来源身份，不自动证明研究设计、疗效、安全性或与 Episode 主张匹配；研究类型与外推边界需人工核验。
https://journals.sagepub.com/doi/10.1177/1948550616644657,1,dr-david-yeager-how-to-master-growth-mindset-to-improve-performance,Dr. David Yeager: How to Master Growth Mindset to Improve Performance,verified-bibliographic,自动书目核验：10.1177/1948550616644657；《Evaluating the Domain Specificity of Mental Health–Related Mind-Sets》；Social Psychological and Personality Science；2016。仅确认公开来源身份，不自动证明研究设计、疗效、安全性或与 Episode 主张匹配；研究类型与外推边界需人工核验。
https://journals.sagepub.com/doi/10.2307/2667031,1,dr-adam-grant-how-to-unlock-your-potential-motivation-unique-abilities,"Dr. Adam Grant: How to Unlock Your Potential, Motivation & Unique Abilities",verified-bibliographic,自动书目核验：10.2307/2667031；《The Time Famine: Toward a Sociology of Work Time》；Administrative Science Quarterly；1999。仅确认公开来源身份，不自动证明研究设计、疗效、安全性或与 Episode 主张匹配；研究类型与外推边界需人工核验。
https://journals.sagepub.com/doi/10.2466/pms.1995.80.3c.1147?url_ver=Z39.88-2003&rfr_id=ori%3Arid%3Acrossref.org&rfr_dat=cr_pub++0pubmed&,1,the-science-of-hearing-balance-and-accelerated-learning,"The Science of Hearing, Balance & Accelerated Learning",verified-bibliographic,自动书目核验：10.2466/pms.1995.80.3c.1147；《Asymmetries in Ear Movements and Eyebrow Raising in Men and Women and Right- and Left-Handers》；Perceptual and Motor Skills；1995。仅确认公开来源身份，不自动证明研究设计、疗效、安全性或与 Episode 主张匹配；研究类型与外推边界需人工核验。
https://journals.sagepub.com/doi/10.3233/JAD-150538?url_ver=Z39.88-2003&rfr_id=ori:rid:crossref.org&rfr_dat=cr_pub%20%200pubmed,1,essentials-breathing-mental-physical-health-performance-jack-feldman,Essentials: Breathing for Mental & Physical Health & Performance | Dr. Jack Feldman,verified-bibliographic,"自动书目核验：10.3233/JAD-150538；《Efficacy and Safety of MMFS-01, a Synapse Density Enhancer, for Treating Cognitive Impairment in Older Adults: A Randomized, Double-Blind, Placebo-Controlled Trial》；Journal of Alzheimer’s Disease；2015。仅确认公开来源身份，不自动证明研究设计、疗效、安全性或与 Episode 主张匹配；研究类型与外推边界需人工核验。"
https://journals.sagepub.com/doi/10.3233/JAD-181148?url_ver=Z39.88-2003&rfr_id=ori:rid:crossref.org&rfr_dat=cr_pub%20%200pubmed,1,accelerate-learning-and-increase-cognitive-capacity-tommy-wood,Accelerate Learning & Increase Cognitive Capacity | Dr. Tommy Wood,verified-bibliographic,自动书目核验：10.3233/JAD-181148；《Homocysteine Status Modifies the Treatment Effect of Omega-3 Fatty Acids on Cognition in a Randomized Clinical Trial in Mild to Moderate Alzheimer’s Disease: The OmegAD Study》；Journal of Alzheimer's Disease；2019。仅确认公开来源身份，不自动证明研究设计、疗效、安全性或与 Episode 主张匹配；研究类型与外推边界需人工核验。
https://journals.sagepub.com/doi/10.3233/NHA-170036,1,essentials-effects-of-fasting-and-time-restricted-eating-on-fat-loss-and-health,Essentials: Effects of Fasting & Time Restricted Eating on Fat Loss & Health,verified-study,PubMed/PMC 摘要已核对：23 名肥胖成人进行 12 周、10:00–18:00 自由进食的 8 小时限时进食，并与 23 名匹配历史对照比较；体重、能量摄入和收缩压下降，多个脂质、血糖、胰岛素和体成分指标无显著组间变化。非随机、历史对照且样本小，不能区分进食窗口与热量减少，也不能推出全民减重或代谢处方。
https://journals.sagepub.com/doi/abs/10.1080/17470218.2014.1002798,1,how-to-improve-your-memory-and-cognitive-function-at-any-age-alan-castel,How to Improve Your Memory & Cognitive Function at Any Age | Dr. Alan Castel,verified-bibliographic,"自动书目核验：10.1080/17470218.2014.1002798；《Rapid Communication: The Apple of the mind's eye: Everyday attention, metamemory, and reconstructive memory for the Apple logo》；Quarterly Journal of Experimental Psychology；2015。仅确认公开来源身份，不自动证明研究设计、疗效、安全性或与 Episode 主张匹配；研究类型与外推边界需人工核验。"
https://journals.sagepub.com/doi/abs/10.1111/j.1467-8721.2007.00533.x,1,dr-cal-newport-how-to-enhance-focus-and-improve-productivity,Dr. Cal Newport: How to Enhance Focus and Improve Productivity,verified-bibliographic,自动书目核验：10.1111/j.1467-8721.2007.00533.x；《Capturing the Naturally Occurring Superior Performance of Experts in the Laboratory》；Current Directions in Psychological Science；2007。仅确认公开来源身份，不自动证明研究设计、疗效、安全性或与 Episode 主张匹配；研究类型与外推边界需人工核验。
https://journals.sagepub.com/doi/abs/10.1111/j.1467-9280.2007.01867.x?journalCode=pssa,1,how-placebo-effects-work-to-change-our-biology-psychology,How Placebo Effects Work to Change Our Biology & Psychology,verified-study,84 名女性客房清洁员；研究支持待检验的 mindset/placebo 假说，不证明信念可替代运动、医疗或疾病治疗（证据台账回链；来源题名与 Episode 主题仍需分别解读。）
https://journals.sagepub.com/doi/abs/10.1111/j.1467-9280.2007.01916.x,1,a-science-supported-journaling-protocol-to-improve-mental-physical-health,A Science-Supported Journaling Protocol to Improve Mental & Physical Health,verified-bibliographic,自动书目核验：10.1111/j.1467-9280.2007.01916.x；《Putting Feelings Into Words》；Psychological Science；2007。仅确认公开来源身份，不自动证明研究设计、疗效、安全性或与 Episode 主张匹配；研究类型与外推边界需人工核验。
https://journals.sagepub.com/doi/abs/10.1177/0956797613504438,1,how-to-improve-your-memory-and-cognitive-function-at-any-age-alan-castel,How to Improve Your Memory & Cognitive Function at Any Age | Dr. Alan Castel,verified-bibliographic,自动书目核验：10.1177/0956797613504438；《Point-and-Shoot Memories》；Psychological Science；2013。仅确认公开来源身份，不自动证明研究设计、疗效、安全性或与 Episode 主张匹配；研究类型与外推边界需人工核验。
https://journals.sagepub.com/doi/abs/10.1177/0956797614524581,1,master-self-control-overcome-procrastination-kentaro-fujita,Master Self Control & Overcome Procrastination | Dr. Kentaro Fujita,verified-study,PubMed 与期刊资料已核对：原论文三项课堂式实验报告笔记本电脑记录更逐字、概念题表现低于手写，并提出加工深度机制；2018 年有统计勘误。2021 年预注册直接复制及 8 项小型荟萃（DOI: 10.1177/0956797620965541）未支持手写通过编码优势改善即时学习；不能把原研究写成所有人、所有任务都应禁用键盘。
https://journals.sagepub.com/doi/abs/10.1177/09567976221098594,1,dr-jamil-zaki-how-to-cultivate-a-positive-growth-oriented-mindset,"Dr. Jamil Zaki: How to Cultivate a Positive, Growth-Oriented Mindset",verified-bibliographic,自动书目核验：10.1177/09567976221098594；《Belief in the Utility of Cross-Partisan Empathy Reduces Partisan Animosity and Facilitates Political Persuasion》；Psychological Science；2022。仅确认公开来源身份，不自动证明研究设计、疗效、安全性或与 Episode 主张匹配；研究类型与外推边界需人工核验。
https://journals.sagepub.com/doi/abs/10.1177/0963721418790549,1,master-self-control-overcome-procrastination-kentaro-fujita,Master Self Control & Overcome Procrastination | Dr. Kentaro Fujita,verified-bibliographic,自动书目核验：10.1177/0963721418790549；《New Directions in Self-Regulation: The Role of Metamotivational Beliefs》；Current Directions in Psychological Science；2018。仅确认公开来源身份，不自动证明研究设计、疗效、安全性或与 Episode 主张匹配；研究类型与外推边界需人工核验。
https://journals.sagepub.com/doi/full/10.1177/0146167218783195,1,dr-jamil-zaki-how-to-cultivate-a-positive-growth-oriented-mindset,"Dr. Jamil Zaki: How to Cultivate a Positive, Growth-Oriented Mindset",verified-bibliographic,自动书目核验：10.1177/0146167218783195；《The Cynical Genius Illusion: Exploring and Debunking Lay Beliefs About Cynicism and Competence》；Personality and Social Psychology Bulletin；2018。仅确认公开来源身份，不自动证明研究设计、疗效、安全性或与 Episode 主张匹配；研究类型与外推边界需人工核验。
https://journals.sagepub.com/doi/full/10.1177/02601060221083079?rfr_dat=cr_pub++0pubmed&url_ver=Z39.88-2003&rfr_id=ori%3Arid%3Acrossref.org,1,how-to-control-your-cortisol-overcome-burnout,How to Control Your Cortisol & Overcome Burnout,verified-review,PubMed/PMC 已核对：系统综述与荟萃纳入 27 项健康成年男性饮食干预、总计 309 人；短期低碳饮食与较高静息/运动后皮质醇相关，高蛋白（≥35%）低碳亚组总睾酮较低，长期静息皮质醇结果不一致。研究小且异质、仅男性并有分层分析，且论文有勘误；不能据此诊断激素问题或制定低碳/高蛋白比例。
https://journals.sagepub.com/doi/full/10.1177/0269881120959637,1,dr-robin-carhart-harris-the-science-of-psychedelics-for-mental-health,Dr. Robin Carhart-Harris: The Science of Psychedelics for Mental Health,verified-bibliographic,自动书目核验：10.1177/0269881120959637；《Pivotal mental states》；Journal of Psychopharmacology；2020。仅确认公开来源身份，不自动证明研究设计、疗效、安全性或与 Episode 主张匹配；研究类型与外推边界需人工核验。
https://journals.sagepub.com/doi/full/10.1177/0963721419835214,1,dr-ethan-kross-how-to-control-your-inner-voice-increase-your-resilience,Dr. Ethan Kross: How to Control Your Inner Voice & Increase Your Resilience,verified-bibliographic,"自动书目核验：10.1177/0963721419835214；《Visible and Invisible Social Support: How, Why, and When》；Current Directions in Psychological Science；2019。仅确认公开来源身份，不自动证明研究设计、疗效、安全性或与 Episode 主张匹配；研究类型与外推边界需人工核验。"
https://journals.sagepub.com/doi/full/10.1177/0963721419854100,1,how-nature-other-physical-environments-impact-your-focus-cognition-health-marc-berman,"How Nature & Other Physical Environments Impact Your Focus, Cognition & Health | Dr. Marc Berman",verified-bibliographic,自动书目核验：10.1177/0963721419854100；《Understanding Nature and Its Cognitive Benefits》；Current Directions in Psychological Science；2019。仅确认公开来源身份，不自动证明研究设计、疗效、安全性或与 Episode 主张匹配；研究类型与外推边界需人工核验。
https://journals.sagepub.com/doi/full/10.1177/1529100619832930,1,dr-lisa-feldman-barrett-how-to-understand-emotions,Dr. Lisa Feldman Barrett: How to Understand Emotions,verified-bibliographic,自动书目核验：10.1177/1529100619832930；《Emotional Expressions Reconsidered: Challenges to Inferring Emotion From Human Facial Movements》；Psychological Science in the Public Interest；2019。仅确认公开来源身份，不自动证明研究设计、疗效、安全性或与 Episode 主张匹配；研究类型与外推边界需人工核验。
https://journals.sagepub.com/doi/full/10.1177/1539449219876877,1,the-science-of-making-and-breaking-habits,The Science of Making & Breaking Habits,verified-bibliographic,自动书目核验：10.1177/1539449219876877；《Intervention to Modify Habits: A Scoping Review》；OTJR: Occupational Therapy Journal of Research；2019。仅确认公开来源身份，不自动证明研究设计、疗效、安全性或与 Episode 主张匹配；研究类型与外推边界需人工核验。
https://pmc.ncbi.nlm.nih.gov/articles/PMC10012551/pdf/12916_2023_Article_2772.pdf,1,accelerate-learning-and-increase-cognitive-capacity-tommy-wood,Accelerate Learning & Increase Cognitive Capacity | Dr. Tommy Wood,verified-observational,平均随访 9.1 年；观察性关联不能排除混杂和反向因果，也不能直接推出预防痴呆处方（证据台账回链；来源题名与 Episode 主题仍需分别解读。）
https://pmc.ncbi.nlm.nih.gov/articles/PMC10266726/pdf/sciadv.add4165.pdf,1,accelerate-learning-and-increase-cognitive-capacity-tommy-wood,Accelerate Learning & Increase Cognitive Capacity | Dr. Tommy Wood,verified-study,任务是复杂计算范式，药物为处方药且剂量较高；不能推出健康人自用“聪明药”或个体剂量建议（证据台账回链；来源题名与 Episode 主题仍需分别解读。）
https://pmc.ncbi.nlm.nih.gov/articles/PMC10522063/pdf/2359-4292-aem-61-06-0556.pdf,1,how-to-control-your-cortisol-overcome-burnout,How to Control Your Cortisol & Overcome Burnout,verified-study,结局是代理指标，样本和情境有限；不能据此制定葡萄柚、运动或皮质醇管理处方，并需考虑药物相互作用（证据台账回链；来源题名与 Episode 主题仍需分别解读。）
https://pmc.ncbi.nlm.nih.gov/articles/PMC10730403/pdf/42255_2023_Article_928.pdf,1,essentials-biology-slowing-reversing-aging-dr-david-sinclair,Essentials: The Biology of Slowing & Reversing Aging | Dr. David Sinclair,verified-study,研究并非人体补铁或抗衰干预试验，不能推出补剂、排毒或长寿方案；其队列链接的 Sinclair Episode 主题与论文并不完全相同（证据台账回链；来源题名与 Episode 主题仍需分别解读。）
https://pmc.ncbi.nlm.nih.gov/articles/PMC10769130/pdf/nihms-1943777.pdf,1,expand-consciousness-dr-christof-koch,How to Expand Your Consciousness | Dr. Christof Koch,verified-study,研究对象是拟手术的中重度抑郁症成人，给药发生在手术麻醉中；不能作为自行用药、一般神经可塑性或普通情绪改善建议，精神科用药需专业管理（证据台账回链；来源题名与 Episode 主题仍需分别解读。）
https://pmc.ncbi.nlm.nih.gov/articles/PMC10878970/pdf/41591_2023_Article_2705.pdf,1,how-to-overcome-addiction-to-substances-or-behaviors-keith-humphreys,How to Overcome Addiction to Substances or Behaviors | Dr. Keith Humphreys,verified-observational,无随机对照、样本为男性退伍军人且伴随综合干预；伊博加因存在严重心脏和精神科风险，不能作为自我治疗建议（证据台账回链；来源题名与 Episode 主题仍需分别解读。）
https://pmc.ncbi.nlm.nih.gov/articles/PMC11325015/pdf/CRID2024-6635130.pdf,1,how-to-improve-your-teeth-oral-microbiome-for-brain-body-health-dr-staci-whitman,How to Improve Your Teeth & Oral Microbiome for Brain & Body Health | Dr. Staci Whitman,verified-study,单病例不能证明普遍因果；尼古丁替代品仍需关注口腔卫生、依赖和适用禁忌，不能把“无糖”理解为无口腔风险（证据台账回链；来源题名与 Episode 主题仍需分别解读。）
https://pmc.ncbi.nlm.nih.gov/articles/PMC11377434/pdf/41467_2024_Article_51990.pdf,1,how-hormones-status-shape-our-values-decisions-dr-michael-platt,How Hormones & Status Shape Our Values & Decisions | Dr. Michael Platt,verified-study,研究对象为年轻成人的实验室对话；结果不等于普遍的关系治疗或社交技巧处方（证据台账回链；来源题名与 Episode 主题仍需分别解读。）
https://pmc.ncbi.nlm.nih.gov/articles/PMC11485228/pdf/41591_2024_Article_3201.pdf,1,accelerate-learning-and-increase-cognitive-capacity-tommy-wood,Accelerate Learning & Increase Cognitive Capacity | Dr. Tommy Wood,verified-observational,因果性未确立，机制仍不清楚；队列链接的学习 Episode 标题与论文错配，不支持学习协议或自行接种决策（证据台账回链；来源题名与 Episode 主题仍需分别解读。）
https://pmc.ncbi.nlm.nih.gov/articles/PMC11520464/pdf/nihms-2028894.pdf,1,transform-your-mental-health-with-diet-lifestyle-dr-chris-palmer,Transform Your Mental Health With Diet & Lifestyle | Dr. Chris Palmer,verified-study,这是罕见神经免疫病理研究，不支持用饮食或系统性 B12 补充治疗一般精神疾病；个体诊断和补充需医学评估（证据台账回链；来源题名与 Episode 主题仍需分别解读。）
https://pmc.ncbi.nlm.nih.gov/articles/PMC11801236/pdf/nihms-2043717.pdf,1,david-fajgenbaum-using-drugs-treat-diseases-brain-body,Using Existing Drugs in New Ways to Treat & Cure Diseases of Brain & Body | Dr. David Fajgenbaum,verified-study,当前只确认公开书目信息，不能从疾病特异性材料推导一般炎症、皮质醇或自行用药方案；相关患者应由专科管理（证据台账回链；来源题名与 Episode 主题仍需分别解读。）
https://pmc.ncbi.nlm.nih.gov/articles/PMC12010161/pdf/niaf007.pdf,1,expand-consciousness-dr-christof-koch,How to Expand Your Consciousness | Dr. Christof Koch,verified-observational,研究不是治疗试验，暴露、仪式环境和样本选择限制因果推断；不能支持自行使用致幻剂或替代精神科治疗（证据台账回链；来源题名与 Episode 主题仍需分别解读。）
https://pmc.ncbi.nlm.nih.gov/articles/PMC12058522/pdf/41586_2025_Article_8800.pdf,1,accelerate-learning-and-increase-cognitive-capacity-tommy-wood,Accelerate Learning & Increase Cognitive Capacity | Dr. Tommy Wood,verified-observational,研究使用卫生记录和年龄资格门槛，仍需考虑诊断识别、外推和疫苗类型差异；不能直接生成个人痴呆预防方案（证据台账回链；来源题名与 Episode 主题仍需分别解读。）
https://pmc.ncbi.nlm.nih.gov/articles/PMC12089086/pdf/TRC2-11-e70101.pdf,1,the-best-vitality-and-health-protocols-rhonda-patrick,The Best Vitality & Health Protocols | Dr. Rhonda Patrick,verified-study,无对照组且研究者明确指出不能作疗效结论；剂量来自研究方案，不是一般补剂建议，肾脏和药物情况需医学评估（证据台账回链；来源题名与 Episode 主题仍需分别解读。）
https://pmc.ncbi.nlm.nih.gov/articles/PMC12096939/pdf/ad-16-3-1732.pdf,1,accelerate-learning-and-increase-cognitive-capacity-tommy-wood,Accelerate Learning & Increase Cognitive Capacity | Dr. Tommy Wood,verified-study,194 人招募、151 人完成 6 个月干预；年龄、筛选、依从性和方案特异性限制推广，不能直接改写成人人适用的 HIIT 处方（证据台账回链；来源题名与 Episode 主题仍需分别解读。）
https://pmc.ncbi.nlm.nih.gov/articles/PMC12312704/pdf/nihms-2090826.pdf,1,improve-lymphatic-system-health-appearance,Improve Your Lymphatic System for Overall Health & Appearance,verified-review,综述不是淋巴排毒、抗癌或个人免疫治疗方案，癌症问题需正规肿瘤科评估（证据台账回链；来源题名与 Episode 主题仍需分别解读。）
https://pmc.ncbi.nlm.nih.gov/articles/PMC12528458/pdf/41598_2025_Article_19588.pdf,1,how-genes-shape-your-risk-taking-and-morals-kathryn-paige-harden,How Genes Shape Your Risk Taking & Morals | Dr. Kathryn Paige Harden,verified-observational,队列链接的 Episode 标题涉及风险承担/道德，但论文主题是青春期发育；不能据此进行个体基因、激素或道德标签判断（证据台账回链；来源题名与 Episode 主题仍需分别解读。）
https://pmc.ncbi.nlm.nih.gov/articles/PMC12614767/pdf/nihms-2113083.pdf,1,how-dopamine-serotonin-shape-decisions-motivation-and-learning-read-montague,"How Dopamine & Serotonin Shape Decisions, Motivation & Learning | Dr. Read Montague",verified-study,这是动物机制，不是人类多巴胺基线测量、动机障碍诊断或补剂协议（证据台账回链；来源题名与 Episode 主题仍需分别解读。）
https://pmc.ncbi.nlm.nih.gov/articles/PMC12795745/pdf/zsaf316.pdf,1,eating-for-better-sleep-and-foods-that-improve-metabolic-health-marie-pierre-st-onge,Eating for Better Sleep & Foods that Improve Metabolic Health | Dr. Marie-Pierre St-Onge,verified-observational,"93,676 名绝经后女性；饮食自报、观察设计和人群范围限制因果推断，作者明确仍需临床试验（证据台账回链；来源题名与 Episode 主题仍需分别解读。）"
https://pmc.ncbi.nlm.nih.gov/articles/PMC12863933/pdf/icns_22_10-12_11.pdf,1,unlearn-negative-thoughts-and-behaviors-patterns-alok-kanojia,Unlearn Negative Thoughts & Behaviors Patterns | Dr. Alok Kanojia,verified-study,病例不能证明 AI 单独致病，且存在多重混杂；出现妄想、躁动、严重失眠或停药复发应寻求精神科/急诊帮助，不能自行调整药物（证据台账回链；来源题名与 Episode 主题仍需分别解读。）
https://pmc.ncbi.nlm.nih.gov/articles/PMC12884427/pdf/TRC2-12-e70197.pdf,1,accelerate-learning-and-increase-cognitive-capacity-tommy-wood,Accelerate Learning & Increase Cognitive Capacity | Dr. Tommy Wood,verified-study,主要结局为账单算法诊断；booster 是随机后暴露，记忆/推理训练无主要效应；不能外推为一般脑训练或个人防痴呆保证（证据台账回链；来源题名与 Episode 主题仍需分别解读。）
https://pmc.ncbi.nlm.nih.gov/articles/PMC12971069/pdf/nihms-2147004.pdf,1,science-based-meditation-tools-to-improve-your-brain-and-health-richard-davidson,Science-Based Meditation Tools to Improve Your Brain & Health | Dr. Richard Davidson,verified-study,样本包括 26532 名应用用户和临床试验子样本；不能由关联推出活动式冥想优于坐姿，仍需直接随机比较（证据台账回链；来源题名与 Episode 主题仍需分别解读。）
https://pmc.ncbi.nlm.nih.gov/articles/PMC12974486/pdf/nihms-2139822.pdf,1,neuroscience-of-emotions-and-tools-for-improving-emotion-regulation-ralph-adolphs,Neuroscience of Emotions & Tools for Improving Emotion Regulation | Dr. Ralph Adolphs,verified-study,这是人格测量方法学，不是脑成像、神经机制或心理治疗证据；不同模型结果存在差异，不应把模型评分当作临床诊断（证据台账回链；来源题名与 Episode 主题仍需分别解读。）
https://pmc.ncbi.nlm.nih.gov/articles/PMC2192127/pdf/je1822459.pdf,1,how-your-immune-system-works-and-how-to-improve-it-max-krummel,How Your Immune System Works & How to Improve It | Dr. Max Krummel,verified-study,细胞机制不等于一般人群“增强免疫”；不能从该研究制定补剂、冷暴露或感染预防方案（证据台账回链；来源题名与 Episode 主题仍需分别解读。）
https://pmc.ncbi.nlm.nih.gov/articles/PMC2257922/pdf/nihms40260.pdf,1,how-to-control-your-cortisol-overcome-burnout,How to Control Your Cortisol & Overcome Burnout,verified-study,98 名健康成人、短期剂量/时段实验；不能推出普遍的延迟咖啡因规则或“治疗”倦怠（证据台账回链；来源题名与 Episode 主题仍需分别解读。）
https://pmc.ncbi.nlm.nih.gov/articles/PMC2362498/pdf/nihms44182.pdf,1,how-hormones-status-shape-our-values-decisions-dr-michael-platt,How Hormones & Status Shape Our Values & Decisions | Dr. Michael Platt,verified-study,结果针对特定动物任务和神经元记录，不等于人类社会价值、择偶或动机的诊断与行为规则（证据台账回链；来源题名与 Episode 主题仍需分别解读。）
https://pmc.ncbi.nlm.nih.gov/articles/PMC2493582/pdf/rspb20070368.pdf,1,how-hormones-status-shape-our-values-decisions-dr-michael-platt,How Hormones & Status Shape Our Values & Decisions | Dr. Michael Platt,verified-study,研究使用特定异性面孔与奖励任务，不能外推为普遍动机处方、性别本质论或关系判断规则；其队列链接的 Platt Episode 主题与论文不完全相同（证据台账回链；来源题名与 Episode 主题仍需分别解读。）
https://pmc.ncbi.nlm.nih.gov/articles/PMC2495396/pdf/postmedj00315-0056.pdf,1,improve-energy-longevity-by-optimizing-mitochondria-martin-picard,Improve Energy & Longevity by Optimizing Mitochondria | Dr. Martin Picard,verified-review,个案不能支持现代人长期禁食；电解质、营养、胆囊、药物与再进食风险需要医学监测，不能自行复制（证据台账回链；来源题名与 Episode 主题仍需分别解读。）
https://pmc.ncbi.nlm.nih.gov/articles/PMC2553561/pdf/nihms67599.pdf,1,healing-from-grief-loss-dr-mary-frances-oconnor,Healing From Grief & Loss | Dr. Mary-Frances O’Connor,verified-study,横断面、特定丧亲女性样本且不是治疗试验；不能推出哀伤自助、药物或神经刺激处方（证据台账回链；来源题名与 Episode 主题仍需分别解读。）
https://pmc.ncbi.nlm.nih.gov/articles/PMC2636868/pdf/ukmss-3669.pdf,1,science-and-tools-of-learning-and-memory-david-eagleman,Science & Tools of Learning & Memory | Dr. David Eagleman,verified-study,结果支持社会情境影响同理反应的机制线索，不等于人格诊断、关系治疗或普遍行为规则（证据台账回链；来源题名与 Episode 主题仍需分别解读。）
https://pmc.ncbi.nlm.nih.gov/articles/PMC2722716/pdf/nihms101307.pdf,1,essentials-biology-slowing-reversing-aging-dr-david-sinclair,Essentials: The Biology of Slowing & Reversing Aging | Dr. David Sinclair,verified-study,不等于人类长寿、禁食、补剂或“激活自噬”方案的临床效果（证据台账回链；来源题名与 Episode 主题仍需分别解读。）
https://pmc.ncbi.nlm.nih.gov/articles/PMC2793341/pdf/12199_2008_Article_68.pdf,1,how-to-enhance-your-immune-system-dr-roger-seheult,How to Enhance Your Immune System | Dr. Roger Seheult,verified-review,暴露包含多日森林旅行、环境与活动等复合因素，结局多为免疫代理指标；不能推出固定森林浴剂量、感染预防或癌症治疗效果（证据台账回链；来源题名与 Episode 主题仍需分别解读。）
https://pmc.ncbi.nlm.nih.gov/articles/PMC2851224/pdf/nihms136250.pdf,1,essentials-how-hormones-shape-sexual-development,Essentials: How Hormones Shape Sexual Development,verified-study,不能外推为人类性别差异、性行为或攻击行为解释，也不能支持睾酮优化、激素治疗或补剂建议（证据台账回链；来源题名与 Episode 主题仍需分别解读。）
https://pmc.ncbi.nlm.nih.gov/articles/PMC2884327/,1,essentials-biology-slowing-reversing-aging-dr-david-sinclair,Essentials: The Biology of Slowing & Reversing Aging | Dr. David Sinclair,verified-review,文章不是现代人类长寿或限时进食随机试验；不能把动物研究史改写为热量限制、断食或补剂处方（证据台账回链；来源题名与 Episode 主题仍需分别解读。）
https://pmc.ncbi.nlm.nih.gov/articles/PMC2916176/pdf/nihms24855.pdf,1,accelerate-learning-and-increase-cognitive-capacity-tommy-wood,Accelerate Learning & Increase Cognitive Capacity | Dr. Tommy Wood,verified-study,训练内容和老年样本高度特定；日常功能、迁移与长期效果需按原始结局区分，不能推出全民脑力训练或认知障碍治疗处方（证据台账回链；来源题名与 Episode 主题仍需分别解读。）
https://pmc.ncbi.nlm.nih.gov/articles/PMC2921999/pdf/nihms209854.pdf,1,enhance-learning-speed-neuroscience-poppy-crum,Enhance Your Learning Speed & Health Using Neuroscience Based Protocols | Dr. Poppy Crum,verified-study,结果针对特定视觉任务与训练条件，不能改写成护眼、矫正屈光、治疗视力疾病或普遍专注方案；其队列链接的 Crum Episode 主题与论文并不相同（证据台账回链；来源题名与 Episode 主题仍需分别解读。）
https://pmc.ncbi.nlm.nih.gov/articles/PMC3041102/pdf/pnas.201010076.pdf,1,science-based-meditation-tools-to-improve-your-brain-and-health-richard-davidson,Science-Based Meditation Tools to Improve Your Brain & Health | Dr. Richard Davidson,verified-observational,研究支持预测关联与公共政策假说，不证明某个自控训练协议的因果效果；其队列链接的 Davidson Episode 主题与论文并不相同（证据台账回链；来源题名与 Episode 主题仍需分别解读。）
https://pmc.ncbi.nlm.nih.gov/articles/PMC3041121/pdf/pnas.201015950.pdf,1,accelerate-learning-and-increase-cognitive-capacity-tommy-wood,Accelerate Learning & Increase Cognitive Capacity | Dr. Tommy Wood,verified-study,具体人群、运动方案和空间记忆结局；不等于所有运动方案都能产生同样结构或临床效果，也不等于预防痴呆（证据台账回链；来源题名与 Episode 主题仍需分别解读。）
https://pmc.ncbi.nlm.nih.gov/articles/PMC3046863/pdf/nihms272745.pdf,1,how-to-enhance-your-immune-system-dr-roger-seheult,How to Enhance Your Immune System | Dr. Roger Seheult,verified-bibliographic,"自动书目核验：PMC3046863；《Forgiveness by God, Forgiveness of Others, and Psychological Well-Being in Late Life.》；期刊未返回；2003。仅确认公开来源身份，不自动证明研究设计、疗效、安全性或与 Episode 主张匹配；研究类型与外推边界需人工核验。"
https://pmc.ncbi.nlm.nih.gov/articles/PMC3060589/,1,your-top-health-questions-answered,Your Top Health Questions Answered,pending,
https://pmc.ncbi.nlm.nih.gov/articles/PMC3092750/pdf/pone.0018973.pdf,1,dr-shanna-swan-how-to-safeguard-your-hormone-health-fertility,Dr. Shanna Swan: How to Safeguard Your Hormone Health & Fertility,verified-observational,选择与测量限制、横断面设计和混杂因素限制因果；AGD 不能作为个人生育力、胎儿暴露或激素状态的自测诊断（证据台账回链；来源题名与 Episode 主题仍需分别解读。）
https://pmc.ncbi.nlm.nih.gov/articles/PMC3096846/pdf/nihms287157.pdf,1,how-hormones-status-shape-our-values-decisions-dr-michael-platt,How Hormones & Status Shape Our Values & Decisions | Dr. Michael Platt,verified-study,这是动物机制证据，不等于人类多巴胺基线测量、动机障碍诊断或行为处方；其队列链接的 Platt Episode 主题与论文并不相同（证据台账回链；来源题名与 Episode 主题仍需分别解读。）
https://pmc.ncbi.nlm.nih.gov/articles/PMC3111448/pdf/nihms286132.pdf,1,how-to-improve-motivation-and-overcome-procrastination-masud-husain,How to Improve Motivation & Overcome Procrastination | Dr. Masud Husain,verified-review,Europe PMC/PubMed 摘要已核对：综述动物、健康人和帕金森病研究，提出多巴胺对工作记忆/认知控制可能呈倒 U 型，且效应依赖基线与任务。不是测量个人“多巴胺基线”或提高多巴胺的干预试验，不能推出补剂、药物或统一优化剂量。
https://pmc.ncbi.nlm.nih.gov/articles/PMC3114603/pdf/nihms296136.pdf,1,how-genes-shape-your-risk-taking-and-morals-kathryn-paige-harden,How Genes Shape Your Risk Taking & Morals | Dr. Kathryn Paige Harden,verified-bibliographic,"自动书目核验：PMC3114603；《Development's tortoise and hare: pubertal timing, pubertal tempo, and depressive symptoms in boys and girls.》；期刊未返回；2010。仅确认公开来源身份，不自动证明研究设计、疗效、安全性或与 Episode 主张匹配；研究类型与外推边界需人工核验。"
https://pmc.ncbi.nlm.nih.gov/articles/PMC3153425/pdf/nihms314657.pdf,1,master-self-control-overcome-procrastination-kentaro-fujita,Master Self Control & Overcome Procrastination | Dr. Kentaro Fujita,verified-study,六项实验主要使用学生样本，测试延迟奖励偏好、握力耐力、自控意图和诱惑评价；支持认知框架假说，不等于保证解决拖延或替代临床治疗（证据台账回链；来源题名与 Episode 主题仍需分别解读。）
https://pmc.ncbi.nlm.nih.gov/articles/PMC3170097/pdf/nihms313001.pdf,1,restore-youthfulness-and-vitality-to-the-aging-brain-and-body-tony-wyss-coray,Restore Youthfulness & Vitality to the Aging Brain & Body | Dr. Tony Wyss-Coray,verified-study,Europe PMC 与全文已核对：异龄并体、老年小鼠血浆和 CCL11 注射实验显示老年系统环境可抑制年轻小鼠神经发生、突触可塑性和部分学习记忆；人体部分主要是 CCL11 随年龄的关联。动物机制不能外推为年轻血浆、换血或人体抗衰治疗。
https://pmc.ncbi.nlm.nih.gov/articles/PMC3310309/pdf/znl950.pdf,1,accelerate-learning-and-increase-cognitive-capacity-tommy-wood,Accelerate Learning & Increase Cognitive Capacity | Dr. Tommy Wood,verified-observational,Europe PMC 与全文已核对：1870 名社区老年人、最长 12 年纵向队列，住院后总体认知下降速率较住院前加快约 2.4 倍。住院、疾病严重度、谵妄和既有脆弱性难完全分离，3 年测量间隔也限制短期轨迹；不能说住院本身必然造成认知衰退。
https://pmc.ncbi.nlm.nih.gov/articles/PMC3466797/pdf/aasm.35.11.1503.pdf,1,eating-for-better-sleep-and-foods-that-improve-metabolic-health-marie-pierre-st-onge,Eating for Better Sleep & Foods that Improve Metabolic Health | Dr. Marie-Pierre St-Onge,verified-study,27 名健康、正常体重成人；4 小时与 9 小时在床、短期且受控；不能直接替代长期睡眠或营养管理建议（证据台账回链；来源题名与 Episode 主题仍需分别解读。）
https://pmc.ncbi.nlm.nih.gov/articles/PMC3496783/pdf/nihms-43670.pdf,1,eating-for-better-sleep-and-foods-that-improve-metabolic-health-marie-pierre-st-onge,Eating for Better Sleep & Foods that Improve Metabolic Health | Dr. Marie-Pierre St-Onge,verified-observational,Europe PMC 摘要已核对：Nurses' Health Study 中 68183 名女性自报睡眠并随访 16 年，较短睡眠与更多体重增加及肥胖风险相关。睡眠为自报、设计为观察性，残余混杂与反向因果不能排除；不能据此预测个人体重或给出固定睡眠减重处方。
https://pmc.ncbi.nlm.nih.gov/articles/PMC3573577/pdf/IJPsyM-34-255.pdf,1,how-to-control-your-cortisol-overcome-burnout,How to Control Your Cortisol & Overcome Burnout,verified-study,Europe PMC/PubMed 已核对：单中心、双盲、随机安慰剂对照，64 名有慢性压力史成人使用特定高浓度南非醉茄根提取物 60 天，评估问卷与血清皮质醇。样本小、制剂与入选人群特定、随访短，不能推广为通用抗焦虑/降皮质醇方案；补剂质量、妊娠、甲状腺、肝脏和药物相互作用需专业评估。
https://pmc.ncbi.nlm.nih.gov/articles/PMC3670991/pdf/nihms-51959.pdf,1,health-effects-and-risks-of-kratom-opioids-and-other-natural-occurring-medicines-dr-chris-mccurdy,"Health Effects & Risks of Kratom, Opioids & Other Natural Occurring Medicines | Dr. Chris McCurdy",verified-bibliographic,自动书目核验：PMC3670991；《Self-treatment of opioid withdrawal using kratom (Mitragynia speciosa korth).》；期刊未返回；2008。仅确认公开来源身份，不自动证明研究设计、疗效、安全性或与 Episode 主张匹配；研究类型与外推边界需人工核验。
https://pmc.ncbi.nlm.nih.gov/articles/PMC3677212/pdf/nihms478595.pdf,1,eating-for-better-sleep-and-foods-that-improve-metabolic-health-marie-pierre-st-onge,Eating for Better Sleep & Foods that Improve Metabolic Health | Dr. Marie-Pierre St-Onge,verified-bibliographic,自动书目核验：PMC3677212；《A weight-loss diet including coffee-derived mannooligosaccharides enhances adipose tissue loss in overweight men but not women.》；期刊未返回；2012。仅确认公开来源身份，不自动证明研究设计、疗效、安全性或与 Episode 主张匹配；研究类型与外推边界需人工核验。
https://pmc.ncbi.nlm.nih.gov/articles/PMC3730121/pdf/nihms-404288.pdf,1,master-self-control-overcome-procrastination-kentaro-fujita,Master Self Control & Overcome Procrastination | Dr. Kentaro Fujita,verified-study,Europe PMC 摘要已核对：28 名平均约 4.5 岁儿童在实验者先表现可靠或不可靠后完成棉花糖任务，可靠条件等待更久。小样本实验支持等待行为也反映环境可信度，不只是稳定自控特质；不能据一次任务预测人生结果。
https://pmc.ncbi.nlm.nih.gov/articles/PMC3739474/pdf/nihms-433137.pdf,1,neuroscience-of-emotions-and-tools-for-improving-emotion-regulation-ralph-adolphs,Neuroscience of Emotions & Tools for Improving Emotion Regulation | Dr. Ralph Adolphs,verified-bibliographic,自动书目核验：PMC3739474；《Fear and panic in humans with bilateral amygdala damage.》；期刊未返回；2013。仅确认公开来源身份，不自动证明研究设计、疗效、安全性或与 Episode 主张匹配；研究类型与外推边界需人工核验。
https://pmc.ncbi.nlm.nih.gov/articles/PMC3756673/pdf/nihms478595.pdf,1,eating-for-better-sleep-and-foods-that-improve-metabolic-health-marie-pierre-st-onge,Eating for Better Sleep & Foods that Improve Metabolic Health | Dr. Marie-Pierre St-Onge,verified-bibliographic,自动书目核验：PMC3756673；《Timing of food intake predicts weight loss effectiveness.》；期刊未返回；2013。仅确认公开来源身份，不自动证明研究设计、疗效、安全性或与 Episode 主张匹配；研究类型与外推边界需人工核验。
https://pmc.ncbi.nlm.nih.gov/articles/PMC3886980/,1,your-top-health-questions-answered,Your Top Health Questions Answered,verified-bibliographic,自动书目核验：PMC3886980；《No evidence of dehydration with moderate daily coffee intake: a counterbalanced cross-over study in a free-living population.》；期刊未返回；2014。仅确认公开来源身份，不自动证明研究设计、疗效、安全性或与 Episode 主张匹配；研究类型与外推边界需人工核验。
https://pmc.ncbi.nlm.nih.gov/articles/PMC3888964/pdf/nihms395921.pdf,1,how-to-overcome-addiction-to-substances-or-behaviors-keith-humphreys,How to Overcome Addiction to Substances or Behaviors | Dr. Keith Humphreys,verified-bibliographic,自动书目核验：PMC3888964；《Pressure to Reduce Drinking and Reasons for Seeking Treatment.》；期刊未返回；2012。仅确认公开来源身份，不自动证明研究设计、疗效、安全性或与 Episode 主张匹配；研究类型与外推边界需人工核验。
https://pmc.ncbi.nlm.nih.gov/articles/PMC4020342/pdf/nihms570145.pdf,1,how-to-overcome-social-anxiety-nick-epley,How to Overcome Social Anxiety | Dr. Nick Epley,verified-bibliographic,自动书目核验：PMC4020342；《Social Cognition Unbound: Insights Into Anthropomorphism and Dehumanization.》；期刊未返回；2010。仅确认公开来源身份，不自动证明研究设计、疗效、安全性或与 Episode 主张匹配；研究类型与外推边界需人工核验。
https://pmc.ncbi.nlm.nih.gov/articles/PMC4098836/pdf/nihms569699.pdf,1,essentials-the-biology-of-aggression-mating-and-arousal-david-anderson,"Essentials: The Biology of Aggression, Mating & Arousal | Dr. David Anderson",verified-bibliographic,自动书目核验：PMC4098836；《Scalable control of mounting and attack by Esr1+ neurons in the ventromedial hypothalamus.》；期刊未返回；2014。仅确认公开来源身份，不自动证明研究设计、疗效、安全性或与 Episode 主张匹配；研究类型与外推边界需人工核验。
https://pmc.ncbi.nlm.nih.gov/articles/PMC4125483/pdf/nihms-603419.pdf,1,the-best-vitality-and-health-protocols-rhonda-patrick,The Best Vitality & Health Protocols | Dr. Rhonda Patrick,verified-bibliographic,自动书目核验：PMC4125483；《Rapid and sustainable detoxication of airborne pollutants by broccoli sprout beverage: results of a randomized clinical trial in China.》；期刊未返回；2014。仅确认公开来源身份，不自动证明研究设计、疗效、安全性或与 Episode 主张匹配；研究类型与外推边界需人工核验。
https://pmc.ncbi.nlm.nih.gov/articles/PMC4310318/,1,neuroscience-of-emotions-and-tools-for-improving-emotion-regulation-ralph-adolphs,Neuroscience of Emotions & Tools for Improving Emotion Regulation | Dr. Ralph Adolphs,verified-bibliographic,自动书目核验：PMC4310318；《Are owners' reports of their dogs' 'guilty look' influenced by the dogs' action and evidence of the misdeed?》；期刊未返回；2015。仅确认公开来源身份，不自动证明研究设计、疗效、安全性或与 Episode 主张匹配；研究类型与外推边界需人工核验。
https://pmc.ncbi.nlm.nih.gov/articles/PMC4390279/pdf/pcbi.1004066.pdf,1,neuroscience-of-emotions-and-tools-for-improving-emotion-regulation-ralph-adolphs,Neuroscience of Emotions & Tools for Improving Emotion Regulation | Dr. Ralph Adolphs,verified-bibliographic,自动书目核验：PMC4390279；《A Bayesian model of category-specific emotional brain responses.》；期刊未返回；2015。仅确认公开来源身份，不自动证明研究设计、疗效、安全性或与 Episode 主张匹配；研究类型与外推边界需人工核验。
https://pmc.ncbi.nlm.nih.gov/articles/PMC4416404/pdf/nihms677144.pdf,1,avoiding-treating-and-curing-cancer-with-the-immune-system-alex-marson,"Avoiding, Treating & Curing Cancer With the Immune System | Dr. Alex Marson",verified-bibliographic,自动书目核验：PMC4416404；《Randomized trial of peanut consumption in infants at risk for peanut allergy.》；期刊未返回；2015。仅确认公开来源身份，不自动证明研究设计、疗效、安全性或与 Episode 主张匹配；研究类型与外推边界需人工核验。
https://pmc.ncbi.nlm.nih.gov/articles/PMC4485612/pdf/nihms701720.pdf,1,science-based-meditation-tools-to-improve-your-brain-and-health-richard-davidson,Science-Based Meditation Tools to Improve Your Brain & Health | Dr. Richard Davidson,verified-study,Europe PMC 摘要已核对：68 名学龄前儿童随机接受 12 周正念友善课程或对照，社会能力、部分成绩、自我调节和亲社会行为指标出现小到中等组间优势。样本小、学校与课程特定，多个结局和短期随访限制外推；不是儿童临床治疗或保证长期成绩的证据。
https://pmc.ncbi.nlm.nih.gov/articles/PMC4892919/pdf/ehp.1509760.pdf,1,how-women-can-improve-their-fertility-and-hormone-health-natalie-crawford,How Women Can Improve Their Fertility & Hormone Health | Dr. Natalie Crawford,verified-bibliographic,自动书目核验：PMC4892919；《Urinary Phthalate Metabolite Concentrations and Reproductive Outcomes among Women Undergoing in Vitro Fertilization: Results from the EARTH Study.》；期刊未返回；2016。仅确认公开来源身份，不自动证明研究设计、疗效、安全性或与 Episode 主张匹配；研究类型与外推边界需人工核验。
https://pmc.ncbi.nlm.nih.gov/articles/PMC4961620/pdf/nihms793134.pdf,1,how-your-immune-system-works-and-how-to-improve-it-max-krummel,How Your Immune System Works & How to Improve It | Dr. Max Krummel,verified-bibliographic,自动书目核验：PMC4961620；《Unexpected role of interferon-γ in regulating neuronal connectivity and social behaviour.》；期刊未返回；2016。仅确认公开来源身份，不自动证明研究设计、疗效、安全性或与 Episode 主张匹配；研究类型与外推边界需人工核验。
https://pmc.ncbi.nlm.nih.gov/articles/PMC5234071/pdf/ncomms13995.pdf,1,neuroscience-of-emotions-and-tools-for-improving-emotion-regulation-ralph-adolphs,Neuroscience of Emotions & Tools for Improving Emotion Regulation | Dr. Ralph Adolphs,verified-bibliographic,自动书目核验：PMC5234071；《Organization of high-level visual cortex in human infants.》；期刊未返回；2017。仅确认公开来源身份，不自动证明研究设计、疗效、安全性或与 Episode 主张匹配；研究类型与外推边界需人工核验。
https://pmc.ncbi.nlm.nih.gov/articles/PMC5512720/,1,your-top-health-questions-answered,Your Top Health Questions Answered,verified-bibliographic,自动书目核验：PMC5512720；《Poor human olfaction is a 19th-century myth.》；期刊未返回；2017。仅确认公开来源身份，不自动证明研究设计、疗效、安全性或与 Episode 主张匹配；研究类型与外推边界需人工核验。
https://pmc.ncbi.nlm.nih.gov/articles/PMC5819778/pdf/pone.0193055.pdf,1,how-hormones-status-shape-our-values-decisions-dr-michael-platt,How Hormones & Status Shape Our Values & Decisions | Dr. Michael Platt,verified-bibliographic,自动书目核验：PMC5819778；《Rhesus macaques form preferences for brand logos through sex and social status based advertising.》；期刊未返回；2018。仅确认公开来源身份，不自动证明研究设计、疗效、安全性或与 Episode 主张匹配；研究类型与外推边界需人工核验。
https://pmc.ncbi.nlm.nih.gov/articles/PMC5928534/pdf/bpl-2-bpl160040.pdf,1,essentials-tools-to-boost-attention-and-memory-wendy-suzuki,Essentials: Tools to Boost Attention & Memory | Dr. Wendy Suzuki,verified-review,不能把急性运动结果改写成统一运动剂量或持久认知增强承诺；同一论文的不同访问链接只计一条证据（证据台账回链；来源题名与 Episode 主题仍需分别解读。）
https://pmc.ncbi.nlm.nih.gov/articles/PMC5997496/pdf/nihms926487.pdf,1,dr-shanna-swan-how-to-safeguard-your-hormone-health-fertility,Dr. Shanna Swan: How to Safeguard Your Hormone Health & Fertility,verified-bibliographic,自动书目核验：PMC5997496；《Anogenital distance in newborn daughters of women with polycystic ovary syndrome indicates fetal testosterone exposure.》；期刊未返回；2018。仅确认公开来源身份，不自动证明研究设计、疗效、安全性或与 Episode 主张匹配；研究类型与外推边界需人工核验。
https://pmc.ncbi.nlm.nih.gov/articles/PMC6050075/pdf/10.1177_0956797618761661.pdf,1,master-self-control-overcome-procrastination-kentaro-fujita,Master Self Control & Overcome Procrastination | Dr. Kentaro Fujita,verified-observational,Europe PMC 摘要已核对：大型纵向数据对经典棉花糖结果作概念复制；4 岁等待与 15 岁成绩的双变量关联较原研究小，控制家庭背景、早期认知与家庭环境后再缩小约三分之二，行为结局多不显著。不能把延迟满足当作命运指标或单一因果杠杆。
https://pmc.ncbi.nlm.nih.gov/articles/PMC6231522/pdf/zsy158.pdf,1,eating-for-better-sleep-and-foods-that-improve-metabolic-health-marie-pierre-st-onge,Eating for Better Sleep & Foods that Improve Metabolic Health | Dr. Marie-Pierre St-Onge,verified-observational,"2,068 人、腕式活动记录与饮食问卷；横断面/残余混杂限制因果，不支持固定饮食或睡眠处方（证据台账回链；来源题名与 Episode 主题仍需分别解读。）"
https://pmc.ncbi.nlm.nih.gov/articles/PMC6239417/pdf/nihms-972895.pdf,1,avoiding-treating-and-curing-cancer-with-the-immune-system-alex-marson,"Avoiding, Treating & Curing Cancer With the Immune System | Dr. Alex Marson",verified-bibliographic,自动书目核验：PMC6239417；《Reprogramming human T cell function and specificity with non-viral genome targeting.》；期刊未返回；2018。仅确认公开来源身份，不自动证明研究设计、疗效、安全性或与 Episode 主张匹配；研究类型与外推边界需人工核验。
https://pmc.ncbi.nlm.nih.gov/articles/PMC6248753/pdf/bhw220.pdf,1,essentials-hypnosis-enhance-mental-physical-health-performance-david-spiegel,Essentials: Using Hypnosis to Enhance Mental & Physical Health & Performance | Dr. David Spiegel,verified-bibliographic,自动书目核验：PMC6248753；《Brain Activity and Functional Connectivity Associated with Hypnosis.》；期刊未返回；2017。仅确认公开来源身份，不自动证明研究设计、疗效、安全性或与 Episode 主张匹配；研究类型与外推边界需人工核验。
https://pmc.ncbi.nlm.nih.gov/articles/PMC6286148/pdf/nihms-995853.pdf,1,avoiding-treating-and-curing-cancer-with-the-immune-system-alex-marson,"Avoiding, Treating & Curing Cancer With the Immune System | Dr. Alex Marson",verified-bibliographic,自动书目核验：PMC6286148；《A programmable dual-RNA-guided DNA endonuclease in adaptive bacterial immunity.》；期刊未返回；2012。仅确认公开来源身份，不自动证明研究设计、疗效、安全性或与 Episode 主张匹配；研究类型与外推边界需人工核验。
https://pmc.ncbi.nlm.nih.gov/articles/PMC6322839/pdf/nihms-986619.pdf,1,neuroscience-of-emotions-and-tools-for-improving-emotion-regulation-ralph-adolphs,Neuroscience of Emotions & Tools for Improving Emotion Regulation | Dr. Ralph Adolphs,verified-bibliographic,自动书目核验：PMC6322839；《Investigating Emotions as Functional States Distinct From Feelings.》；期刊未返回；2018。仅确认公开来源身份，不自动证明研究设计、疗效、安全性或与 Episode 主张匹配；研究类型与外推边界需人工核验。
https://pmc.ncbi.nlm.nih.gov/articles/PMC6455044/pdf/dmx022.pdf,1,dr-shanna-swan-how-to-safeguard-your-hormone-health-fertility,Dr. Shanna Swan: How to Safeguard Your Hormone Health & Fertility,verified-bibliographic,自动书目核验：PMC6455044；《Temporal trends in sperm count: a systematic review and meta-regression analysis.》；期刊未返回；2017。仅确认公开来源身份，不自动证明研究设计、疗效、安全性或与 Episode 主张匹配；研究类型与外推边界需人工核验。
https://pmc.ncbi.nlm.nih.gov/articles/PMC6569678/pdf/jneuro_9_9_3297.pdf,1,essentials-how-to-learn-faster-by-using-failures-movement-balance,"Essentials: How to Learn Faster by Using Failures, Movement & Balance",verified-bibliographic,自动书目核验：PMC6569678；《Visuomotor adaptation to displacing prisms by adult and baby barn owls.》；期刊未返回；1989。仅确认公开来源身份，不自动证明研究设计、疗效、安全性或与 Episode 主张匹配；研究类型与外推边界需人工核验。
https://pmc.ncbi.nlm.nih.gov/articles/PMC6725822/pdf/10369.pdf,1,science-and-tools-of-learning-and-memory-david-eagleman,Science & Tools of Learning & Memory | Dr. David Eagleman,verified-review,可支持时间与脑机制的背景解释，不是提升学习记忆的行为处方（证据台账回链；来源题名与 Episode 主题仍需分别解读。）
https://pmc.ncbi.nlm.nih.gov/articles/PMC6858554/pdf/nihms-1537973.pdf,1,how-dopamine-serotonin-shape-decisions-motivation-and-learning-read-montague,"How Dopamine & Serotonin Shape Decisions, Motivation & Learning | Dr. Read Montague",verified-bibliographic,自动书目核验：PMC6858554；《State-specific gating of salient cues by midbrain dopaminergic input to basal amygdala.》；期刊未返回；2019。仅确认公开来源身份，不自动证明研究设计、疗效、安全性或与 Episode 主张匹配；研究类型与外推边界需人工核验。
https://pmc.ncbi.nlm.nih.gov/articles/PMC6917997/pdf/nihms-1042218.pdf,1,cultivating-awe-and-emotional-connection-dr-dacher-keltner,Cultivating Awe & Emotional Connection in Daily Life | Dr. Dacher Keltner,verified-bibliographic,自动书目核验：PMC6917997；《What the face displays: Mapping 28 emotions conveyed by naturalistic expression.》；期刊未返回；2020。仅确认公开来源身份，不自动证明研究设计、疗效、安全性或与 Episode 主张匹配；研究类型与外推边界需人工核验。
https://pmc.ncbi.nlm.nih.gov/articles/PMC7062043/pdf/nihms-1541641.pdf,1,restore-youthfulness-and-vitality-to-the-aging-brain-and-body-tony-wyss-coray,Restore Youthfulness & Vitality to the Aging Brain & Body | Dr. Tony Wyss-Coray,verified-bibliographic,自动书目核验：PMC7062043；《Undulating changes in human plasma proteome profiles across the lifespan.》；期刊未返回；2019。仅确认公开来源身份，不自动证明研究设计、疗效、安全性或与 Episode 主张匹配；研究类型与外推边界需人工核验。
https://pmc.ncbi.nlm.nih.gov/articles/PMC7185044/pdf/nihms-1565521.pdf,1,essentials-the-biology-of-taste-perception-and-sugar-craving-charles-zuker,Essentials: The Biology of Taste Perception & Sugar Craving | Dr. Charles Zuker,verified-bibliographic,自动书目核验：PMC7185044；《The gut-brain axis mediates sugar preference.》；期刊未返回；2020。仅确认公开来源身份，不自动证明研究设计、疗效、安全性或与 Episode 主张匹配；研究类型与外推边界需人工核验。
https://pmc.ncbi.nlm.nih.gov/articles/PMC7197218/pdf/10.1177_0956797619896270.pdf,1,master-self-control-overcome-procrastination-kentaro-fujita,Master Self Control & Overcome Procrastination | Dr. Kentaro Fujita,verified-bibliographic,"自动书目核验：PMC7197218；《Same Data Set, Different Conclusions: Preschool Delay of Gratification Predicts Later Behavioral Outcomes in a Preregistered Study.》；期刊未返回；2020。仅确认公开来源身份，不自动证明研究设计、疗效、安全性或与 Episode 主张匹配；研究类型与外推边界需人工核验。"
https://pmc.ncbi.nlm.nih.gov/articles/PMC7301912/pdf/nihms-1566100.pdf,1,transform-metabolic-health-longevity-unique-biology-michael-snyder,Transform Your Metabolic Health & Longevity by Knowing Your Unique Biology | Dr. Michael Snyder,verified-bibliographic,自动书目核验：PMC7301912；《Personal aging markers and ageotypes revealed by deep longitudinal profiling.》；期刊未返回；2020。仅确认公开来源身份，不自动证明研究设计、疗效、安全性或与 Episode 主张匹配；研究类型与外推边界需人工核验。
https://pmc.ncbi.nlm.nih.gov/articles/PMC7820009/pdf/41598_2021_Article_81419.pdf,1,how-to-enhance-your-immune-system-dr-roger-seheult,How to Enhance Your Immune System | Dr. Roger Seheult,verified-bibliographic,"自动书目核验：PMC7820009；《Autumn COVID-19 surge dates in Europe correlated to latitudes, not to temperature-humidity, pointing to vitamin D as contributing factor.》；期刊未返回；2021。仅确认公开来源身份，不自动证明研究设计、疗效、安全性或与 Episode 主张匹配；研究类型与外推边界需人工核验。"
https://pmc.ncbi.nlm.nih.gov/articles/PMC8034841/pdf/nihms-1682940.pdf,1,cultivating-awe-and-emotional-connection-dr-dacher-keltner,Cultivating Awe & Emotional Connection in Daily Life | Dr. Dacher Keltner,verified-bibliographic,"自动书目核验：PMC8034841；《Big smile, small self: Awe walks promote prosocial positive emotions in older adults.》；期刊未返回；2022。仅确认公开来源身份，不自动证明研究设计、疗效、安全性或与 Episode 主张匹配；研究类型与外推边界需人工核验。"
https://pmc.ncbi.nlm.nih.gov/articles/PMC8035214/pdf/nihms-1676625.pdf,1,eating-for-better-sleep-and-foods-that-improve-metabolic-health-marie-pierre-st-onge,Eating for Better Sleep & Foods that Improve Metabolic Health | Dr. Marie-Pierre St-Onge,verified-study,Europe PMC/PubMed 与 ClinicalTrials.gov 已核对：36 名代谢健康女性完成随机交叉试验，各 6 周维持习惯睡眠或每晚延后入睡以减少约 1.5 小时；限睡时 24 小时收缩压和平均动脉压较高。样本小、仅女性且动态血压子样本 n=29，不能直接外推到男性、疾病人群或个人降压处方。
https://pmc.ncbi.nlm.nih.gov/articles/PMC8291972/pdf/elife-67097.pdf,1,david-fajgenbaum-using-drugs-treat-diseases-brain-body,Using Existing Drugs in New Ways to Treat & Cure Diseases of Brain & Body | Dr. David Fajgenbaum,verified-bibliographic,自动书目核验：PMC8291972；《Repurposing eflornithine to treat a patient with a rare ODC1 gain-of-function variant disease.》；期刊未返回；2021。仅确认公开来源身份，不自动证明研究设计、疗效、安全性或与 Episode 主张匹配；研究类型与外推边界需人工核验。
https://pmc.ncbi.nlm.nih.gov/articles/PMC8494016/pdf/nihms-1743820.pdf,1,neuroscience-of-emotions-and-tools-for-improving-emotion-regulation-ralph-adolphs,Neuroscience of Emotions & Tools for Improving Emotion Regulation | Dr. Ralph Adolphs,verified-bibliographic,自动书目核验：PMC8494016；《Aesthetic preference for art can be predicted from a mixture of low- and high-level visual features.》；期刊未返回；2021。仅确认公开来源身份，不自动证明研究设计、疗效、安全性或与 Episode 主张匹配；研究类型与外推边界需人工核验。
https://pmc.ncbi.nlm.nih.gov/articles/PMC8613193/pdf/41598_2021_Article_2311.pdf,1,essentials-using-light-to-optimize-health,Essentials: Using Light to Optimize Health,verified-study,结果是视觉特定、探索性和短期的；不等于全身代谢、认知或疾病治疗，设备剂量与眼部安全必须单独评估（证据台账回链；来源题名与 Episode 主题仍需分别解读。）
https://pmc.ncbi.nlm.nih.gov/articles/PMC8613599/,1,your-top-health-questions-answered,Your Top Health Questions Answered,verified-bibliographic,自动书目核验：PMC8613599；《Association of L-α Glycerylphosphorylcholine With Subsequent Stroke Risk After 10 Years.》；期刊未返回；2021。仅确认公开来源身份，不自动证明研究设计、疗效、安全性或与 Episode 主张匹配；研究类型与外推边界需人工核验。
https://pmc.ncbi.nlm.nih.gov/articles/PMC8938436/pdf/41598_2022_Article_8660.pdf,1,healing-from-grief-loss-dr-mary-frances-oconnor,Healing From Grief & Loss | Dr. Mary-Frances O’Connor,verified-bibliographic,"自动书目核验：PMC8938436；《Maternal caretaking behavior towards a dead juvenile in a wild, multi-level primate society.》；期刊未返回；2022。仅确认公开来源身份，不自动证明研究设计、疗效、安全性或与 Episode 主张匹配；研究类型与外推边界需人工核验。"
https://pmc.ncbi.nlm.nih.gov/articles/PMC8965621/pdf/fphar-13-878376.pdf,1,health-effects-and-risks-of-kratom-opioids-and-other-natural-occurring-medicines-dr-chris-mccurdy,"Health Effects & Risks of Kratom, Opioids & Other Natural Occurring Medicines | Dr. Chris McCurdy",verified-bibliographic,自动书目核验：PMC8965621；《Editorial: The Pharmacology of Kratom and Its Alkaloids.》；期刊未返回；2022。仅确认公开来源身份，不自动证明研究设计、疗效、安全性或与 Episode 主张匹配；研究类型与外推边界需人工核验。
https://pmc.ncbi.nlm.nih.gov/articles/PMC9020749/,1,your-top-health-questions-answered,Your Top Health Questions Answered,verified-study,高纤维组主要细胞因子反应评分未改变，高发酵食物组微生物多样性增加且炎症标志物下降；样本和期限有限，不能推出人人适用的肠道、免疫或减重处方（证据台账回链；来源题名与 Episode 主题仍需分别解读。）
https://pmc.ncbi.nlm.nih.gov/articles/PMC9059418/pdf/nihms-1798899.pdf,1,essentials-diet-and-nutrition-for-mental-health-chris-palmer,Essentials: Diet & Nutrition for Mental Health | Dr. Chris Palmer,verified-review,Europe PMC/PubMed 摘要已核对：综述线粒体与代谢功能障碍在衰老及年龄相关疾病中的机制，并讨论运动、热量限制和候选靶向干预。属于机制综述而非单一人体疗效试验，不能推出线粒体补剂、禁食或抗衰产品的临床效果与剂量。
https://pmc.ncbi.nlm.nih.gov/articles/PMC9165753/pdf/nihms-1804965.pdf,1,avoiding-treating-and-curing-cancer-with-the-immune-system-alex-marson,"Avoiding, Treating & Curing Cancer With the Immune System | Dr. Alex Marson",verified-bibliographic,自动书目核验：PMC9165753；《Obesity alters pathology and treatment response in inflammatory disease.》；期刊未返回；2022。仅确认公开来源身份，不自动证明研究设计、疗效、安全性或与 Episode 主张匹配；研究类型与外推边界需人工核验。
https://pmc.ncbi.nlm.nih.gov/articles/PMC9178665/pdf/nihms-1808398.pdf,1,transform-metabolic-health-longevity-unique-biology-michael-snyder,Transform Your Metabolic Health & Longevity by Knowing Your Unique Biology | Dr. Michael Snyder,verified-bibliographic,自动书目核验：PMC9178665；《A neuroanatomical basis for electroacupuncture to drive the vagal-adrenal axis.》；期刊未返回；2021。仅确认公开来源身份，不自动证明研究设计、疗效、安全性或与 Episode 主张匹配；研究类型与外推边界需人工核验。
https://pmc.ncbi.nlm.nih.gov/articles/PMC9262603/pdf/gkac513.pdf,1,how-to-enhance-your-immune-system-dr-roger-seheult,How to Enhance Your Immune System | Dr. Roger Seheult,verified-bibliographic,自动书目核验：PMC9262603；《Body temperature variation controls pre-mRNA processing and transcription of antiviral genes and SARS-CoV-2 replication.》；期刊未返回；2022。仅确认公开来源身份，不自动证明研究设计、疗效、安全性或与 Episode 主张匹配；研究类型与外推边界需人工核验。
https://pmc.ncbi.nlm.nih.gov/articles/PMC9642982/pdf/nihms-1773322.pdf,1,science-based-meditation-tools-to-improve-your-brain-and-health-richard-davidson,Science-Based Meditation Tools to Improve Your Brain & Health | Dr. Richard Davidson,verified-bibliographic,自动书目核验：PMC9642982；《A Randomized Controlled Trial of a Smartphone-Based Well-Being Training in Public School System Employees During the COVID-19 Pandemic.》；期刊未返回；2022。仅确认公开来源身份，不自动证明研究设计、疗效、安全性或与 Episode 主张匹配；研究类型与外推边界需人工核验。
https://pmc.ncbi.nlm.nih.gov/articles/PMC9767481/pdf/nihms-1852727.pdf,1,restore-youthfulness-and-vitality-to-the-aging-brain-and-body-tony-wyss-coray,Restore Youthfulness & Vitality to the Aging Brain & Body | Dr. Tony Wyss-Coray,pending,
https://pmc.ncbi.nlm.nih.gov/articles/PMC9855677/pdf/biology-12-00060.pdf,1,how-to-enhance-your-immune-system-dr-roger-seheult,How to Enhance Your Immune System | Dr. Roger Seheult,pending,
https://pmc.ncbi.nlm.nih.gov/articles/PMC9873947/,1,your-top-health-questions-answered,Your Top Health Questions Answered,verified-study,研究比较循环叹息、盒式呼吸和正念；循环叹息信号较强，但研究远程、时间短、含自评结局，不证明治疗惊恐或其他疾病（证据台账回链；来源题名与 Episode 主题仍需分别解读。）
https://pmc.ncbi.nlm.nih.gov/articles/PMC9905096/pdf/main.pdf,1,how-to-enhance-your-immune-system-dr-roger-seheult,How to Enhance Your Immune System | Dr. Roger Seheult,pending,
https://pmc.ncbi.nlm.nih.gov/articles/PMC9944513/pdf/nihms-1864385.pdf,1,improve-energy-longevity-by-optimizing-mitochondria-martin-picard,Improve Energy & Longevity by Optimizing Mitochondria | Dr. Martin Picard,pending,
https://pubmed.ncbi.nlm.nih.gov,1,how-to-grow-from-doing-hard-things-michael-easter,How to Grow From Doing Hard Things | Michael Easter,pending,
https://pubmed.ncbi.nlm.nih.gov/12438211/,1,the-chemistry-of-food-taste-dr-harold-mcgee,The Chemistry of Food & Taste | Dr. Harold McGee,pending,
https://pubmed.ncbi.nlm.nih.gov/13640019/,1,pavel-tsatsouline-build-strength-endurance-flexibility-at-any-age,"Pavel Tsatsouline: The Correct Way to Build Strength, Endurance & Flexibility at Any Age",pending,
https://pubmed.ncbi.nlm.nih.gov/16339268/,1,your-top-health-questions-answered,Your Top Health Questions Answered,pending,
https://pubmed.ncbi.nlm.nih.gov/16507066/,1,your-top-health-questions-answered,Your Top Health Questions Answered,pending,
https://pubmed.ncbi.nlm.nih.gov/16513006/,1,dr-charan-ranganath-how-to-improve-memory-focus-using-science-protocols,Dr. Charan Ranganath: How to Improve Memory & Focus Using Science Protocols,pending,
https://pubmed.ncbi.nlm.nih.gov/17395575/,1,how-to-improve-your-memory-and-cognitive-function-at-any-age-alan-castel,How to Improve Your Memory & Cognitive Function at Any Age | Dr. Alan Castel,verified-review,PubMed 标为 2007 review；适合解释记忆机制，不是对 Huberman 播客协议的直接干预试验（证据台账回链；来源题名与 Episode 主题仍需分别解读。）
https://pubmed.ncbi.nlm.nih.gov/18276894/,1,your-top-health-questions-answered,Your Top Health Questions Answered,pending,
https://pubmed.ncbi.nlm.nih.gov/19235739/,1,your-top-health-questions-answered,Your Top Health Questions Answered,pending,
https://pubmed.ncbi.nlm.nih.gov/21668108/,1,how-to-use-exercise-to-improve-your-brains-health-longevity-performance,"How to Use Exercise to Improve Your Brain’s Health, Longevity & Performance",verified-review,综述讨论运动模式、剂量和候选压力源，不能直接转化为个人训练处方或保证预防认知衰退（证据台账回链；来源题名与 Episode 主题仍需分别解读。）
https://pubmed.ncbi.nlm.nih.gov/22138021/,1,biological-influences-on-sex-sex-differences-and-preferences,How Hormones Shape Sexual Development,pending,
https://pubmed.ncbi.nlm.nih.gov/23806438/,1,your-top-health-questions-answered,Your Top Health Questions Answered,pending,
https://pubmed.ncbi.nlm.nih.gov/24049929/,1,how-to-improve-skin-health-appearance,How to Improve Skin Health & Appearance,pending,
https://pubmed.ncbi.nlm.nih.gov/24349678/,1,dr-shanna-swan-how-to-safeguard-your-hormone-health-fertility,Dr. Shanna Swan: How to Safeguard Your Hormone Health & Fertility,pending,
https://pubmed.ncbi.nlm.nih.gov/26173288/,1,your-top-health-questions-answered,Your Top Health Questions Answered,pending,
https://pubmed.ncbi.nlm.nih.gov/26479013/,1,how-to-improve-your-memory-and-cognitive-function-at-any-age-alan-castel,How to Improve Your Memory & Cognitive Function at Any Age | Dr. Alan Castel,pending,
https://pubmed.ncbi.nlm.nih.gov/32252424/,1,red-light-to-improve-metabolism-and-harmful-effects-of-led-glen-jeffery,Using Red Light to Improve Metabolism & the Harmful Effects of LEDs | Dr. Glen Jeffery,verified-study,31 名中期 AMD 患者与 11 名正常视网膜老年人；正常老化组部分暗视觉阈值改善，但 AMD 组 12 个月未见显著结构或功能改善；不能外推为一般认知、代谢或 AMD 治疗（证据台账回链；来源题名与 Episode 主题仍需分别解读。）
https://pubmed.ncbi.nlm.nih.gov/37260255/,1,healing-from-grief-loss-dr-mary-frances-oconnor,Healing From Grief & Loss | Dr. Mary-Frances O’Connor,pending,
https://pubmed.ncbi.nlm.nih.gov/5089199/,1,dr-karen-parker-the-causes-treatments-for-autism,Dr. Karen Parker: The Causes & Treatments for Autism,pending,
https://pubmed.ncbi.nlm.nih.gov/690806/,1,morgan-housel-understand-apply-the-psychology-of-money-to-gain-greater-happiness,Morgan Housel: Understand & Apply the Psychology of Money to Gain Greater Happiness,pending,
https://pubmed.ncbi.nlm.nih.gov/9635069/,1,essentials-how-to-optimize-female-hormone-health-for-vitality-and-longevity-sara-gottfried,Essentials: How to Optimize Female Hormone Health for Vitality & Longevity | Dr. Sara Gottfried,pending,
https://pubmed.ncbi.nlm.nih.gov/?term=Davidson+RJ,1,science-based-meditation-tools-to-improve-your-brain-and-health-richard-davidson,Science-Based Meditation Tools to Improve Your Brain & Health | Dr. Richard Davidson,pending,
https://pubmed.ncbi.nlm.nih.gov/?term=Zucker+I&cauthor_id=20620164,1,dr-david-linden-life-death-and-the-neuroscience-of-your-unique-experience,"Dr. David Linden: Life, Death & the Neuroscience of Your Unique Experience",pending,
https://pubmed.ncbi.nlm.nih.gov/?term=breedlove+sm&sort=date,1,how-hormones-shape-sexual-orientation-and-behavior-marc-breedlove,How Hormones Shape Sexual Orientation & Behavior | Dr. Marc Breedlove,pending,
https://pubmed.ncbi.nlm.nih.gov/?term=castel+ad&sort=date,1,how-to-improve-your-memory-and-cognitive-function-at-any-age-alan-castel,How to Improve Your Memory & Cognitive Function at Any Age | Dr. Alan Castel,pending,
https://pubmed.ncbi.nlm.nih.gov/?term=ranganath+c+curiosity&sort=date,1,dr-charan-ranganath-how-to-improve-memory-focus-using-science-protocols,Dr. Charan Ranganath: How to Improve Memory & Focus Using Science Protocols,pending,
https://pubmed.ncbi.nlm.nih.gov/?term=ranganath+c+wmh&sort=date,1,dr-charan-ranganath-how-to-improve-memory-focus-using-science-protocols,Dr. Charan Ranganath: How to Improve Memory & Focus Using Science Protocols,pending,
https://www.cell.com/cell-host-microbe/fulltext/S1931-3128(22)00166-4?_returnURL=https%3A%2F%2Flinkinghub.elsevier.com%2Fretrieve%2Fpii%2FS1931312822001664%3Fshowall%3Dtrue,1,transform-metabolic-health-longevity-unique-biology-michael-snyder,Transform Your Metabolic Health & Longevity by Knowing Your Unique Biology | Dr. Michael Snyder,pending,
https://www.cell.com/cell-metabolism/fulltext/S1550-4131(12)00189-1?_returnURL=https%3A%2F%2Flinkinghub.elsevier.com%2Fretrieve%2Fpii%2FS1550413112001891%3Fshowall%3Dtrue,1,essentials-effects-of-fasting-and-time-restricted-eating-on-fat-loss-and-health,Essentials: Effects of Fasting & Time Restricted Eating on Fat Loss & Health,pending,
https://www.cell.com/cell-metabolism/fulltext/S1550-4131(17)30630-7,1,using-cortisol-and-adrenaline-to-boost-our-energy-and-immune-system,Using Cortisol & Adrenaline to Boost Our Energy & Immune System,pending,
https://www.cell.com/cell-metabolism/fulltext/S1550-4131(20)30057-7#%20,1,dr-robert-lustig-how-sugar-processed-foods-impact-your-health,Dr. Robert Lustig: How Sugar & Processed Foods Impact Your Health,pending,
https://www.cell.com/cell-metabolism/fulltext/S1550-4131(20)30057-7?_returnURL=https%3A%2F%2Flinkinghub.elsevier.com%2Fretrieve%2Fpii%2FS1550413120300577%3Fshowall%3Dtrue,1,dr-layne-norton-tools-for-nutrition-fitness,Dr. Layne Norton: Tools for Nutrition & Fitness,pending,
https://www.cell.com/cell-metabolism/fulltext/S1550-4131(22)00312-6?_returnURL=https%3A%2F%2Flinkinghub.elsevier.com%2Fretrieve%2Fpii%2FS1550413122003126%3Fshowall%3Dtrue,1,dr-zachary-knight-the-science-of-hunger-medications-to-combat-obesity,Dr. Zachary Knight: The Science of Hunger & Medications to Combat Obesity,pending,
https://www.cell.com/cell-metabolism/fulltext/S1550-4131(23)00051-7?_returnURL=https%3A%2F%2Flinkinghub.elsevier.com%2Fretrieve%2Fpii%2FS1550413123000517%3Fshowall%3Dtrue,1,us-surgeon-general-dr-vivek-murthy-efforts-challenges-in-promoting-public-health,U.S. Surgeon General Dr. Vivek Murthy: Efforts & Challenges in Promoting Public Health,pending,
https://www.cell.com/cell-reports-medicine/fulltext/S2666-3791%2823%2900540-2,1,how-to-lose-fat-gain-muscle-with-nutrition-alan-aragon,How to Lose Fat & Gain Muscle With Nutrition | Alan Aragon,pending,
https://www.cell.com/cell-reports-medicine/fulltext/S2666-3791(21)00266-4,1,dr-susanna-soberg-how-to-use-cold-and-heat-exposure-to-improve-your-health,Dr. Susanna Søberg: How to Use Cold & Heat Exposure to Improve Your Health,verified-study,选定的年轻男性冬泳者样本，暴露是长期习惯且含桑拿等复合因素；不能直接证明 11 分钟冷水协议、减脂疗效或人人适用（证据台账回链；来源题名与 Episode 主题仍需分别解读。）
https://www.cell.com/cell-reports-medicine/fulltext/S2666-3791(22)00158-6,1,transform-your-mental-health-with-diet-lifestyle-dr-chris-palmer,Transform Your Mental Health With Diet & Lifestyle | Dr. Chris Palmer,pending,
https://www.cell.com/cell-reports-medicine/fulltext/S2666-3791(22)00332-9,1,dr-satchin-panda-intermittent-fasting-to-improve-health-cognition-and-longevity,"Dr. Satchin Panda: Intermittent Fasting to Improve Health, Cognition & Longevity",pending,
https://www.cell.com/cell-reports-medicine/fulltext/S2666-3791(22)00372-X?_returnURL=https://linkinghub.elsevier.com/retrieve/pii/S266637912200372X%3Fshowall%3Dtrue&utm_source=youtube&utm_medium=social&utm_campaign=hubermanlab&utm_content=huber,1,using-caffeine-to-optimize-mental-and-physical-performance,Using Caffeine to Optimize Mental & Physical Performance,pending,
https://www.cell.com/cell-reports-medicine/fulltext/S2666-3791(22)00474-8,1,improve-focus-with-behavioral-tools-medication-for-adhd-john-kruse,Improve Focus with Behavioral Tools & Medication for ADHD | Dr. John Kruse,verified-study,研究比较循环叹息、盒式呼吸和正念；循环叹息信号较强，但研究远程、时间短、含自评结局，不证明治疗惊恐或其他疾病（证据台账回链；来源题名与 Episode 主题仍需分别解读。）
https://www.cell.com/cell-reports-medicine/fulltext/S2666-3791(22)00474-8?_returnURL=https://linkinghub.elsevier.com/retrieve/pii/S2666379122004748?showall%3Dtrue,1,how-to-breathe-correctly-for-optimal-health-mood-learning-and-performance,"How to Breathe Correctly for Optimal Health, Mood, Learning & Performance",verified-study,研究比较循环叹息、盒式呼吸和正念；循环叹息信号较强，但研究远程、时间短、含自评结局，不证明治疗惊恐或其他疾病（证据台账回链；来源题名与 Episode 主题仍需分别解读。）
https://www.cell.com/cell-reports-medicine/fulltext/S2666-3791(23)00219-7?_returnURL=https://linkinghub.elsevier.com/retrieve/pii/S2666379123002197%3Fshowall%3Dtrue,1,guest-series-dr-matthew-walker-the-biology-of-sleep-your-unique-sleep-needs,Guest Series | Dr. Matt Walker: The Biology of Sleep & Your Unique Sleep Needs,pending,
https://www.cell.com/cell-reports/fulltext/S2211-1247(19)30290-6,1,essentials-protocols-to-improve-vision-eyesight,Essentials: Protocols to Improve Vision & Eyesight,pending,
https://www.cell.com/cell-reports/fulltext/S2211-1247(19)31049-6?_returnURL=https%3A%2F%2Flinkinghub.elsevier.com%2Fretrieve%2Fpii%2FS2211124719310496%3Fshowall%3Dtrue,1,dr-charan-ranganath-how-to-improve-memory-focus-using-science-protocols,Dr. Charan Ranganath: How to Improve Memory & Focus Using Science Protocols,pending,
https://www.cell.com/cell-reports/fulltext/S2211-1247(20)30083-8?_returnURL=https%3A%2F%2Flinkinghub.elsevier.com%2Fretrieve%2Fpii%2FS2211124720300838%3Fshowall%3Dtrue,1,essentials-biology-slowing-reversing-aging-dr-david-sinclair,Essentials: The Biology of Slowing & Reversing Aging | Dr. David Sinclair,pending,
https://www.cell.com/cell-reports/fulltext/S2211-1247(21)00712-9,1,healthy-eating-and-eating-disorders-anorexia-bulimia-binging,"Healthy Eating & Eating Disorders - Anorexia, Bulimia, Binging",pending,
https://www.cell.com/cell-reports/fulltext/S2211-1247(21)01139-6,1,chris-voss-how-to-succeed-at-hard-conversations,Chris Voss: How to Succeed at Hard Conversations,pending,
https://www.cell.com/cell-reports/fulltext/S2211-1247(21)01139-6?_returnURL=https%3A%2F%2Flinkinghub.elsevier.com%2Fretrieve%2Fpii%2FS2211124721011396%3Fshowall%3Dtrue,1,essentials-science-building-strong-social-bonds-family-friends-romantic-partners,"Essentials: Science of Building Strong Social Bonds with Family, Friends & Romantic Partners",pending,
https://www.cell.com/cell-reports/fulltext/S2211-1247(21)01373-5,1,optimize-and-control-your-brain-chemistry-to-improve-health-and-performance,Optimize & Control Your Brain Chemistry to Improve Health & Performance,verified-study,13 名成人结合多导睡眠图与高时间分辨率呼气代谢组；支持睡眠状态与脂肪酸氧化、TCA 循环等代谢特征的关系；不等于个体化代谢协议，且样本、呼气代理指标和商业利益冲突需注意（证据台账回链；来源题名与 Episode 主题仍需分别解读。）
https://www.cell.com/cell-reports/fulltext/S2211-1247(23)01533-4,1,transform-your-mental-health-with-diet-lifestyle-dr-chris-palmer,Transform Your Mental Health With Diet & Lifestyle | Dr. Chris Palmer,pending,
https://www.cell.com/cell-reports/fulltext/S2211-1247(25)00811-3?_returnURL=https%3A%2F%2Flinkinghub.elsevier.com%2Fretrieve%2Fpii%2FS2211124725008113%3Fshowall%3Dtrue,1,expand-consciousness-dr-christof-koch,How to Expand Your Consciousness | Dr. Christof Koch,pending,
https://www.cell.com/cell-reports/pdf/S2211-1247(25)00348-1.pdf,1,behaviors-that-alter-your-genes-to-improve-your-health-performance-dr-melissa-ilardo,Behaviors That Alter Your Genes to Improve Your Health & Performance | Dr. Melissa Ilardo,pending,
https://www.cell.com/cell-stem-cell/fulltext/S1934-5909(23)00171-6?_returnURL=https%3A%2F%2Flinkinghub.elsevier.com%2Fretrieve%2Fpii%2FS1934590923001716%3Fshowall%3Dtrue,1,how-your-immune-system-works-and-how-to-improve-it-max-krummel,How Your Immune System Works & How to Improve It | Dr. Max Krummel,pending,
https://www.cell.com/cell/fulltext/S0092-8674(00)81965-0?_returnURL=https%3A%2F%2Flinkinghub.elsevier.com%2Fretrieve%2Fpii%2FS0092867400819650%3Fshowall%3Dtrue,1,guest-series-dr-matthew-walker-protocols-to-improve-your-sleep,Guest Series | Dr. Matthew Walker: Protocols to Improve Your Sleep,pending,
https://www.cell.com/cell/fulltext/S0092-8674(03)00844-4?_returnURL=https%3A%2F%2Flinkinghub.elsevier.com%2Fretrieve%2Fpii%2FS0092867403008444%3Fshowall%3Dtrue,1,essentials-the-biology-of-taste-perception-and-sugar-craving-charles-zuker,Essentials: The Biology of Taste Perception & Sugar Craving | Dr. Charles Zuker,pending,
https://www.cell.com/cell/fulltext/S0092-8674(13)00645-4,1,journal-club-with-dr-peter-attia-metformin-for-longevity-and-the-power-of-belief-effects,Journal Club with Dr. Peter Attia | Metformin for Longevity & The Power of Belief Effects,pending,
https://www.cell.com/cell/fulltext/S0092-8674(13)01536-5?_returnURL=https%3A%2F%2Flinkinghub.elsevier.com%2Fretrieve%2Fpii%2FS0092867413015365%3Fshowall%3Dtrue,1,essentials-the-biology-of-aggression-mating-and-arousal-david-anderson,"Essentials: The Biology of Aggression, Mating & Arousal | Dr. David Anderson",pending,
https://www.cell.com/cell/fulltext/S0092-8674(15)00076-8?_returnURL=https%3A%2F%2Flinkinghub.elsevier.com%2Fretrieve%2Fpii%2FS0092867415000768%3Fshowall%3Dtrue,1,dr-zachary-knight-the-science-of-hunger-medications-to-combat-obesity,Dr. Zachary Knight: The Science of Hunger & Medications to Combat Obesity,pending,
https://www.cell.com/cell/fulltext/S0092-8674(15)01704-3?_returnURL=https://linkinghub.elsevier.com/retrieve/pii/S0092867415017043?showall%3Dtrue,1,dr-kay-tye-the-biology-of-social-interactions-and-emotions,Dr. Kay Tye: The Biology of Social Interactions and Emotions,pending,
https://www.cell.com/cell/fulltext/S0092-8674(17)30595-0?_returnURL=https%3A%2F%2Flinkinghub.elsevier.com%2Fretrieve%2Fpii%2FS0092867417305950%3Fshowall%3Dtrue,1,dr-diego-bohorquez-the-science-of-your-gut-sense-the-gut-brain-axis,Dr. Diego Bohórquez: The Science of Your Gut Sense & the Gut-Brain Axis,pending,
https://www.cell.com/cell/fulltext/S0092-8674(17)30888-2,1,the-science-and-health-benefits-of-deliberate-heat-exposure,The Science & Health Benefits of Deliberate Heat Exposure,pending,
https://www.cell.com/cell/fulltext/S0092-8674(18)30361-1?_returnURL=https%3A%2F%2Flinkinghub.elsevier.com%2Fretrieve%2Fpii%2FS0092867418303611%3Fshowall%3Dtrue,1,essentials-the-biology-of-aggression-mating-and-arousal-david-anderson,"Essentials: The Biology of Aggression, Mating & Arousal | Dr. David Anderson",pending,
https://www.cell.com/cell/fulltext/S0092-8674(18)31176-0?_returnURL=https%3A%2F%2Flinkinghub.elsevier.com%2Fretrieve%2Fpii%2FS0092867418311760%3Fshowall%3Dtrue,1,essentials-build-maintain-repair-gut-health-justin-sonnenburg,"Essentials: How to Build, Maintain & Repair Gut Health | Dr. Justin Sonnenburg",pending,
https://www.cell.com/cell/fulltext/S0092-8674(18)31382-5?_returnURL=https%3A%2F%2Flinkinghub.elsevier.com%2Fretrieve%2Fpii%2FS0092867418313825%3Fshowall%3Dtrue,1,essentials-build-maintain-repair-gut-health-justin-sonnenburg,"Essentials: How to Build, Maintain & Repair Gut Health | Dr. Justin Sonnenburg",pending,
https://www.cell.com/cell/fulltext/S0092-8674(19)30448-9?dgcid=raven_jbs_etoc_email,1,dr-oded-rechavi-genes-and-the-inheritance-of-memories-across-generations,Dr. Oded Rechavi: Genes & the Inheritance of Memories Across Generations,pending,
https://www.cell.com/cell/fulltext/S0092-8674(20)31534-8?_returnURL=https%3A%2F%2Flinkinghub.elsevier.com%2Fretrieve%2Fpii%2FS0092867420315348%3Fshowall%3Dtrue,1,using-stem-cells-to-cure-autism-epilepsy-and-schizophrenia-dr-sergiu-pasca,"Using Stem Cells to Cure Autism, Epilepsy & Schizophrenia | Dr. Sergiu Pașca",pending,
https://www.cell.com/cell/fulltext/S0092-8674(21)01223-X?_returnURL=https%3A%2F%2Flinkinghub.elsevier.com%2Fretrieve%2Fpii%2FS009286742101223X%3Fshowall%3Dtrue,1,how-your-immune-system-works-and-how-to-improve-it-max-krummel,How Your Immune System Works & How to Improve It | Dr. Max Krummel,pending,
https://www.cell.com/cell/fulltext/S0092-8674(21)01454-9?_returnURL=https%3A%2F%2Flinkinghub.elsevier.com%2Fretrieve%2Fpii%2FS0092867421014549%3Fshowall%3Dtrue,1,using-deliberate-cold-exposure-for-health-and-performance,Using Deliberate Cold Exposure for Health and Performance,pending,
https://www.cell.com/cell/fulltext/S0092-8674(23)00798-5?_returnURL=https%3A%2F%2Flinkinghub.elsevier.com%2Fretrieve%2Fpii%2FS0092867423007985%3Fshowall%3Dtrue,1,male-vs-female-brain-differences-how-they-arise-from-genes-hormones-dr-nirao-shah,Male vs. Female Brain Differences & How They Arise From Genes & Hormones | Dr. Nirao Shah,pending,
https://www.cell.com/cell/fulltext/S0092-8674(23)01176-5?_returnURL=https%3A%2F%2Flinkinghub.elsevier.com%2Fretrieve%2Fpii%2FS0092867423011765%3Fshowall%3Dtrue,1,david-fajgenbaum-using-drugs-treat-diseases-brain-body,Using Existing Drugs in New Ways to Treat & Cure Diseases of Brain & Body | Dr. David Fajgenbaum,pending,
https://www.cell.com/current-biology/fulltext/S0960-9822,1,dr-noam-sobel-how-smells-influence-our-hormones-health-and-behavior,"Dr. Noam Sobel: How Smells Influence Our Hormones, Health & Behavior",pending,
https://www.cell.com/current-biology/fulltext/S0960-9822(07)01783-6?_returnURL=https%3A%2F%2Flinkinghub.elsevier.com%2Fretrieve%2Fpii%2FS0960982207017836%3Fshowall%3Dtrue,1,guest-series-dr-matt-walker-improve-sleep-to-boost-mood-emotional-regulation,Guest Series | Dr. Matt Walker: Improve Sleep to Boost Mood & Emotional Regulation,pending,
https://www.cell.com/current-biology/fulltext/S0960-9822(10)01508-3?_returnURL=https%3A%2F%2Flinkinghub.elsevier.com%2Fretrieve%2Fpii%2FS0960982210015083%3Fshowall%3Dtrue,1,neuroscience-of-emotions-and-tools-for-improving-emotion-regulation-ralph-adolphs,Neuroscience of Emotions & Tools for Improving Emotion Regulation | Dr. Ralph Adolphs,pending,
https://www.cell.com/current-biology/fulltext/S0960-9822(11)01248-6?_returnURL=https%3A%2F%2Flinkinghub.elsevier.com%2Fretrieve%2Fpii%2FS0960982211012486%3Fshowall%3Dtrue,1,guest-series-dr-matt-walker-improve-sleep-to-boost-mood-emotional-regulation,Guest Series | Dr. Matt Walker: Improve Sleep to Boost Mood & Emotional Regulation,pending,
https://www.cell.com/current-biology/fulltext/S0960-9822(13)01519-4?_returnURL=https%3A%2F%2Flinkinghub.elsevier.com%2Fretrieve%2Fpii%2FS0960982213015194%3Fshowall%3Dtrue,1,neuroscience-of-emotions-and-tools-for-improving-emotion-regulation-ralph-adolphs,Neuroscience of Emotions & Tools for Improving Emotion Regulation | Dr. Ralph Adolphs,pending,
https://www.cell.com/current-biology/fulltext/S0960-9822(15)00612-0?_returnURL=https%3A%2F%2Flinkinghub.elsevier.com%2Fretrieve%2Fpii%2FS0960982215006120%3Fshowall%3Dtrue,1,how-to-improve-motivation-and-overcome-procrastination-masud-husain,How to Improve Motivation & Overcome Procrastination | Dr. Masud Husain,pending,
https://www.cell.com/current-biology/fulltext/S0960-9822(16)30332-3?_returnURL=https%3A%2F%2Flinkinghub.elsevier.com%2Fretrieve%2Fpii%2FS0960982216303323%3Fshowall%3Dtrue,1,essentials-adhd-how-anyone-can-improve-their-focus,Essentials: ADHD & How Anyone Can Improve Their Focus,pending,
https://www.cell.com/current-biology/fulltext/S0960-9822(17)30504-3?_returnURL=https://linkinghub.elsevier.com/retrieve/pii/S0960982217305043?showall%3Dtrue,1,sleep-toolkit-tools-for-optimizing-sleep-and-sleep-wake-timing,Sleep Toolkit: Tools for Optimizing Sleep & Sleep-Wake Timing,pending,
https://www.cell.com/current-biology/fulltext/S0960-9822(18)30991-6,1,the-science-of-mdma-and-its-therapeutic-applications,The Science of MDMA & Its Therapeutic Uses: Benefits & Risks,pending,
https://www.cell.com/current-biology/fulltext/S0960-9822(18)31608-7?_returnURL=https%3A%2F%2Flinkinghub.elsevier.com%2Fretrieve%2Fpii%2FS0960982218316087%3Fshowall%3Dtrue,1,guest-series-dr-matthew-walker-protocols-to-improve-your-sleep,Guest Series | Dr. Matthew Walker: Protocols to Improve Your Sleep,pending,
https://www.cell.com/current-biology/fulltext/S0960-9822(18)31662-2?_returnURL=https%3A%2F%2Flinkinghub.elsevier.com%2Fretrieve%2Fpii%2FS0960982218316622%3Fshowall%3Dtrue,1,guest-series-dr-matthew-walker-protocols-to-improve-your-sleep,Guest Series | Dr. Matthew Walker: Protocols to Improve Your Sleep,pending,
https://www.cell.com/current-biology/fulltext/S0960-9822(20)30543-5,1,dr-noam-sobel-how-smells-influence-our-hormones-health-and-behavior,"Dr. Noam Sobel: How Smells Influence Our Hormones, Health & Behavior",pending,
https://www.cell.com/current-biology/fulltext/S0960-9822(20)31164-7?_returnURL=https%3A%2F%2Flinkinghub.elsevier.com%2Fretrieve%2Fpii%2FS0960982220311647%3Fshowall%3Dtrue,1,how-to-prevent-treat-colds-flu,How to Prevent & Treat Colds & Flu,pending,
https://www.cell.com/current-biology/fulltext/S0960-9822(22)01477-4,1,dr-gina-poe-use-sleep-to-enhance-learning-memory-and-emotional-state,"Dr. Gina Poe: Use Sleep to Enhance Learning, Memory & Emotional State",pending,
https://www.cell.com/current-biology/fulltext/S0960-9822(22)01477-4?_returnURL=https%3A%2F%2Flinkinghub.elsevier.com%2Fretrieve%2Fpii%2FS0960982222014774%3Fshowall%3Dtrue,1,guest-series-dr-matt-walker-the-science-of-dreams-nightmares-lucid-dreaming,"Guest Series | Dr. Matt Walker: The Science of Dreams, Nightmares & Lucid Dreaming",pending,
https://www.cell.com/current-biology/fulltext/S0960-9822(24)01390-3,1,how-your-thoughts-are-built-shape-them-jennifer-groh,How Your Thoughts Are Built & How You Can Shape Them | Dr. Jennifer Groh,pending,
https://www.cell.com/current-biology/pdf/S0960-9822(05)00093-X.pdf,1,how-hormones-status-shape-our-values-decisions-dr-michael-platt,How Hormones & Status Shape Our Values & Decisions | Dr. Michael Platt,pending,
https://www.cell.com/developmental-cell/fulltext/S1534-5807(23)00649-4?_returnURL=https%3A%2F%2Flinkinghub.elsevier.com%2Fretrieve%2Fpii%2FS1534580723006494%3Fshowall%3Dtrue,1,protect-improve-your-hearing-brain-health-konstantina-stankovic,Protect & Improve Your Hearing & Brain Health | Dr. Konstantina Stankovic,pending,
https://www.cell.com/fulltext/S0092-8674%2811%2901341-9,1,dr-oded-rechavi-genes-and-the-inheritance-of-memories-across-generations,Dr. Oded Rechavi: Genes & the Inheritance of Memories Across Generations,pending,
https://www.cell.com/fulltext/S0092-8674(15)01481-6,1,dr-casey-means-transform-your-health-by-improving-metabolism-hormone-blood-sugar-regulation,"Dr. Casey Means: Transform Your Health by Improving Metabolism, Hormone & Blood Sugar Regulation",pending,
https://www.cell.com/fulltext/S0092-8674(15)01704-3,1,essentials-science-building-strong-social-bonds-family-friends-romantic-partners,"Essentials: Science of Building Strong Social Bonds with Family, Friends & Romantic Partners",pending,
https://www.cell.com/heliyon/fulltext/S2405-8440(19)36104-3?_returnURL=https%3A%2F%2Flinkinghub.elsevier.com%2Fretrieve%2Fpii%2FS2405844019361043%3Fshowall%3Dtrue,1,essentials-how-hearing-balance-enhance-focus-learning,Essentials: How Hearing & Balance Enhance Focus & Learning,pending,
https://www.cell.com/iscience/fulltext/S2589-0042(21)01570-1,1,science-based-mental-training-and-visualization-for-improved-learning,Science-Based Mental Training & Visualization for Improved Learning,pending,
https://www.cell.com/neuron/fulltext/S0896-6273(01)00222-7?_returnURL=https%3A%2F%2Flinkinghub.elsevier.com%2Fretrieve%2Fpii%2FS0896627301002227%3Fshowall%3Dtrue,1,how-your-thoughts-are-built-shape-them-jennifer-groh,How Your Thoughts Are Built & How You Can Shape Them | Dr. Jennifer Groh,pending,
https://www.cell.com/neuron/fulltext/S0896-6273(02)00746-8?_returnURL=https%3A%2F%2Flinkinghub.elsevier.com%2Fretrieve%2Fpii%2FS0896627302007468%3Fshowall%3Dtrue,1,guest-series-dr-matt-walker-using-sleep-to-improve-learning-creativity-memory,"Guest Series | Dr. Matt Walker: Using Sleep to Improve Learning, Creativity & Memory",pending,
https://www.cell.com/neuron/fulltext/S0896-6273(05)00126-1?_returnURL=https%3A%2F%2Flinkinghub.elsevier.com%2Fretrieve%2Fpii%2FS0896627305001261%3Fshowall%3Dtrue,1,how-dopamine-serotonin-shape-decisions-motivation-and-learning-read-montague,"How Dopamine & Serotonin Shape Decisions, Motivation & Learning | Dr. Read Montague",pending,
https://www.cell.com/neuron/fulltext/S0896-6273(09)00742-9,1,dr-david-anderson-the-biology-of-aggression-mating-and-arousal,"Dr. David Anderson: The Biology of Aggression, Mating & Arousal",pending,
https://www.cell.com/neuron/fulltext/S0896-6273(09)01044-7?_returnURL=https%3A%2F%2Flinkinghub.elsevier.com%2Fretrieve%2Fpii%2FS0896627309010447%3Fshowall%3Dtrue,1,the-best-vitality-and-health-protocols-rhonda-patrick,The Best Vitality & Health Protocols | Dr. Rhonda Patrick,pending,
https://www.cell.com/neuron/fulltext/S0896-6273(10)00720-8?_returnURL=https%3A%2F%2Flinkinghub.elsevier.com%2Fretrieve%2Fpii%2FS0896627310007208%3Fshowall%3Dtrue,1,science-and-tools-of-learning-and-memory-david-eagleman,Science & Tools of Learning & Memory | Dr. David Eagleman,pending,
https://www.cell.com/neuron/fulltext/S0896-6273(11)00068-7,1,adderall-stimulants-and-modafinil-for-adhd-short-and-long-term-effects,"Adderall, Stimulants & Modafinil for ADHD: Short- & Long-Term Effects",pending,
https://www.cell.com/neuron/fulltext/S0896-6273(11)00740-9?_returnURL=https%3A%2F%2Flinkinghub.elsevier.com%2Fretrieve%2Fpii%2FS0896627311007409%3Fshowall%3Dtrue,1,male-vs-female-brain-differences-how-they-arise-from-genes-hormones-dr-nirao-shah,Male vs. Female Brain Differences & How They Arise From Genes & Hormones | Dr. Nirao Shah,pending,
https://www.cell.com/neuron/fulltext/S0896-6273(13)00230-4?_returnURL=https%3A%2F%2Flinkinghub.elsevier.com%2Fretrieve%2Fpii%2FS0896627313002304%3Fshowall%3Dtrue,1,guest-series-dr-matthew-walker-protocols-to-improve-your-sleep,Guest Series | Dr. Matthew Walker: Protocols to Improve Your Sleep,pending,
https://www.cell.com/neuron/fulltext/S0896-6273(13)00710-1?_returnURL=https%3A%2F%2Flinkinghub.elsevier.com%2Fretrieve%2Fpii%2FS0896627313007101%3Fshowall%3Dtrue,1,how-to-control-your-sense-of-pain-and-pleasure,How to Control Your Sense of Pain & Pleasure,pending,
https://www.cell.com/neuron/fulltext/S0896-6273(13)01030-1,1,how-to-improve-your-memory-and-cognitive-function-at-any-age-alan-castel,How to Improve Your Memory & Cognitive Function at Any Age | Dr. Alan Castel,verified-study,PubMed 已核对：两名患者的颅内电刺激病例/机制研究；前扣带中部刺激引发自主神经变化、对即将到来的挑战的预期及坚持感，并报告静息态连接。不是可复制的行为训练或脑刺激疗法，不能据此自行进行神经调节。
https://www.cell.com/neuron/fulltext/S0896-6273(14)00804-6,1,how-to-improve-your-memory-and-cognitive-function-at-any-age-alan-castel,How to Improve Your Memory & Cognitive Function at Any Age | Dr. Alan Castel,pending,
https://www.cell.com/neuron/fulltext/S0896-6273(17)31122-4?_returnURL=https%3A%2F%2Flinkinghub.elsevier.com%2Fretrieve%2Fpii%2FS0896627317311224%3Fshowall%3Dtrue,1,dr-zachary-knight-the-science-of-hunger-medications-to-combat-obesity,Dr. Zachary Knight: The Science of Hunger & Medications to Combat Obesity,pending,
https://www.cell.com/neuron/fulltext/S0896-6273(19)30346-0?_returnURL=https%3A%2F%2Flinkinghub.elsevier.com%2Fretrieve%2Fpii%2FS0896627319303460%3Fshowall%3Dtrue,1,using-light-sunlight-blue-light-and-red-light-to-optimize-health,"Using Light (Sunlight, Blue Light & Red Light) to Optimize Health",pending,
https://www.cell.com/neuron/fulltext/S0896-6273(20)30137-9,1,dr-jordan-peterson-how-to-best-guide-your-life-decisions-path,Dr. Jordan Peterson: How to Best Guide Your Life Decisions & Path,pending,
https://www.cell.com/neuron/fulltext/S0896-6273(20)30361-5,1,the-science-and-treatment-of-bipolar-disorder,The Science & Treatment of Bipolar Disorder,pending,
https://www.cell.com/neuron/fulltext/S0896-6273(21)00423-2?_returnURL=https%3A%2F%2Flinkinghub.elsevier.com%2Fretrieve%2Fpii%2FS0896627321004232%3Fshowall%3Dtrue,1,how-psilocybin-can-rewire-our-brain-its-therapeutic-benefits-and-its-risks,"How Psilocybin Can Rewire Our Brain, Its Therapeutic Benefits & Its Risks",pending,
https://www.cell.com/neuron/fulltext/S0896-6273(21)00839-4,1,controlling-sugar-cravings-and-metabolism-with-science-based-tools,Controlling Sugar Cravings & Metabolism with Science-Based Tools,pending,
https://www.cell.com/neuron/fulltext/S0896-6273(21)00995-8?_returnURL=https%3A%2F%2Flinkinghub.elsevier.com%2Fretrieve%2Fpii%2FS0896627321009958%3Fshowall%3Dtrue,1,essentials-the-biology-of-aggression-mating-and-arousal-david-anderson,"Essentials: The Biology of Aggression, Mating & Arousal | Dr. David Anderson",pending,
https://www.cell.com/neuron/fulltext/S0896-6273(21)01036-9?_returnURL=https%3A%2F%2Flinkinghub.elsevier.com%2Fretrieve%2Fpii%2FS0896627321010369%3Fshowall%3Dtrue,1,transform-metabolic-health-longevity-unique-biology-michael-snyder,Transform Your Metabolic Health & Longevity by Knowing Your Unique Biology | Dr. Michael Snyder,pending,
https://www.cell.com/neuron/fulltext/S0896-6273(22)00147-7?_returnURL=https%3A%2F%2Flinkinghub.elsevier.com%2Fretrieve%2Fpii%2FS0896627322001477%3Fshowall%3Dtrue,1,essentials-using-light-to-optimize-health,Essentials: Using Light to Optimize Health,pending,
https://www.cell.com/neuron/fulltext/S0896-6273(22)00991-6,1,dr-robert-malenka-how-your-brains-reward-circuits-drive-your-choices,Dr. Robert Malenka: How Your Brain's Reward Circuits Drive Your Choices,pending,
https://www.cell.com/neuron/fulltext/S0896-6273(22)01000-5?_returnURL=https%3A%2F%2Flinkinghub.elsevier.com%2Fretrieve%2Fpii%2FS0896627322010005%3Fshowall%3Dtrue,1,dr-allan-schore-how-relationships-shape-your-brain,Dr. Allan Schore: How Relationships Shape Your Brain,pending,
https://www.cell.com/neuron/fulltext/S0896-6273(22)01084-4?_returnURL=https%3A%2F%2Flinkinghub.elsevier.com%2Fretrieve%2Fpii%2FS0896627322010844%3Fshowall%3Dtrue,1,male-vs-female-brain-differences-how-they-arise-from-genes-hormones-dr-nirao-shah,Male vs. Female Brain Differences & How They Arise From Genes & Hormones | Dr. Nirao Shah,pending,
https://www.cell.com/neuron/fulltext/S0896-6273(22)01152-7?_returnURL=https%3A%2F%2Flinkinghub.elsevier.com%2Fretrieve%2Fpii%2FS0896627322011527%3Fshowall%3Dtrue,1,how-psilocybin-can-rewire-our-brain-its-therapeutic-benefits-and-its-risks,"How Psilocybin Can Rewire Our Brain, Its Therapeutic Benefits & Its Risks",pending,
https://www.cell.com/neuron/fulltext/S0896-6273(23)00668-2?_returnURL=https%3A%2F%2Flinkinghub.elsevier.com%2Fretrieve%2Fpii%2FS0896627323006682%3Fshowall%3Dtrue,1,how-to-increase-your-willpower-and-tenacity,How to Increase Your Willpower & Tenacity,pending,
https://www.cell.com/trends/cognitive-sciences/abstract/S1364-6613(21)00226-6?_returnURL=https%3A%2F%2Flinkinghub.elsevier.com%2Fretrieve%2Fpii%2FS1364661321002266%3Fshowall%3Dtrue,1,dr-charan-ranganath-how-to-improve-memory-focus-using-science-protocols,Dr. Charan Ranganath: How to Improve Memory & Focus Using Science Protocols,pending,
https://www.cell.com/trends/cognitive-sciences/abstract/S1364-6613(22)00043-2?_returnURL=https%3A%2F%2Flinkinghub.elsevier.com%2Fretrieve%2Fpii%2FS1364661322000432%3Fshowall%3Dtrue,1,dr-jamil-zaki-how-to-cultivate-a-positive-growth-oriented-mindset,"Dr. Jamil Zaki: How to Cultivate a Positive, Growth-Oriented Mindset",pending,
https://www.cell.com/trends/neurosciences/abstract/S0166-2236(05)00159-1?_returnURL=https%3A%2F%2Flinkinghub.elsevier.com%2Fretrieve%2Fpii%2FS0166223605001591%3Fshowall%3Dtrue,1,guest-series-dr-matt-walker-the-science-of-dreams-nightmares-lucid-dreaming,"Guest Series | Dr. Matt Walker: The Science of Dreams, Nightmares & Lucid Dreaming",pending,
https://www.nature.com/articles/1301376,1,dr-matthew-hill-how-cannabis-impacts-health-the-potential-risks,Dr. Matthew Hill: How Cannabis Impacts Health & the Potential Risks,pending,
https://www.nature.com/articles/184105a0,1,dr-noam-sobel-how-smells-influence-our-hormones-health-and-behavior,"Dr. Noam Sobel: How Smells Influence Our Hormones, Health & Behavior",pending,
https://www.nature.com/articles/221963a0,1,science-and-tools-of-learning-and-memory-david-eagleman,Science & Tools of Learning & Memory | Dr. David Eagleman,pending,
https://www.nature.com/articles/22268,1,how-hormones-status-shape-our-values-decisions-dr-michael-platt,How Hormones & Status Shape Our Values & Decisions | Dr. Michael Platt,pending,
https://www.nature.com/articles/288715a0,1,peptides-the-science-uses-and-safety-abud-bakri,"Peptides: The Science, Uses & Safety | Dr. Abud Bakri",pending,
https://www.nature.com/articles/32408,1,dr-noam-sobel-how-smells-influence-our-hormones-health-and-behavior,"Dr. Noam Sobel: How Smells Influence Our Hormones, Health & Behavior",pending,
https://www.nature.com/articles/35009043,1,science-and-tools-of-learning-and-memory-david-eagleman,Science & Tools of Learning & Memory | Dr. David Eagleman,pending,
https://www.nature.com/articles/372669a0,1,neuroscience-of-emotions-and-tools-for-improving-emotion-regulation-ralph-adolphs,Neuroscience of Emotions & Tools for Improving Emotion Regulation | Dr. Ralph Adolphs,pending,
https://www.nature.com/articles/377725a0,1,how-dopamine-serotonin-shape-decisions-motivation-and-learning-read-montague,"How Dopamine & Serotonin Shape Decisions, Motivation & Learning | Dr. Read Montague",pending,
https://www.nature.com/articles/385533a0,1,guest-series-dr-matt-walker-using-sleep-to-improve-learning-creativity-memory,"Guest Series | Dr. Matt Walker: Using Sleep to Improve Learning, Creativity & Memory",pending,
https://www.nature.com/articles/43366,1,guest-series-dr-matthew-walker-protocols-to-improve-your-sleep,Guest Series | Dr. Matthew Walker: Protocols to Improve Your Sleep,pending,
https://www.nature.com/articles/43432,1,avoiding-treating-and-curing-cancer-with-the-immune-system-alex-marson,"Avoiding, Treating & Curing Cancer With the Immune System | Dr. Alex Marson",pending,
https://www.nature.com/articles/d41586-021-02628-x,1,using-stem-cells-to-cure-autism-epilepsy-and-schizophrenia-dr-sergiu-pasca,"Using Stem Cells to Cure Autism, Epilepsy & Schizophrenia | Dr. Sergiu Pașca",pending,
https://www.nature.com/articles/d41586-023-03435-2,1,a-science-supported-journaling-protocol-to-improve-mental-physical-health,A Science-Supported Journaling Protocol to Improve Mental & Physical Health,pending,
https://www.nature.com/articles/d41586-024-01071-y,1,understand-what-pets-actually-want-need-dr-karolina-westlund,What Pets Actually Want & Need | Dr. Karolina Westlund,pending,
https://www.nature.com/articles/ejcn200881,1,the-science-and-treatment-of-bipolar-disorder,The Science & Treatment of Bipolar Disorder,pending,
https://www.nature.com/articles/ejcn2016201,1,eating-for-better-sleep-and-foods-that-improve-metabolic-health-marie-pierre-st-onge,Eating for Better Sleep & Foods that Improve Metabolic Health | Dr. Marie-Pierre St-Onge,pending,
https://www.nature.com/articles/ijo2016225,1,dr-robert-lustig-how-sugar-processed-foods-impact-your-health,Dr. Robert Lustig: How Sugar & Processed Foods Impact Your Health,pending,
https://www.nature.com/articles/mp201451,1,dr-matthew-hill-how-cannabis-impacts-health-the-potential-risks,Dr. Matthew Hill: How Cannabis Impacts Health & the Potential Risks,pending,
https://www.nature.com/articles/nature.2013.13112,1,healing-from-grief-loss-dr-mary-frances-oconnor,Healing From Grief & Loss | Dr. Mary-Frances O’Connor,pending,
https://www.nature.com/articles/nature01002,1,essentials-how-to-learn-faster-by-using-failures-movement-balance,"Essentials: How to Learn Faster by Using Failures, Movement & Balance",pending,
https://www.nature.com/articles/nature01135,1,restore-youthfulness-and-vitality-to-the-aging-brain-and-body-tony-wyss-coray,Restore Youthfulness & Vitality to the Aging Brain & Body | Dr. Tony Wyss-Coray,pending,
https://www.nature.com/articles/nature02469,1,science-based-meditation-tools-to-improve-your-brain-and-health-richard-davidson,Science-Based Meditation Tools to Improve Your Brain & Health | Dr. Richard Davidson,pending,
https://www.nature.com/articles/nature03052,1,how-to-grow-from-doing-hard-things-michael-easter,How to Grow From Doing Hard Things | Michael Easter,pending,
https://www.nature.com/articles/nature03495,1,science-and-tools-of-learning-and-memory-david-eagleman,Science & Tools of Learning & Memory | Dr. David Eagleman,verified-study,结果提示视觉皮层修复与“成人大脑普遍可塑”叙事之间存在边界；不能转化为人类视觉康复方案或普遍学习结论（证据台账回链；来源题名与 Episode 主题仍需分别解读。）
https://www.nature.com/articles/nature04480,1,improve-lymphatic-system-health-appearance,Improve Your Lymphatic System for Overall Health & Appearance,pending,
https://www.nature.com/articles/nature06089,1,male-vs-female-brain-differences-how-they-arise-from-genes-hormones-dr-nirao-shah,Male vs. Female Brain Differences & How They Arise From Genes & Hormones | Dr. Nirao Shah,pending,
https://www.nature.com/articles/nature07935,1,dr-diego-bohorquez-the-science-of-your-gut-sense-the-gut-brain-axis,Dr. Diego Bohórquez: The Science of Your Gut Sense & the Gut-Brain Axis,pending,
https://www.nature.com/articles/nature09656,1,how-to-rewire-your-brain-and-learn-faster-dr-michael-kilgard,How to Rewire Your Brain & Learn Faster | Dr. Michael Kilgard,pending,
https://www.nature.com/articles/nature10130,1,ketamine-benefits-and-risks-for-depression-ptsd-and-neuroplasticity,"Ketamine: Benefits and Risks for Depression, PTSD & Neuroplasticity",pending,
https://www.nature.com/articles/nature10815,1,dr-peter-attia-supplements-for-longevity-their-efficacy,Dr. Peter Attia: Supplements for Longevity & Their Efficacy,verified-study,性别特异的转基因模型，不能外推为人类 SIRT6 激活、补剂疗效或长寿剂量建议（证据台账回链；来源题名与 Episode 主题仍需分别解读。）
https://www.nature.com/articles/nature11234,1,essentials-build-maintain-repair-gut-health-justin-sonnenburg,"Essentials: How to Build, Maintain & Repair Gut Health | Dr. Justin Sonnenburg",pending,
https://www.nature.com/articles/nature11527,1,dr-kay-tye-the-biology-of-social-interactions-and-emotions,Dr. Kay Tye: The Biology of Social Interactions and Emotions,pending,
https://www.nature.com/articles/nature11673,1,essentials-timing-light-for-better-sleep-energy-and-mood-dr-samer-hattar,"Essentials: Timing Light for Better Sleep, Energy & Mood | Dr. Samer Hattar",verified-study,研究显示不规则光照对小鼠情绪和学习的影响依赖 melanopsin-containing retinal ganglion cells；不能外推为人类光照时间表、抑郁治疗或学习处方（证据台账回链；来源题名与 Episode 主题仍需分别解读。）
https://www.nature.com/articles/nature12486,1,improve-focus-with-behavioral-tools-medication-for-adhd-john-kruse,Improve Focus with Behavioral Tools & Medication for ADHD | Dr. John Kruse,verified-study,研究报告多任务表现和部分未训练认知控制指标改善，且部分效果维持六个月；自定义游戏、特定任务与样本限制推广，且其队列链接的 ADHD Episode 标题与论文错配（证据台账回链；来源题名与 Episode 主题仍需分别解读。）
https://www.nature.com/articles/nature12518,1,dr-robert-malenka-how-your-brains-reward-circuits-drive-your-choices,Dr. Robert Malenka: How Your Brain's Reward Circuits Drive Your Choices,pending,
https://www.nature.com/articles/nature13752,1,how-foods-and-nutrients-control-our-moods,How Foods and Nutrients Control Our Moods,verified-review,该页面是 2014 年 News & Views，不能替代其引用的原始研究，也不能直接推出饮食或减重处方（证据台账回链；来源题名与 Episode 主题仍需分别解读。）
https://www.nature.com/articles/nature14232,1,essentials-build-maintain-repair-gut-health-justin-sonnenburg,"Essentials: How to Build, Maintain & Repair Gut Health | Dr. Justin Sonnenburg",pending,
https://www.nature.com/articles/nature16504,1,essentials-build-maintain-repair-gut-health-justin-sonnenburg,"Essentials: How to Build, Maintain & Repair Gut Health | Dr. Justin Sonnenburg",pending,
https://www.nature.com/articles/nature18950,1,dr-zachary-knight-the-science-of-hunger-medications-to-combat-obesity,Dr. Zachary Knight: The Science of Hunger & Medications to Combat Obesity,pending,
https://www.nature.com/articles/nature22330,1,using-stem-cells-to-cure-autism-epilepsy-and-schizophrenia-dr-sergiu-pasca,"Using Stem Cells to Cure Autism, Epilepsy & Schizophrenia | Dr. Sergiu Pașca",pending,
https://www.nature.com/articles/nature25509,1,ketamine-benefits-and-risks-for-depression-ptsd-and-neuroplasticity,"Ketamine: Benefits and Risks for Depression, PTSD & Neuroplasticity",pending,
https://www.nature.com/articles/ncomms10996,1,dr-maya-shankar-how-to-shape-your-identity-and-goals,Dr. Maya Shankar: How to Shape Your Identity & Goals,pending,
https://www.nature.com/articles/ncomms13800,1,how-hormones-status-shape-our-values-decisions-dr-michael-platt,How Hormones & Status Shape Our Values & Decisions | Dr. Michael Platt,pending,
https://www.nature.com/articles/nm.3479,1,essentials-control-pain-heal-faster-with-your-brain,Essentials: Control Pain & Heal Faster With Your Brain,pending,
https://www.nature.com/articles/nm1653,1,restore-youthfulness-and-vitality-to-the-aging-brain-and-body-tony-wyss-coray,Restore Youthfulness & Vitality to the Aging Brain & Body | Dr. Tony Wyss-Coray,pending,
https://www.nature.com/articles/nn.4264,1,essentials-the-biology-of-aggression-mating-and-arousal-david-anderson,"Essentials: The Biology of Aggression, Mating & Arousal | Dr. David Anderson",pending,
https://www.nature.com/articles/nn0203-119,1,expand-consciousness-dr-christof-koch,How to Expand Your Consciousness | Dr. Christof Koch,pending,
https://www.nature.com/articles/nn0799_597,1,accelerate-learning-and-increase-cognitive-capacity-tommy-wood,Accelerate Learning & Increase Cognitive Capacity | Dr. Tommy Wood,pending,
https://www.nature.com/articles/nn1707,1,dr-elissa-epel-control-stress-for-healthy-eating-metabolism-and-aging,"Dr. Elissa Epel: Control Stress for Healthy Eating, Metabolism & Aging",pending,
https://www.nature.com/articles/nn1819,1,dr-noam-sobel-how-smells-influence-our-hormones-health-and-behavior,"Dr. Noam Sobel: How Smells Influence Our Hormones, Health & Behavior",pending,
https://www.nature.com/articles/npp2009114,1,dr-matthew-hill-how-cannabis-impacts-health-the-potential-risks,Dr. Matthew Hill: How Cannabis Impacts Health & the Potential Risks,pending,
https://www.nature.com/articles/npp2014301,1,adderall-stimulants-and-modafinil-for-adhd-short-and-long-term-effects,"Adderall, Stimulants & Modafinil for ADHD: Short- & Long-Term Effects",pending,
https://www.nature.com/articles/npp2017168,1,dr-jordan-peterson-how-to-best-guide-your-life-decisions-path,Dr. Jordan Peterson: How to Best Guide Your Life Decisions & Path,pending,
https://www.nature.com/articles/nrn2762-c1,1,guest-series-dr-matt-walker-using-sleep-to-improve-learning-creativity-memory,"Guest Series | Dr. Matt Walker: Using Sleep to Improve Learning, Creativity & Memory",pending,
https://www.nature.com/articles/nrn3743,1,essentials-timing-light-for-better-sleep-energy-and-mood-dr-samer-hattar,"Essentials: Timing Light for Better Sleep, Energy & Mood | Dr. Samer Hattar",pending,
https://www.nature.com/articles/s41380-018-0215-1,1,dr-matthew-hill-how-cannabis-impacts-health-the-potential-risks,Dr. Matthew Hill: How Cannabis Impacts Health & the Potential Risks,pending,
https://www.nature.com/articles/s41380-019-0503-4,1,ketamine-benefits-and-risks-for-depression-ptsd-and-neuroplasticity,"Ketamine: Benefits and Risks for Depression, PTSD & Neuroplasticity",pending,
https://www.nature.com/articles/s41380-021-01075-4,1,using-cortisol-and-adrenaline-to-boost-our-energy-and-immune-system,Using Cortisol & Adrenaline to Boost Our Energy & Immune System,pending,
https://www.nature.com/articles/s41380-022-01845-8,1,dr-karen-parker-the-causes-treatments-for-autism,Dr. Karen Parker: The Causes & Treatments for Autism,pending,
https://www.nature.com/articles/s41392-025-02177-z,1,improve-lymphatic-system-health-appearance,Improve Your Lymphatic System for Overall Health & Appearance,pending,
https://www.nature.com/articles/s41398-022-01956-4,1,the-effects-of-cannabis-marijuana-on-the-brain-and-body,The Effects of Cannabis (Marijuana) on the Brain & Body,pending,
https://www.nature.com/articles/s41419-023-05835-8,1,transform-your-mental-health-with-diet-lifestyle-dr-chris-palmer,Transform Your Mental Health With Diet & Lifestyle | Dr. Chris Palmer,pending,
https://www.nature.com/articles/s41467-017-02170-3,1,guest-series-dr-matthew-walker-protocols-to-improve-your-sleep,Guest Series | Dr. Matthew Walker: Protocols to Improve Your Sleep,verified-study,两个实验夜的睡眠实验室方案，结果为短期生理指标变化；不能把实验刺激直接转成消费级设备、普遍睡眠改善或临床治疗建议（证据台账回链；来源题名与 Episode 主题仍需分别解读。）
https://www.nature.com/articles/s41467-019-09311-w,1,how-nature-other-physical-environments-impact-your-focus-cognition-health-marc-berman,"How Nature & Other Physical Environments Impact Your Focus, Cognition & Health | Dr. Marc Berman",pending,
https://www.nature.com/articles/s41467-019-12552-4,1,the-science-of-setting-and-achieving-goals,The Science of Setting & Achieving Goals,verified-study,不能直接当作所有人类学习任务的精确处方（证据台账回链；来源题名与 Episode 主题仍需分别解读。）
https://www.nature.com/articles/s41467-020-18349-0,1,a-science-supported-journaling-protocol-to-improve-mental-physical-health,A Science-Supported Journaling Protocol to Improve Mental & Physical Health,pending,
https://www.nature.com/articles/s41467-022-28735-5,1,what-alcohol-does-to-your-body-brain-health,"What Alcohol Does to Your Body, Brain & Health",pending,
https://www.nature.com/articles/s41467-022-29600-1,1,science-and-health-benefits-of-belief-in-god-and-religion-dr-david-desteno,Science & Health Benefits of Belief in God & Religion | Dr. David DeSteno,pending,
https://www.nature.com/articles/s41467-023-37463-3,1,ketamine-benefits-and-risks-for-depression-ptsd-and-neuroplasticity,"Ketamine: Benefits and Risks for Depression, PTSD & Neuroplasticity",pending,
https://www.nature.com/articles/s41467-023-43095-4,1,dr-terry-sejnowski-how-to-improve-at-learning-using-neuroscience-ai,Dr. Terry Sejnowski: How to Improve at Learning Using Neuroscience & AI,verified-study,这是临床辅助诊断研究，不是自我诊断或一般学习增强；其队列链接的 Sejnowski Episode 标题与论文主题并不相同（证据台账回链；来源题名与 Episode 主题仍需分别解读。）
https://www.nature.com/articles/s41551-022-00999-8,1,transform-metabolic-health-longevity-unique-biology-michael-snyder,Transform Your Metabolic Health & Longevity by Knowing Your Unique Biology | Dr. Michael Snyder,pending,
https://www.nature.com/articles/s41562-017-0082,1,how-genes-shape-your-risk-taking-and-morals-kathryn-paige-harden,How Genes Shape Your Risk Taking & Morals | Dr. Kathryn Paige Harden,pending,
https://www.nature.com/articles/s41562-019-0754-8,1,guest-series-dr-matt-walker-improve-sleep-to-boost-mood-emotional-regulation,Guest Series | Dr. Matt Walker: Improve Sleep to Boost Mood & Emotional Regulation,verified-study,短期睡眠操纵、健康非临床样本和统计更正限制因果与临床推广；不能把睡眠建议写成焦虑障碍治疗替代方案（证据台账回链；来源题名与 Episode 主题仍需分别解读。）
https://www.nature.com/articles/s41562-021-01282-7,1,accelerate-learning-and-increase-cognitive-capacity-tommy-wood,Accelerate Learning & Increase Cognitive Capacity | Dr. Tommy Wood,pending,
https://www.nature.com/articles/s41562-023-01582-0,1,dr-jamil-zaki-how-to-cultivate-a-positive-growth-oriented-mindset,"Dr. Jamil Zaki: How to Cultivate a Positive, Growth-Oriented Mindset",pending,
https://www.nature.com/articles/s41562-023-01729-z,1,josh-waitzkin-the-art-of-learning-living-life,Josh Waitzkin: The Art of Learning & Living Life,pending,
https://www.nature.com/articles/s41568-023-00556-8,1,how-to-control-your-cortisol-overcome-burnout,How to Control Your Cortisol & Overcome Burnout,verified-review,是癌症神经科学的机制综述，不是降低皮质醇或治疗癌症的临床试验，且其队列链接的 Episode 标题与论文错配（证据台账回链；来源题名与 Episode 主题仍需分别解读。）
https://www.nature.com/articles/s41569-025-01235-x,1,improve-energy-longevity-by-optimizing-mitochondria-martin-picard,Improve Energy & Longevity by Optimizing Mitochondria | Dr. Martin Picard,pending,
https://www.nature.com/articles/s41581-018-0048-9,1,how-to-optimize-your-water-quality-and-intake-for-health,How to Optimize Your Water Quality & Intake for Health,pending,
https://www.nature.com/articles/s41583-019-0150-4,1,dr-charan-ranganath-how-to-improve-memory-focus-using-science-protocols,Dr. Charan Ranganath: How to Improve Memory & Focus Using Science Protocols,pending,
https://www.nature.com/articles/s41583-020-0360-9,1,dr-gina-poe-use-sleep-to-enhance-learning-memory-and-emotional-state,"Dr. Gina Poe: Use Sleep to Enhance Learning, Memory & Emotional State",verified-review,证据主要来自基础与转化研究；不能据此直接推荐迷走神经刺激、兴奋剂或睡眠方案，且其队列链接的 Episode 标题与论文错配（证据台账回链；来源题名与 Episode 主题仍需分别解读。）
https://www.nature.com/articles/s41583-021-00455-7,1,controlling-your-dopamine-for-motivation-focus-and-satisfaction,"Controlling Your Dopamine For Motivation, Focus & Satisfaction",pending,
https://www.nature.com/articles/s41586-018-0078-2,1,tools-for-overcoming-substance-behavioral-addictions-ryan-soave,Tools for Overcoming Substance & Behavioral Addictions | Ryan Soave,verified-study,不直接证明人类恐惧/创伤干预有效（证据台账回链；来源题名与 Episode 主题仍需分别解读。）
https://www.nature.com/articles/s41586-018-0353-2,1,essentials-lose-fat-with-science-based-tools,Essentials: Lose Fat With Science-Based Tools,pending,
https://www.nature.com/articles/s41586-019-1066-x,1,dr-zachary-knight-the-science-of-hunger-medications-to-combat-obesity,Dr. Zachary Knight: The Science of Hunger & Medications to Combat Obesity,pending,
https://www.nature.com/articles/s41586-019-1466-y,1,dr-david-yeager-how-to-master-growth-mindset-to-improve-performance,Dr. David Yeager: How to Master Growth Mindset to Improve Performance,pending,
https://www.nature.com/articles/s41586-020-03118-2,1,dr-sean-mackey-tools-to-reduce-manage-pain,Dr. Sean Mackey: Tools to Reduce & Manage Pain,pending,
https://www.nature.com/articles/s41586-020-2995-0,1,robert-greene-a-process-for-finding-achieving-your-unique-purpose,Robert Greene: A Process for Finding & Achieving Your Unique Purpose,pending,
https://www.nature.com/articles/s41586-020-3037-7,1,cultivating-awe-and-emotional-connection-dr-dacher-keltner,Cultivating Awe & Emotional Connection in Daily Life | Dr. Dacher Keltner,pending,
https://www.nature.com/articles/s41586-021-03956-8,1,dr-robert-malenka-how-your-brains-reward-circuits-drive-your-choices,Dr. Robert Malenka: How Your Brain's Reward Circuits Drive Your Choices,pending,
https://www.nature.com/articles/s41586-021-04001-4,1,essentials-nervous-system-immune-system,Essentials: Using Your Nervous System to Enhance Your Immune System,pending,
https://www.nature.com/articles/s41586-022-04507-5,1,dr-kay-tye-the-biology-of-social-interactions-and-emotions,Dr. Kay Tye: The Biology of Social Interactions and Emotions,pending,
https://www.nature.com/articles/s41586-022-04709-x,1,dr-satchin-panda-intermittent-fasting-to-improve-health-cognition-and-longevity,"Dr. Satchin Panda: Intermittent Fasting to Improve Health, Cognition & Longevity",pending,
https://www.nature.com/articles/s41586-022-04954-0,1,dr-zachary-knight-the-science-of-hunger-medications-to-combat-obesity,Dr. Zachary Knight: The Science of Hunger & Medications to Combat Obesity,pending,
https://www.nature.com/articles/s41586-022-05219-6,1,using-stem-cells-to-cure-autism-epilepsy-and-schizophrenia-dr-sergiu-pasca,"Using Stem Cells to Cure Autism, Epilepsy & Schizophrenia | Dr. Sergiu Pașca",pending,
https://www.nature.com/articles/s41586-023-06564-w,1,using-stem-cells-to-cure-autism-epilepsy-and-schizophrenia-dr-sergiu-pasca,"Using Stem Cells to Cure Autism, Epilepsy & Schizophrenia | Dr. Sergiu Pașca",pending,
https://www.nature.com/articles/s41586-023-06568-6,1,a-science-supported-journaling-protocol-to-improve-mental-physical-health,A Science-Supported Journaling Protocol to Improve Mental & Physical Health,pending,
https://www.nature.com/articles/s41586-023-06899-4,1,improve-lymphatic-system-health-appearance,Improve Your Lymphatic System for Overall Health & Appearance,pending,
https://www.nature.com/articles/s41586-024-07178-6,1,how-hormones-status-shape-our-values-decisions-dr-michael-platt,How Hormones & Status Shape Our Values & Decisions | Dr. Michael Platt,pending,
https://www.nature.com/articles/s41586-024-07310-6,1,using-stem-cells-to-cure-autism-epilepsy-and-schizophrenia-dr-sergiu-pasca,"Using Stem Cells to Cure Autism, Epilepsy & Schizophrenia | Dr. Sergiu Pașca",pending,
https://www.nature.com/articles/s41586-024-08412-x,1,transform-your-mental-health-with-diet-lifestyle-dr-chris-palmer,Transform Your Mental Health With Diet & Lifestyle | Dr. Chris Palmer,pending,
https://www.nature.com/articles/s41586-024-08487-6,1,using-stem-cells-to-cure-autism-epilepsy-and-schizophrenia-dr-sergiu-pasca,"Using Stem Cells to Cure Autism, Epilepsy & Schizophrenia | Dr. Sergiu Pașca",pending,
https://www.nature.com/articles/s41586-025-08740-6,1,improve-energy-longevity-by-optimizing-mitochondria-martin-picard,Improve Energy & Longevity by Optimizing Mitochondria | Dr. Martin Picard,pending,
https://www.nature.com/articles/s41586-025-08808-3,1,using-stem-cells-to-cure-autism-epilepsy-and-schizophrenia-dr-sergiu-pasca,"Using Stem Cells to Cure Autism, Epilepsy & Schizophrenia | Dr. Sergiu Pașca",pending,
https://www.nature.com/articles/s41586-025-09028-5,1,how-to-rewire-your-brain-and-learn-faster-dr-michael-kilgard,How to Rewire Your Brain & Learn Faster | Dr. Michael Kilgard,pending,
https://www.nature.com/articles/s41586-025-09052-5,1,improve-lymphatic-system-health-appearance,Improve Your Lymphatic System for Overall Health & Appearance,pending,
https://www.nature.com/articles/s41586-026-10242-y,1,peptides-the-science-uses-and-safety-abud-bakri,"Peptides: The Science, Uses & Safety | Dr. Abud Bakri",pending,
https://www.nature.com/articles/s41586-026-10524-5,1,eating-for-better-sleep-and-foods-that-improve-metabolic-health-marie-pierre-st-onge,Eating for Better Sleep & Foods that Improve Metabolic Health | Dr. Marie-Pierre St-Onge,pending,
https://www.nature.com/articles/s41591-022-01744-z,1,dr-robin-carhart-harris-the-science-of-psychedelics-for-mental-health,Dr. Robin Carhart-Harris: The Science of Psychedelics for Mental Health,pending,
https://www.nature.com/articles/s41591-022-01941-w,1,dr-casey-halpern-biology-and-treatments-for-compulsive-eating-and-behaviors,Dr. Casey Halpern: Biology & Treatments for Compulsive Eating & Behaviors,pending,
https://www.nature.com/articles/s41591-022-02100-x,1,the-best-vitality-and-health-protocols-rhonda-patrick,The Best Vitality & Health Protocols | Dr. Rhonda Patrick,pending,
https://www.nature.com/articles/s41591-023-02705-w,1,essentials-psychedelics-neurostimulation-for-brain-rewiring-nolan-williams,Essentials: Psychedelics & Neurostimulation for Brain Rewiring | Dr. Nolan Williams,pending,
https://www.nature.com/articles/s41591-024-02924-9,1,dr-gary-steinberg-how-to-improve-brain-health-offset-neurodegeneration,Dr. Gary Steinberg: How to Improve Brain Health & Offset Neurodegeneration,pending,
https://www.nature.com/articles/s41591-024-03351-6,1,accelerate-learning-and-increase-cognitive-capacity-tommy-wood,Accelerate Learning & Increase Cognitive Capacity | Dr. Tommy Wood,pending,
https://www.nature.com/articles/s41591-025-03565-2,1,restore-youthfulness-and-vitality-to-the-aging-brain-and-body-tony-wyss-coray,Restore Youthfulness & Vitality to the Aging Brain & Body | Dr. Tony Wyss-Coray,pending,
https://www.nature.com/articles/s41591-025-03719-2,1,transform-metabolic-health-longevity-unique-biology-michael-snyder,Transform Your Metabolic Health & Longevity by Knowing Your Unique Biology | Dr. Michael Snyder,pending,
https://www.nature.com/articles/s41593-018-0206-1,1,dr-matthew-hill-how-cannabis-impacts-health-the-potential-risks,Dr. Matthew Hill: How Cannabis Impacts Health & the Potential Risks,pending,
https://www.nature.com/articles/s41593-021-00802-y,1,using-stem-cells-to-cure-autism-epilepsy-and-schizophrenia-dr-sergiu-pasca,"Using Stem Cells to Cure Autism, Epilepsy & Schizophrenia | Dr. Sergiu Pașca",pending,
https://www.nature.com/articles/s41593-021-00903-8,1,leverage-dopamine-to-overcome-procrastination-and-optimize-effort,Leverage Dopamine to Overcome Procrastination & Optimize Effort,pending,
https://www.nature.com/articles/s41593-022-01177-4,1,how-psilocybin-can-rewire-our-brain-its-therapeutic-benefits-and-its-risks,"How Psilocybin Can Rewire Our Brain, Its Therapeutic Benefits & Its Risks",pending,
https://www.nature.com/articles/s41593-022-01245-9,1,dr-terry-sejnowski-how-to-improve-at-learning-using-neuroscience-ai,Dr. Terry Sejnowski: How to Improve at Learning Using Neuroscience & AI,pending,
https://www.nature.com/articles/s41593-023-01373-w,1,dr-diego-bohorquez-the-science-of-your-gut-sense-the-gut-brain-axis,Dr. Diego Bohórquez: The Science of Your Gut Sense & the Gut-Brain Axis,pending,
https://www.nature.com/articles/s41598-017-05520-9,1,essentials-science-of-gratitude-practice,Essentials: The Science of Gratitude & How to Build a Gratitude Practice,pending,
https://www.nature.com/articles/s41598-017-17750-y,1,how-to-rewire-your-brain-and-learn-faster-dr-michael-kilgard,How to Rewire Your Brain & Learn Faster | Dr. Michael Kilgard,pending,
https://www.nature.com/articles/s41598-018-20696-4,1,how-to-optimize-your-water-quality-and-intake-for-health,How to Optimize Your Water Quality & Intake for Health,pending,
https://www.nature.com/articles/s41598-018-25607-1,1,how-hormones-status-shape-our-values-decisions-dr-michael-platt,How Hormones & Status Shape Our Values & Decisions | Dr. Michael Platt,pending,
https://www.nature.com/articles/s41598-018-26198-7,1,improve-flexibility-with-research-supported-stretching-protocols,Improve Flexibility with Research-Supported Stretching Protocols,pending,
https://www.nature.com/articles/s41598-018-28274-4,1,the-science-of-creativity-and-how-to-enhance-creative-innovation,The Science of Creativity & How to Enhance Creative Innovation,pending,
https://www.nature.com/articles/s41598-018-30119-z,1,dr-gary-steinberg-how-to-improve-brain-health-offset-neurodegeneration,Dr. Gary Steinberg: How to Improve Brain Health & Offset Neurodegeneration,pending,
https://www.nature.com/articles/s41598-020-64720-y,1,essentials-science-of-gratitude-practice,Essentials: The Science of Gratitude & How to Build a Gratitude Practice,pending,
https://www.nature.com/articles/s41598-020-68930-2,1,how-to-optimize-your-water-quality-and-intake-for-health,How to Optimize Your Water Quality & Intake for Health,pending,
https://www.nature.com/articles/s41598-020-74022-y,1,benefits-risks-of-peptide-therapeutics-for-physical-mental-health,Benefits & Risks of Peptide Therapeutics for Physical & Mental Health,pending,
https://www.nature.com/articles/s41598-020-77673-z,1,how-to-enhance-your-gut-microbiome-for-brain-and-overall-health,How to Enhance Your Gut Microbiome for Brain & Overall Health,pending,
https://www.nature.com/articles/s41598-020-78457-1,1,improve-flexibility-with-research-supported-stretching-protocols,Improve Flexibility with Research-Supported Stretching Protocols,pending,
https://www.nature.com/articles/s41598-020-80590-w,1,the-science-of-love-desire-and-attachment,"The Science of Love, Desire and Attachment",pending,
https://www.nature.com/articles/s41598-021-02311-1#citeas,1,using-light-sunlight-blue-light-and-red-light-to-optimize-health,"Using Light (Sunlight, Blue Light & Red Light) to Optimize Health",verified-study,结果是视觉特定、探索性和短期的；不等于全身代谢、认知或疾病治疗，设备剂量与眼部安全必须单独评估（证据台账回链；来源题名与 Episode 主题仍需分别解读。）
https://www.nature.com/articles/s41598-021-81994-y,1,science-based-mental-training-and-visualization-for-improved-learning,Science-Based Mental Training & Visualization for Improved Learning,pending,
https://www.nature.com/articles/s41598-022-05605-0,1,using-play-to-rewire-and-improve-your-brain,Using Play to Rewire & Improve Your Brain,pending,
https://www.nature.com/articles/s41598-022-12460-6,1,chris-voss-how-to-succeed-at-hard-conversations,Chris Voss: How to Succeed at Hard Conversations,pending,
https://www.nature.com/articles/s41598-022-20643-4,1,pavel-tsatsouline-build-strength-endurance-flexibility-at-any-age,"Pavel Tsatsouline: The Correct Way to Build Strength, Endurance & Flexibility at Any Age",pending,
https://www.nature.com/articles/s41598-022-27247-y,1,how-to-breathe-correctly-for-optimal-health-mood-learning-and-performance,"How to Breathe Correctly for Optimal Health, Mood, Learning & Performance",pending,
https://www.nature.com/articles/s41598-023-31361-w,1,dr-adam-grant-how-to-unlock-your-potential-motivation-unique-abilities,"Dr. Adam Grant: How to Unlock Your Potential, Motivation & Unique Abilities",pending,
https://www.nature.com/articles/s41598-023-50009-3,1,dr-ellen-langer-using-your-mind-to-control-your-physical-health-longevity,Dr. Ellen Langer: Using Your Mind to Control Your Physical Health & Longevity,pending,
https://www.nature.com/articles/s41598-024-53010-6,1,dr-diego-bohorquez-the-science-of-your-gut-sense-the-gut-brain-axis,Dr. Diego Bohórquez: The Science of Your Gut Sense & the Gut-Brain Axis,pending,
https://www.nature.com/articles/s41598-024-54249-9,1,the-best-vitality-and-health-protocols-rhonda-patrick,The Best Vitality & Health Protocols | Dr. Rhonda Patrick,pending,
https://www.nature.com/articles/s41598-024-62994-0,1,dr-allan-schore-how-relationships-shape-your-brain,Dr. Allan Schore: How Relationships Shape Your Brain,pending,
https://www.nature.com/articles/s41598-024-71093-z,1,control-your-vagus-nerve-to-improve-mood-alertness-neuroplasticity,"Control Your Vagus Nerve to Improve Mood, Alertness & Neuroplasticity",pending,
https://www.nature.com/articles/s41746-023-00956-y#citeas,1,dr-casey-means-transform-your-health-by-improving-metabolism-hormone-blood-sugar-regulation,"Dr. Casey Means: Transform Your Health by Improving Metabolism, Hormone & Blood Sugar Regulation",pending,
https://www.nature.com/articles/s42003-022-03643-y.pdf,1,science-based-meditation-tools-to-improve-your-brain-and-health-richard-davidson,Science-Based Meditation Tools to Improve Your Brain & Health | Dr. Richard Davidson,pending,
https://www.nature.com/articles/s42255-022-00600-1,1,dr-matthew-hill-how-cannabis-impacts-health-the-potential-risks,Dr. Matthew Hill: How Cannabis Impacts Health & the Potential Risks,pending,
https://www.nature.com/articles/s42255-025-01226-9,1,the-best-vitality-and-health-protocols-rhonda-patrick,The Best Vitality & Health Protocols | Dr. Rhonda Patrick,pending,
https://www.nature.com/articles/s42255-026-01537-5,1,peptides-the-science-uses-and-safety-abud-bakri,"Peptides: The Science, Uses & Safety | Dr. Abud Bakri",pending,
https://www.nature.com/articles/s42949-020-00005-7,1,how-nature-other-physical-environments-impact-your-focus-cognition-health-marc-berman,"How Nature & Other Physical Environments Impact Your Focus, Cognition & Health | Dr. Marc Berman",pending,
https://www.nature.com/articles/s43587-024-00793-y,1,the-best-vitality-and-health-protocols-rhonda-patrick,The Best Vitality & Health Protocols | Dr. Rhonda Patrick,pending,
https://www.nature.com/articles/s43856-022-00095-7,1,dr-noam-sobel-how-smells-influence-our-hormones-health-and-behavior,"Dr. Noam Sobel: How Smells Influence Our Hormones, Health & Behavior",pending,
https://www.nature.com/articles/s44220-023-00188-9,1,how-placebo-effects-work-to-change-our-biology-psychology,How Placebo Effects Work to Change Our Biology & Psychology,pending,
https://www.nature.com/articles/srep11610,1,how-nature-other-physical-environments-impact-your-focus-cognition-health-marc-berman,"How Nature & Other Physical Environments Impact Your Focus, Cognition & Health | Dr. Marc Berman",pending,
https://www.nature.com/articles/srep25464,1,enhance-learning-speed-neuroscience-poppy-crum,Enhance Your Learning Speed & Health Using Neuroscience Based Protocols | Dr. Poppy Crum,pending,
https://www.nature.com/articles/srep46173/figures/5,1,the-effects-of-microplastics-on-your-health-how-to-reduce-them,The Effects of Microplastics on Your Health & How to Reduce Them,pending,
https://www.ncbi.nlm.nih.gov/books/NBK470280/#_NBK470280_pubdet_,1,how-to-optimize-fertility-in-males-and-females,How to Optimize Fertility in Males & Females,pending,
https://www.ncbi.nlm.nih.gov/books/NBK579343/,1,dr-shanna-swan-how-to-safeguard-your-hormone-health-fertility,Dr. Shanna Swan: How to Safeguard Your Hormone Health & Fertility,pending,
https://www.ncbi.nlm.nih.gov/pmc/articles/PMC10108642/pdf/zpad004.pdf,1,guest-series-dr-matt-walker-how-to-structure-your-sleep-use-naps-time-caffeine,"Guest Series | Dr. Matt Walker: How to Structure Your Sleep, Use Naps & Time Caffeine",verified-review,文章回顾既有动物与人体研究，不是午睡、咖啡因或睡眠结构的个体化试验；队列链接的 Episode 只能作为主题关联（证据台账回链；来源题名与 Episode 主题仍需分别解读。）
https://www.ncbi.nlm.nih.gov/pmc/articles/PMC10229024/,1,optimal-protocols-for-studying-learning,Optimal Protocols for Studying & Learning,verified-review,效果受任务、间隔、反馈和迁移条件影响；不能把它写成统一复习时间表、所有技能都有效或保证认知增强（证据台账回链；来源题名与 Episode 主题仍需分别解读。）
https://www.ncbi.nlm.nih.gov/pmc/articles/PMC1192044/pdf/jphysiol00515-0258.pdf,1,how-to-breathe-correctly-for-optimal-health-mood-learning-and-performance,"How to Breathe Correctly for Optimal Health, Mood, Learning & Performance",pending,
https://www.ncbi.nlm.nih.gov/pmc/articles/PMC155510/,1,dr-layne-norton-the-science-of-eating-for-health-fat-loss-and-lean-muscle,"Dr. Layne Norton: The Science of Eating for Health, Fat Loss & Lean Muscle",pending,
https://www.ncbi.nlm.nih.gov/pmc/articles/PMC202318/,1,science-based-mental-training-and-visualization-for-improved-learning,Science-Based Mental Training & Visualization for Improved Learning,pending,
https://www.ncbi.nlm.nih.gov/pmc/articles/PMC2278544/pdf/tjp0532-0575.pdf,1,dr-layne-norton-tools-for-nutrition-fitness,Dr. Layne Norton: Tools for Nutrition & Fitness,pending,
https://www.ncbi.nlm.nih.gov/pmc/articles/PMC2542970/,1,guest-series-dr-matthew-walker-protocols-to-improve-your-sleep,Guest Series | Dr. Matthew Walker: Protocols to Improve Your Sleep,pending,
https://www.ncbi.nlm.nih.gov/pmc/articles/PMC2560740/pdf/10885180.pdf,1,the-science-and-treatment-of-bipolar-disorder,The Science & Treatment of Bipolar Disorder,pending,
https://www.ncbi.nlm.nih.gov/pmc/articles/PMC2583396/,1,how-to-stop-headaches-using-science-based-approaches,How to Stop Headaches Using Science-Based Approaches,pending,
https://www.ncbi.nlm.nih.gov/pmc/articles/PMC2744509/,1,guest-series-dr-matt-walker-using-sleep-to-improve-learning-creativity-memory,"Guest Series | Dr. Matt Walker: Using Sleep to Improve Learning, Creativity & Memory",pending,
https://www.ncbi.nlm.nih.gov/pmc/articles/PMC3623614/,1,dr-craig-koniver-peptide-hormone-therapies-for-health-performance-longevity,"Dr. Craig Koniver: Peptide & Hormone Therapies for Health, Performance & Longevity",pending,
https://www.ncbi.nlm.nih.gov/pmc/articles/PMC4206157/pdf/NEUROLOGY2013569384.pdf,1,dr-charan-ranganath-how-to-improve-memory-focus-using-science-protocols,Dr. Charan Ranganath: How to Improve Memory & Focus Using Science Protocols,pending,
https://www.ncbi.nlm.nih.gov/pmc/articles/PMC4251874/pdf/nihms543434.pdf,1,optimal-protocols-for-studying-learning,Optimal Protocols for Studying & Learning,verified-review,综述讨论神经基底、测量争议和边界条件；可作记忆机制背景，不能直接推出固定学习时程或完整播客协议（证据台账回链；来源题名与 Episode 主题仍需分别解读。）
https://www.ncbi.nlm.nih.gov/pmc/articles/PMC4345929/pdf/jcad_8_2_19.pdf,1,dr-teo-soleymani-how-to-improve-protect-your-skin-health-appearance,Dr. Teo Soleymani: How to Improve & Protect Your Skin Health & Appearance,pending,
https://www.ncbi.nlm.nih.gov/pmc/articles/PMC5081399/,1,dr-satchin-panda-intermittent-fasting-to-improve-health-cognition-and-longevity,"Dr. Satchin Panda: Intermittent Fasting to Improve Health, Cognition & Longevity",pending,
https://www.ncbi.nlm.nih.gov/pmc/articles/PMC5320422/,1,dr-satchin-panda-intermittent-fasting-to-improve-health-cognition-and-longevity,"Dr. Satchin Panda: Intermittent Fasting to Improve Health, Cognition & Longevity",pending,
https://www.ncbi.nlm.nih.gov/pmc/articles/PMC5928534/,1,dr-andy-galpin-how-to-build-physical-endurance-and-lose-fat,Guest Series | Dr. Andy Galpin: How to Build Physical Endurance & Lose Fat,verified-review,不能把急性运动结果改写成统一运动剂量或持久认知增强承诺；同一论文的不同访问链接只计一条证据（证据台账回链；来源题名与 Episode 主题仍需分别解读。）
https://www.ncbi.nlm.nih.gov/pmc/articles/PMC6430172/,1,goals-toolkit-how-to-set-achieve-your-goals,Goals Toolkit: How to Set & Achieve Your Goals,pending,
https://www.ncbi.nlm.nih.gov/pmc/articles/PMC6740586/pdf/0239395.pdf,1,dr-charan-ranganath-how-to-improve-memory-focus-using-science-protocols,Dr. Charan Ranganath: How to Improve Memory & Focus Using Science Protocols,pending,
https://www.ncbi.nlm.nih.gov/pmc/articles/PMC7046447/pdf/zns1897.pdf,1,dr-matthew-hill-how-cannabis-impacts-health-the-potential-risks,Dr. Matthew Hill: How Cannabis Impacts Health & the Potential Risks,pending,
https://www.ncbi.nlm.nih.gov/pmc/articles/PMC7392084/pdf/main.pdf,1,dr-charan-ranganath-how-to-improve-memory-focus-using-science-protocols,Dr. Charan Ranganath: How to Improve Memory & Focus Using Science Protocols,pending,
https://www.ncbi.nlm.nih.gov/pmc/articles/PMC8197661/pdf/amep-12-627.pdf,1,optimal-protocols-for-studying-learning,Optimal Protocols for Studying & Learning,pending,
https://www.sciencedirect.com/author/7005504346/lynda-l-uphouse,1,how-hormones-shape-sexual-orientation-and-behavior-marc-breedlove,How Hormones Shape Sexual Orientation & Behavior | Dr. Marc Breedlove,pending,
https://www.sciencedirect.com/science/article/abs/pii/0013469485900227?via%3Dihub',1,guest-series-dr-matthew-walker-protocols-to-improve-your-sleep,Guest Series | Dr. Matthew Walker: Protocols to Improve Your Sleep,pending,
https://www.sciencedirect.com/science/article/abs/pii/0018506X71900377,1,male-vs-female-brain-differences-how-they-arise-from-genes-hormones-dr-nirao-shah,Male vs. Female Brain Differences & How They Arise From Genes & Hormones | Dr. Nirao Shah,pending,
https://www.sciencedirect.com/science/article/abs/pii/0022395666900033?via%3Dihub,1,guest-series-dr-matt-walker-improve-sleep-to-boost-mood-emotional-regulation,Guest Series | Dr. Matt Walker: Improve Sleep to Boost Mood & Emotional Regulation,pending,
https://www.sciencedirect.com/science/article/abs/pii/0023969081900205,1,dr-charan-ranganath-how-to-improve-memory-focus-using-science-protocols,Dr. Charan Ranganath: How to Improve Memory & Focus Using Science Protocols,pending,
https://www.sciencedirect.com/science/article/abs/pii/0028393268900213?via%3Dihub,1,the-science-art-of-comedy-creativity-tom-segura,The Science & Art of Comedy & Creativity | Tom Segura,pending,
https://www.sciencedirect.com/science/article/abs/pii/004058097690040X?via%3Dihub,1,how-hormones-status-shape-our-values-decisions-dr-michael-platt,How Hormones & Status Shape Our Values & Decisions | Dr. Michael Platt,pending,
https://www.sciencedirect.com/science/article/abs/pii/0092656686901273,1,dr-adam-grant-how-to-unlock-your-potential-motivation-unique-abilities,"Dr. Adam Grant: How to Unlock Your Potential, Motivation & Unique Abilities",pending,
https://www.sciencedirect.com/science/article/abs/pii/0196070994900361?via%3Dihub,1,protect-improve-your-hearing-brain-health-konstantina-stankovic,Protect & Improve Your Hearing & Brain Health | Dr. Konstantina Stankovic,pending,
https://www.sciencedirect.com/science/article/abs/pii/0196978188901829?via%3Dihub,1,dr-zachary-knight-the-science-of-hunger-medications-to-combat-obesity,Dr. Zachary Knight: The Science of Hunger & Medications to Combat Obesity,pending,
https://www.sciencedirect.com/science/article/abs/pii/030645658790060X,1,improve-energy-longevity-by-optimizing-mitochondria-martin-picard,Improve Energy & Longevity by Optimizing Mitochondria | Dr. Martin Picard,pending,
https://www.sciencedirect.com/science/article/abs/pii/0361923094902003?via%3Dihub,1,leverage-dopamine-to-overcome-procrastination-and-optimize-effort,Leverage Dopamine to Overcome Procrastination & Optimize Effort,pending,
https://www.sciencedirect.com/science/article/abs/pii/0370269371900943?via%3Dihub,1,dr-bernardo-huberman-how-to-use-curiosity-focus-to-create-a-joyful-meaningful-life,Dr. Bernardo Huberman: How to Use Curiosity & Focus to Create a Joyful & Meaningful Life,pending,
https://www.sciencedirect.com/science/article/abs/pii/0378437183901991,1,dr-bernardo-huberman-how-to-use-curiosity-focus-to-create-a-joyful-meaningful-life,Dr. Bernardo Huberman: How to Use Curiosity & Focus to Create a Joyful & Meaningful Life,pending,
https://www.sciencedirect.com/science/article/abs/pii/092842579390038U?via%3Dihub,1,peptides-the-science-uses-and-safety-abud-bakri,"Peptides: The Science, Uses & Safety | Dr. Abud Bakri",pending,
https://www.sciencedirect.com/science/article/abs/pii/B9780123970459001440,1,nicotines-effects-on-the-brain-and-body-and-how-to-quit-smoking-or-vaping,Nicotine's Effects on the Brain & Body & How to Quit Smoking or Vaping,pending,
https://www.sciencedirect.com/science/article/abs/pii/B978012821377300012X?via%3Dihub,1,science-based-mental-training-and-visualization-for-improved-learning,Science-Based Mental Training & Visualization for Improved Learning,pending,
https://www.sciencedirect.com/science/article/abs/pii/S0001691814001577?via%3Dihub,1,how-to-use-exercise-to-improve-your-brains-health-longevity-performance,"How to Use Exercise to Improve Your Brain’s Health, Longevity & Performance",pending,
https://www.sciencedirect.com/science/article/abs/pii/S0001691817301336,1,using-deliberate-cold-exposure-for-health-and-performance,Using Deliberate Cold Exposure for Health and Performance,pending,
https://www.sciencedirect.com/science/article/abs/pii/S0005796701000122?via%3Dihub,1,guest-series-dr-matthew-walker-protocols-to-improve-your-sleep,Guest Series | Dr. Matthew Walker: Protocols to Improve Your Sleep,pending,
https://www.sciencedirect.com/science/article/abs/pii/S0006322310004701,1,dr-victor-carrion-how-to-heal-from-post-traumatic-stress-disorder,Dr. Victor Carrión: How to Heal From Post-Traumatic Stress Disorder (PTSD),pending,
https://www.sciencedirect.com/science/article/abs/pii/S0006322399002309,1,ketamine-benefits-and-risks-for-depression-ptsd-and-neuroplasticity,"Ketamine: Benefits and Risks for Depression, PTSD & Neuroplasticity",pending,
https://www.sciencedirect.com/science/article/abs/pii/S0006899318304049?via%3Dihub,1,dr-robert-malenka-how-your-brains-reward-circuits-drive-your-choices,Dr. Robert Malenka: How Your Brain's Reward Circuits Drive Your Choices,pending,
https://www.sciencedirect.com/science/article/abs/pii/S0010027710000715?via%3Dihub,1,the-science-of-creativity-and-how-to-enhance-creative-innovation,The Science of Creativity & How to Enhance Creative Innovation,pending,
https://www.sciencedirect.com/science/article/abs/pii/S0010027718300192?utm_source=chatgpt.com,1,how-nature-other-physical-environments-impact-your-focus-cognition-health-marc-berman,"How Nature & Other Physical Environments Impact Your Focus, Cognition & Health | Dr. Marc Berman",pending,
https://www.sciencedirect.com/science/article/abs/pii/S0010945219303326,1,dr-becky-kennedy-protocols-for-excellent-parenting-improving-relationships-of-all-kinds,Dr. Becky Kennedy: Protocols for Excellent Parenting & Improving Relationships of All Kinds,pending,
https://www.sciencedirect.com/science/article/abs/pii/S001393511830015X?via%3Dihub,1,how-to-control-your-cortisol-overcome-burnout,How to Control Your Cortisol & Overcome Burnout,pending,
https://www.sciencedirect.com/science/article/abs/pii/S0013935120311610?via%3Dihub,1,dr-shanna-swan-how-to-safeguard-your-hormone-health-fertility,Dr. Shanna Swan: How to Safeguard Your Hormone Health & Fertility,pending,
https://www.sciencedirect.com/science/article/abs/pii/S0014483519302362?via%3Dihub,1,red-light-to-improve-metabolism-and-harmful-effects-of-led-glen-jeffery,Using Red Light to Improve Metabolism & the Harmful Effects of LEDs | Dr. Glen Jeffery,pending,
https://www.sciencedirect.com/science/article/abs/pii/S0014488600975125?via%3Dihub,1,the-best-vitality-and-health-protocols-rhonda-patrick,The Best Vitality & Health Protocols | Dr. Rhonda Patrick,pending,
https://www.sciencedirect.com/science/article/abs/pii/S0018506X01916800?via%3Dihub,1,how-hormones-shape-sexual-orientation-and-behavior-marc-breedlove,How Hormones Shape Sexual Orientation & Behavior | Dr. Marc Breedlove,pending,
https://www.sciencedirect.com/science/article/abs/pii/S0018506X01916812?via%3Dihub,1,how-hormones-shape-sexual-orientation-and-behavior-marc-breedlove,How Hormones Shape Sexual Orientation & Behavior | Dr. Marc Breedlove,pending,
https://www.sciencedirect.com/science/article/abs/pii/S002210311100031X,1,essentials-tools-for-setting-and-achieving-goals-emily-balcetis,Essentials: Tools for Setting & Achieving Goals | Dr. Emily Balcetis,pending,
https://www.sciencedirect.com/science/article/abs/pii/S0022395614002519?via%3Dihub,1,dr-nolan-williams-psychedelics-and-neurostimulation-for-brain-rewiring,Dr. Nolan Williams: Psychedelics & Neurostimulation for Brain Rewiring,pending,
https://www.sciencedirect.com/science/article/abs/pii/S0022395622005453,1,dr-victor-carrion-how-to-heal-from-post-traumatic-stress-disorder,Dr. Victor Carrión: How to Heal From Post-Traumatic Stress Disorder (PTSD),pending,
https://www.sciencedirect.com/science/article/abs/pii/S0022399905000218?via%3Dihub,1,how-to-control-your-cortisol-overcome-burnout,How to Control Your Cortisol & Overcome Burnout,pending,
https://www.sciencedirect.com/science/article/abs/pii/S0022399915005541,1,improve-focus-with-behavioral-tools-medication-for-adhd-john-kruse,Improve Focus with Behavioral Tools & Medication for ADHD | Dr. John Kruse,pending,
https://www.sciencedirect.com/science/article/abs/pii/S0022399919307081?via%3Dihub,1,dr-ellen-langer-using-your-mind-to-control-your-physical-health-longevity,Dr. Ellen Langer: Using Your Mind to Control Your Physical Health & Longevity,pending,
https://www.sciencedirect.com/science/article/abs/pii/S0024320519310677?via%3Dihub,1,peptides-the-science-uses-and-safety-abud-bakri,"Peptides: The Science, Uses & Safety | Dr. Abud Bakri",pending,
https://www.sciencedirect.com/science/article/abs/pii/S0028393217304591?via%3Dihub,1,the-best-vitality-and-health-protocols-rhonda-patrick,The Best Vitality & Health Protocols | Dr. Rhonda Patrick,pending,
https://www.sciencedirect.com/science/article/abs/pii/S0031938411003775?via%3Dihub,1,dr-diego-bohorquez-the-science-of-your-gut-sense-the-gut-brain-axis,Dr. Diego Bohórquez: The Science of Your Gut Sense & the Gut-Brain Axis,pending,
https://www.sciencedirect.com/science/article/abs/pii/S003193841630436X?via%3Dihub,1,build-ideal-physique-bret-contreras,Build Your Ideal Physique | Dr. Bret Contreras,pending,
https://www.sciencedirect.com/science/article/abs/pii/S0041010110004472?via%3Dihub,1,dr-zachary-knight-the-science-of-hunger-medications-to-combat-obesity,Dr. Zachary Knight: The Science of Hunger & Medications to Combat Obesity,pending,
https://www.sciencedirect.com/science/article/abs/pii/S0048969722057989,1,the-effects-of-microplastics-on-your-health-how-to-reduce-them,The Effects of Microplastics on Your Health & How to Reduce Them,pending,
https://www.sciencedirect.com/science/article/abs/pii/S009130572100054X?via%3Dihub,1,what-alcohol-does-to-your-body-brain-health,"What Alcohol Does to Your Body, Brain & Health",pending,
https://www.sciencedirect.com/science/article/abs/pii/S0092656611000250,1,science-and-health-benefits-of-belief-in-god-and-religion-dr-david-desteno,Science & Health Benefits of Belief in God & Religion | Dr. David DeSteno,pending,
https://www.sciencedirect.com/science/article/abs/pii/S0140673623022687?dgcid=coauthor,1,dr-teo-soleymani-how-to-improve-protect-your-skin-health-appearance,Dr. Teo Soleymani: How to Improve & Protect Your Skin Health & Appearance,pending,
https://www.sciencedirect.com/science/article/abs/pii/S0149763418306626?via%3Dihub,1,adderall-stimulants-and-modafinil-for-adhd-short-and-long-term-effects,"Adderall, Stimulants & Modafinil for ADHD: Short- & Long-Term Effects",pending,
https://www.sciencedirect.com/science/article/abs/pii/S0165032712002005?via%3Dihub,1,how-nature-other-physical-environments-impact-your-focus-cognition-health-marc-berman,"How Nature & Other Physical Environments Impact Your Focus, Cognition & Health | Dr. Marc Berman",pending,
https://www.sciencedirect.com/science/article/abs/pii/S0165032718311017?via%3Dihub,1,mental-health-toolkit-tools-to-bolster-your-mood-mental-health,Mental Health Toolkit: Tools to Bolster Your Mood & Mental Health,pending,
https://www.sciencedirect.com/science/article/abs/pii/S016503272032766X?via%3Dihub,1,ketamine-benefits-and-risks-for-depression-ptsd-and-neuroplasticity,"Ketamine: Benefits and Risks for Depression, PTSD & Neuroplasticity",pending,
https://www.sciencedirect.com/science/article/abs/pii/S0165032721008612?via%3Dihub,1,journal-club-with-dr-peter-attia-effects-of-light-dark-on-mental-health-treatments-for-cancer,Journal Club with Dr. Peter Attia | Effects of Light & Dark on Mental Health & Treatments for Cancer,pending,
https://www.sciencedirect.com/science/article/abs/pii/S0165032723003233,1,ketamine-benefits-and-risks-for-depression-ptsd-and-neuroplasticity,"Ketamine: Benefits and Risks for Depression, PTSD & Neuroplasticity",pending,
https://www.sciencedirect.com/science/article/abs/pii/S0165032723005426?via%3Dihub,1,how-psilocybin-can-rewire-our-brain-its-therapeutic-benefits-and-its-risks,"How Psilocybin Can Rewire Our Brain, Its Therapeutic Benefits & Its Risks",pending,
https://www.sciencedirect.com/science/article/abs/pii/S0165178118300064?via%3Dihub=&utm_source=youtube&utm_medium=social&utm_campaign=hubermanlab,1,using-caffeine-to-optimize-mental-and-physical-performance,Using Caffeine to Optimize Mental & Physical Performance,pending,
https://www.sciencedirect.com/science/article/abs/pii/S0166432811004402,1,ketamine-benefits-and-risks-for-depression-ptsd-and-neuroplasticity,"Ketamine: Benefits and Risks for Depression, PTSD & Neuroplasticity",pending,
https://www.sciencedirect.com/science/article/abs/pii/S0166432814007396,1,essentials-how-foods-nutrients-control-our-moods,Essentials: How Foods & Nutrients Control Our Moods,pending,
https://www.sciencedirect.com/science/article/abs/pii/S016643281830322X,1,essentials-understand-and-mprove-memory-using-science-based-tools,Essentials: Understand & Improve Memory Using Science-Based Tools,pending,
https://www.sciencedirect.com/science/article/abs/pii/S0167487008000846,1,dr-jamil-zaki-how-to-cultivate-a-positive-growth-oriented-mindset,"Dr. Jamil Zaki: How to Cultivate a Positive, Growth-Oriented Mindset",pending,
https://www.sciencedirect.com/science/article/abs/pii/S0167876012006137?via%3Dihub,1,the-science-and-process-of-healing-from-grief,The Science & Process of Healing from Grief,pending,
https://www.sciencedirect.com/science/article/abs/pii/S0168159118304325,1,understand-what-pets-actually-want-need-dr-karolina-westlund,What Pets Actually Want & Need | Dr. Karolina Westlund,pending,
https://www.sciencedirect.com/science/article/abs/pii/S019745801200262X?via%3Dihub,1,red-light-to-improve-metabolism-and-harmful-effects-of-led-glen-jeffery,Using Red Light to Improve Metabolism & the Harmful Effects of LEDs | Dr. Glen Jeffery,pending,
https://www.sciencedirect.com/science/article/abs/pii/S0273230020300155?via%3Dihub,1,how-to-optimize-your-water-quality-and-intake-for-health,How to Optimize Your Water Quality & Intake for Health,pending,
https://www.sciencedirect.com/science/article/abs/pii/S0278262621000257?via%3Dihub,1,science-based-mental-training-and-visualization-for-improved-learning,Science-Based Mental Training & Visualization for Improved Learning,pending,
https://www.sciencedirect.com/science/article/abs/pii/S027869151400413X?via%3Dihub,1,how-to-control-your-cortisol-overcome-burnout,How to Control Your Cortisol & Overcome Burnout,pending,
https://www.sciencedirect.com/science/article/abs/pii/S0301051117302922?via%3Dihub,1,mental-health-toolkit-tools-to-bolster-your-mood-mental-health,Mental Health Toolkit: Tools to Bolster Your Mood & Mental Health,pending,
https://www.sciencedirect.com/science/article/abs/pii/S0304389420319944,1,the-effects-of-microplastics-on-your-health-how-to-reduce-them,The Effects of Microplastics on Your Health & How to Reduce Them,pending,
https://www.sciencedirect.com/science/article/abs/pii/S0304389420321087?via%3Dihub,1,the-effects-of-microplastics-on-your-health-how-to-reduce-them,The Effects of Microplastics on Your Health & How to Reduce Them,pending,
https://www.sciencedirect.com/science/article/abs/pii/S0306453005001757?via%3Dihub,1,how-to-control-your-cortisol-overcome-burnout,How to Control Your Cortisol & Overcome Burnout,pending,
https://www.sciencedirect.com/science/article/abs/pii/S0306453007000315?via%3Dihub,1,how-to-control-your-cortisol-overcome-burnout,How to Control Your Cortisol & Overcome Burnout,pending,
https://www.sciencedirect.com/science/article/abs/pii/S030645301300070X?via%3Dihub,1,dr-natalie-crawford-female-hormone-health-fertility-vitality,"Dr. Natalie Crawford: Female Hormone Health, Fertility & Vitality",pending,
https://www.sciencedirect.com/science/article/abs/pii/S0306453014001255?via%3Dihub,1,the-science-of-mdma-and-its-therapeutic-applications,The Science of MDMA & Its Therapeutic Uses: Benefits & Risks,pending,
https://www.sciencedirect.com/science/article/abs/pii/S0306453018306565?via%3Dihub,1,how-to-control-your-cortisol-overcome-burnout,How to Control Your Cortisol & Overcome Burnout,pending,
https://www.sciencedirect.com/science/article/abs/pii/S0306460316300387?via%3Dihub,1,understanding-and-controlling-aggression,Understanding & Controlling Aggression,pending,
https://www.sciencedirect.com/science/article/abs/pii/S0306460322001022?via%3Dihub,1,dr-bonnie-halpern-felsher-vaping-alcohol-use-other-risky-youth-behaviors,"Dr. Bonnie Halpern-Felsher: Vaping, Alcohol Use & Other Risky Youth Behaviors",pending,
https://www.sciencedirect.com/science/article/abs/pii/S0306460323000278?via%3Dihub,1,dr-bonnie-halpern-felsher-vaping-alcohol-use-other-risky-youth-behaviors,"Dr. Bonnie Halpern-Felsher: Vaping, Alcohol Use & Other Risky Youth Behaviors",pending,
https://www.sciencedirect.com/science/article/abs/pii/S0376871609001045?via%3Dihub,1,dr-matthew-hill-how-cannabis-impacts-health-the-potential-risks,Dr. Matthew Hill: How Cannabis Impacts Health & the Potential Risks,pending,
https://www.sciencedirect.com/science/article/abs/pii/S0376871621004580?via%3Dihub,1,the-effects-of-cannabis-marijuana-on-the-brain-and-body,The Effects of Cannabis (Marijuana) on the Brain & Body,pending,
https://www.sciencedirect.com/science/article/abs/pii/S0376871624001881?via%3Dihub,1,dr-matthew-hill-how-cannabis-impacts-health-the-potential-risks,Dr. Matthew Hill: How Cannabis Impacts Health & the Potential Risks,pending,
https://www.sciencedirect.com/science/article/abs/pii/S0378595519300565?via%3Dihub,1,protect-improve-your-hearing-brain-health-konstantina-stankovic,Protect & Improve Your Hearing & Brain Health | Dr. Konstantina Stankovic,pending,
https://www.sciencedirect.com/science/article/abs/pii/S0741832900001245?via%3Dihub,1,what-alcohol-does-to-your-body-brain-health,"What Alcohol Does to Your Body, Brain & Health",pending,
https://www.sciencedirect.com/science/article/abs/pii/S0747563218304643,1,dr-laurie-santos-how-to-achieve-true-happiness-using-science-based-protocols,Dr. Laurie Santos: How to Achieve True Happiness Using Science-Based Protocols,pending,
https://www.sciencedirect.com/science/article/abs/pii/S0883902608000542,1,how-genes-shape-your-risk-taking-and-morals-kathryn-paige-harden,How Genes Shape Your Risk Taking & Morals | Dr. Kathryn Paige Harden,pending,
https://www.sciencedirect.com/science/article/abs/pii/S0896627322001477,1,using-light-sunlight-blue-light-and-red-light-to-optimize-health,"Using Light (Sunlight, Blue Light & Red Light) to Optimize Health",pending,
https://www.sciencedirect.com/science/article/abs/pii/S0920996417300634?via%3Dihub,1,essentials-diet-and-nutrition-for-mental-health-chris-palmer,Essentials: Diet & Nutrition for Mental Health | Dr. Chris Palmer,pending,
https://www.sciencedirect.com/science/article/abs/pii/S0924977X21000079?via%3Dihub,1,ketamine-benefits-and-risks-for-depression-ptsd-and-neuroplasticity,"Ketamine: Benefits and Risks for Depression, PTSD & Neuroplasticity",pending,
https://www.sciencedirect.com/science/article/abs/pii/S0926641002001349,1,guest-series-dr-matt-walker-using-sleep-to-improve-learning-creativity-memory,"Guest Series | Dr. Matt Walker: Using Sleep to Improve Learning, Creativity & Memory",pending,
https://www.sciencedirect.com/science/article/abs/pii/S0959437X18300777?via%3Dihub,1,behaviors-that-alter-your-genes-to-improve-your-health-performance-dr-melissa-ilardo,Behaviors That Alter Your Genes to Improve Your Health & Performance | Dr. Melissa Ilardo,pending,
https://www.sciencedirect.com/science/article/abs/pii/S0959438820301501?via%3Dihub,1,leverage-dopamine-to-overcome-procrastination-and-optimize-effort,Leverage Dopamine to Overcome Procrastination & Optimize Effort,pending,
https://www.sciencedirect.com/science/article/abs/pii/S0959438825000091,1,how-to-rewire-your-brain-and-learn-faster-dr-michael-kilgard,How to Rewire Your Brain & Learn Faster | Dr. Michael Kilgard,pending,
https://www.sciencedirect.com/science/article/abs/pii/S0965229919320540,1,controlling-sugar-cravings-and-metabolism-with-science-based-tools,Controlling Sugar Cravings & Metabolism with Science-Based Tools,pending,
https://www.sciencedirect.com/science/article/abs/pii/S1041608024000748?via%3Dihub,1,dr-marc-brackett-how-to-increase-your-emotional-intelligence,Dr. Marc Brackett: How to Increase Your Emotional Intelligence,pending,
https://www.sciencedirect.com/science/article/abs/pii/S1047965122000353?via%3Dihub,1,dr-sara-gottfried-how-to-optimize-female-hormone-health-for-vitality-and-longevity,Dr. Sara Gottfried: How to Optimize Female Hormone Health for Vitality & Longevity,pending,
https://www.sciencedirect.com/science/article/abs/pii/S1053810012000049?via%3Dihub,1,dr-charan-ranganath-how-to-improve-memory-focus-using-science-protocols,Dr. Charan Ranganath: How to Improve Memory & Focus Using Science Protocols,pending,
https://www.sciencedirect.com/science/article/abs/pii/S1053810017303744?via%3Dihub,1,the-effects-of-cannabis-marijuana-on-the-brain-and-body,The Effects of Cannabis (Marijuana) on the Brain & Body,pending,
https://www.sciencedirect.com/science/article/abs/pii/S1053810021000131?via%3Dihub,1,science-based-mental-training-and-visualization-for-improved-learning,Science-Based Mental Training & Visualization for Improved Learning,pending,
https://www.sciencedirect.com/science/article/abs/pii/S1053810085710483?via%3Dihub,1,optimal-protocols-for-studying-learning,Optimal Protocols for Studying & Learning,pending,
https://www.sciencedirect.com/science/article/abs/pii/S1053811908006101?via%3Dihub,1,the-science-and-process-of-healing-from-grief,The Science & Process of Healing from Grief,pending,
https://www.sciencedirect.com/science/article/abs/pii/S1053811909712029?via%3Dihub,1,journal-club-with-dr-peter-attia-metformin-for-longevity-and-the-power-of-belief-effects,Journal Club with Dr. Peter Attia | Metformin for Longevity & The Power of Belief Effects,pending,
https://www.sciencedirect.com/science/article/abs/pii/S1080603214004050,1,using-deliberate-cold-exposure-for-health-and-performance,Using Deliberate Cold Exposure for Health and Performance,pending,
https://www.sciencedirect.com/science/article/abs/pii/S1087079204000607,1,essentials-the-science-practice-of-perfecting-your-sleep,Essentials: The Science & Practice of Perfecting Your Sleep,pending,
https://www.sciencedirect.com/science/article/abs/pii/S1087079213001329?via%3Dihub,1,how-to-improve-your-teeth-oral-microbiome-for-brain-body-health-dr-staci-whitman,How to Improve Your Teeth & Oral Microbiome for Brain & Body Health | Dr. Staci Whitman,pending,
https://www.sciencedirect.com/science/article/abs/pii/S1087079220301283?via%3Dihub,1,guest-series-dr-matthew-walker-protocols-to-improve-your-sleep,Guest Series | Dr. Matthew Walker: Protocols to Improve Your Sleep,pending,
https://www.sciencedirect.com/science/article/abs/pii/S1087079222000065?via%3Dihub,1,guest-series-dr-matthew-walker-the-biology-of-sleep-your-unique-sleep-needs,Guest Series | Dr. Matt Walker: The Biology of Sleep & Your Unique Sleep Needs,pending,
https://www.sciencedirect.com/science/article/abs/pii/S1090513802001071?via%3Dihub,1,how-hormones-shape-sexual-orientation-and-behavior-marc-breedlove,How Hormones Shape Sexual Orientation & Behavior | Dr. Marc Breedlove,pending,
https://www.sciencedirect.com/science/article/abs/pii/S1090513807000694,1,how-hormones-status-shape-our-values-decisions-dr-michael-platt,How Hormones & Status Shape Our Values & Decisions | Dr. Michael Platt,pending,
https://www.sciencedirect.com/science/article/abs/pii/S135917891100067X?via%3Dihub,1,essentials-human-romantic-partner-selection-keep-david-buss,Essentials: How Humans Select & Keep Romantic Partners in the Short & Long Term | Dr. David Buss,pending,
https://www.sciencedirect.com/science/article/abs/pii/S1388245703002554?via%3Dihub,1,guest-series-dr-matt-walker-how-to-structure-your-sleep-use-naps-time-caffeine,"Guest Series | Dr. Matt Walker: How to Structure Your Sleep, Use Naps & Time Caffeine",pending,
https://www.sciencedirect.com/science/article/abs/pii/S1389945708700145?via%3Dihub,1,guest-series-dr-matt-walker-using-sleep-to-improve-learning-creativity-memory,"Guest Series | Dr. Matt Walker: Using Sleep to Improve Learning, Creativity & Memory",pending,
https://www.sciencedirect.com/science/article/abs/pii/S1389945719301388?via%3Dihub,1,optimize-and-control-your-brain-chemistry-to-improve-health-and-performance,Optimize & Control Your Brain Chemistry to Improve Health & Performance,pending,
https://www.sciencedirect.com/science/article/abs/pii/S1568163724001740,1,accelerate-learning-and-increase-cognitive-capacity-tommy-wood,Accelerate Learning & Increase Cognitive Capacity | Dr. Tommy Wood,pending,
https://www.sciencedirect.com/science/article/abs/pii/S1570677X1000002X?via%3Dihub,1,the-science-and-treatment-of-bipolar-disorder,The Science & Treatment of Bipolar Disorder,pending,
https://www.sciencedirect.com/science/article/abs/pii/S2211368120301017,1,dr-charan-ranganath-how-to-improve-memory-focus-using-science-protocols,Dr. Charan Ranganath: How to Improve Memory & Focus Using Science Protocols,pending,
https://www.sciencedirect.com/science/article/abs/pii/S2352250X16302068?via%3Dihub,1,dr-immordino-yang-how-emotions-and-social-factors-impact-learning,Dr. Immordino-Yang: How Emotions & Social Factors Impact Learning,pending,
https://www.sciencedirect.com/science/article/abs/pii/S2468867319300513,1,the-most-effective-weight-training-cardio-and-nutrition-for-women-lauren-colenso-semple,"The Most Effective Weight Training, Cardio & Nutrition for Women | Dr. Lauren Colenso-Semple",pending,
https://www.sciencedirect.com/science/article/abs/pii/S8755722317301047?via%3Dihub,1,optimal-protocols-for-studying-learning,Optimal Protocols for Studying & Learning,pending,
https://www.sciencedirect.com/science/article/pii/0031938494903611?via%3Dihub,1,the-chemistry-of-food-taste-dr-harold-mcgee,The Chemistry of Food & Taste | Dr. Harold McGee,pending,
https://www.sciencedirect.com/science/article/pii/S0002916522000818?via%3Dihub,1,how-different-diets-impact-your-health-dr-christopher-gardner,How Different Diets Impact Your Health | Dr. Christopher Gardner,pending,
https://www.sciencedirect.com/science/article/pii/S0002916522008656,1,dr-layne-norton-tools-for-nutrition-fitness,Dr. Layne Norton: Tools for Nutrition & Fitness,pending,
https://www.sciencedirect.com/science/article/pii/S0002916522008905?via%3Dihub,1,how-different-diets-impact-your-health-dr-christopher-gardner,How Different Diets Impact Your Health | Dr. Christopher Gardner,pending,
https://www.sciencedirect.com/science/article/pii/S0002916522010188?via%3Dihub,1,eating-for-better-sleep-and-foods-that-improve-metabolic-health-marie-pierre-st-onge,Eating for Better Sleep & Foods that Improve Metabolic Health | Dr. Marie-Pierre St-Onge,pending,
https://www.sciencedirect.com/science/article/pii/S0002916522030167?via%3Dihub,1,dr-natalie-crawford-female-hormone-health-fertility-vitality,"Dr. Natalie Crawford: Female Hormone Health, Fertility & Vitality",pending,
https://www.sciencedirect.com/science/article/pii/S0002916523023833?via%3Dihub,1,eating-for-better-sleep-and-foods-that-improve-metabolic-health-marie-pierre-st-onge,Eating for Better Sleep & Foods that Improve Metabolic Health | Dr. Marie-Pierre St-Onge,pending,
https://www.sciencedirect.com/science/article/pii/S0002916523026588?via%3Dihub,1,dr-robert-lustig-how-sugar-processed-foods-impact-your-health,Dr. Robert Lustig: How Sugar & Processed Foods Impact Your Health,pending,
https://www.sciencedirect.com/science/article/pii/S0002916523027363?via%3Dihub,1,eating-for-better-sleep-and-foods-that-improve-metabolic-health-marie-pierre-st-onge,Eating for Better Sleep & Foods that Improve Metabolic Health | Dr. Marie-Pierre St-Onge,pending,
https://www.sciencedirect.com/science/article/pii/S0002916523053303?via%3Dihub,1,eating-for-better-sleep-and-foods-that-improve-metabolic-health-marie-pierre-st-onge,Eating for Better Sleep & Foods that Improve Metabolic Health | Dr. Marie-Pierre St-Onge,pending,
https://www.sciencedirect.com/science/article/pii/S0002916523176799?via%3Dihub,1,dr-layne-norton-tools-for-nutrition-fitness,Dr. Layne Norton: Tools for Nutrition & Fitness,pending,
https://www.sciencedirect.com/science/article/pii/S0002916523235339?via%3Dihub,1,eating-for-better-sleep-and-foods-that-improve-metabolic-health-marie-pierre-st-onge,Eating for Better Sleep & Foods that Improve Metabolic Health | Dr. Marie-Pierre St-Onge,pending,
https://www.sciencedirect.com/science/article/pii/S0002916523239209?via%3Dihub,1,dr-layne-norton-tools-for-nutrition-fitness,Dr. Layne Norton: Tools for Nutrition & Fitness,pending,
https://www.sciencedirect.com/science/article/pii/S0002916523279290?via%3Dihub,1,the-best-vitality-and-health-protocols-rhonda-patrick,The Best Vitality & Health Protocols | Dr. Rhonda Patrick,pending,
https://www.sciencedirect.com/science/article/pii/S0002916523281046?via%3Dihub,1,eating-for-better-sleep-and-foods-that-improve-metabolic-health-marie-pierre-st-onge,Eating for Better Sleep & Foods that Improve Metabolic Health | Dr. Marie-Pierre St-Onge,pending,
https://www.sciencedirect.com/science/article/pii/S0002916523290450?via%3Dihub,1,dr-gabrielle-lyon-how-to-exercise-eat-for-optimal-health-longevity,Dr. Gabrielle Lyon: How to Exercise & Eat for Optimal Health & Longevity,pending,
https://www.sciencedirect.com/science/article/pii/S0002916523663427?via%3Dihub,1,the-best-vitality-and-health-protocols-rhonda-patrick,The Best Vitality & Health Protocols | Dr. Rhonda Patrick,pending,
https://www.sciencedirect.com/science/article/pii/S0010027722002359,1,how-genes-shape-your-risk-taking-and-morals-kathryn-paige-harden,How Genes Shape Your Risk Taking & Morals | Dr. Kathryn Paige Harden,pending,
https://www.sciencedirect.com/science/article/pii/S0010945212001402?via%3Dihub,1,how-to-improve-motivation-and-overcome-procrastination-masud-husain,How to Improve Motivation & Overcome Procrastination | Dr. Masud Husain,pending,
https://www.sciencedirect.com/science/article/pii/S0013935118303323?via%3Dihub,1,red-light-to-improve-metabolism-and-harmful-effects-of-led-glen-jeffery,Using Red Light to Improve Metabolism & the Harmful Effects of LEDs | Dr. Glen Jeffery,pending,
https://www.sciencedirect.com/science/article/pii/S0015028207001252,1,dr-michael-eisenberg-improving-male-sexual-health-function-fertility,"Dr. Michael Eisenberg: Improving Male Sexual Health, Function & Fertility",pending,
https://www.sciencedirect.com/science/article/pii/S0022316622001523?via%3Dihub,1,dr-gabrielle-lyon-how-to-exercise-eat-for-optimal-health-longevity,Dr. Gabrielle Lyon: How to Exercise & Eat for Optimal Health & Longevity,pending,
https://www.sciencedirect.com/science/article/pii/S0022316622025615?via%3Dihub,1,how-to-control-your-cortisol-overcome-burnout,How to Control Your Cortisol & Overcome Burnout,pending,
https://www.sciencedirect.com/science/article/pii/S0022316622066822?via%3Dihub#t4,1,dr-gabrielle-lyon-how-to-exercise-eat-for-optimal-health-longevity,Dr. Gabrielle Lyon: How to Exercise & Eat for Optimal Health & Longevity,pending,
https://www.sciencedirect.com/science/article/pii/S0022316622103445,1,dr-layne-norton-tools-for-nutrition-fitness,Dr. Layne Norton: Tools for Nutrition & Fitness,pending,
https://www.sciencedirect.com/science/article/pii/S0022316622103445?via%3Dihub,1,dr-gabrielle-lyon-how-to-exercise-eat-for-optimal-health-longevity,Dr. Gabrielle Lyon: How to Exercise & Eat for Optimal Health & Longevity,pending,
https://www.sciencedirect.com/science/article/pii/S0022316623727235?via%3Dihub,1,dr-gabrielle-lyon-how-to-exercise-eat-for-optimal-health-longevity,Dr. Gabrielle Lyon: How to Exercise & Eat for Optimal Health & Longevity,pending,
https://www.sciencedirect.com/science/article/pii/S0031938416301160?via%3Dihub,1,how-to-use-exercise-to-improve-your-brains-health-longevity-performance,"How to Use Exercise to Improve Your Brain’s Health, Longevity & Performance",pending,
https://www.sciencedirect.com/science/article/pii/S003335062400283X,1,tools-for-overcoming-substance-behavioral-addictions-ryan-soave,Tools for Overcoming Substance & Behavioral Addictions | Ryan Soave,pending,
https://www.sciencedirect.com/science/article/pii/S0048969722020009,1,the-effects-of-microplastics-on-your-health-how-to-reduce-them,The Effects of Microplastics on Your Health & How to Reduce Them,pending,
https://www.sciencedirect.com/science/article/pii/S0091305720300289#bb0265,1,ketamine-benefits-and-risks-for-depression-ptsd-and-neuroplasticity,"Ketamine: Benefits and Risks for Depression, PTSD & Neuroplasticity",pending,
https://www.sciencedirect.com/science/article/pii/S0092867418303866,1,behaviors-that-alter-your-genes-to-improve-your-health-performance-dr-melissa-ilardo,Behaviors That Alter Your Genes to Improve Your Health & Performance | Dr. Melissa Ilardo,pending,
https://www.sciencedirect.com/science/article/pii/S009286741930621X,1,essentials-how-to-build-endurance,Essentials: How to Build Endurance,pending,
https://www.sciencedirect.com/science/article/pii/S0092867419311754,1,male-vs-female-brain-differences-how-they-arise-from-genes-hormones-dr-nirao-shah,Male vs. Female Brain Differences & How They Arise From Genes & Hormones | Dr. Nirao Shah,pending,
https://www.sciencedirect.com/science/article/pii/S0092867421001781,1,dr-kay-tye-the-biology-of-social-interactions-and-emotions,Dr. Kay Tye: The Biology of Social Interactions and Emotions,pending,
https://www.sciencedirect.com/science/article/pii/S0147651323002865,1,the-effects-of-microplastics-on-your-health-how-to-reduce-them,The Effects of Microplastics on Your Health & How to Reduce Them,pending,
https://www.sciencedirect.com/science/article/pii/S0160412020322297,1,the-effects-of-microplastics-on-your-health-how-to-reduce-them,The Effects of Microplastics on Your Health & How to Reduce Them,pending,
https://www.sciencedirect.com/science/article/pii/S016517812300272X?via%3Dihub,1,dr-layne-norton-tools-for-nutrition-fitness,Dr. Layne Norton: Tools for Nutrition & Fitness,pending,
https://www.sciencedirect.com/science/article/pii/S0165178124004347?via%3Dihub,1,transform-your-mental-health-with-diet-lifestyle-dr-chris-palmer,Transform Your Mental Health With Diet & Lifestyle | Dr. Chris Palmer,pending,
https://www.sciencedirect.com/science/article/pii/S019188692300329X,1,male-vs-female-brain-differences-how-they-arise-from-genes-hormones-dr-nirao-shah,Male vs. Female Brain Differences & How They Arise From Genes & Hormones | Dr. Nirao Shah,pending,
https://www.sciencedirect.com/science/article/pii/S0272494418305280,1,how-nature-other-physical-environments-impact-your-focus-cognition-health-marc-berman,"How Nature & Other Physical Environments Impact Your Focus, Cognition & Health | Dr. Marc Berman",pending,
https://www.sciencedirect.com/science/article/pii/S0303720709004559?via%3Dihub,1,how-to-lose-fat-with-science-based-tools,How to Lose Fat with Science-Based Tools,pending,
https://www.sciencedirect.com/science/article/pii/S0306452220305741,1,the-science-of-love-desire-and-attachment,"The Science of Love, Desire and Attachment",pending,
https://www.sciencedirect.com/science/article/pii/S0306453023003001?via%3Dihub,1,improve-energy-longevity-by-optimizing-mitochondria-martin-picard,Improve Energy & Longevity by Optimizing Mitochondria | Dr. Martin Picard,pending,
https://www.sciencedirect.com/science/article/pii/S037687162200093X,1,the-science-of-mdma-and-its-therapeutic-applications,The Science of MDMA & Its Therapeutic Uses: Benefits & Risks,pending,
https://www.sciencedirect.com/science/article/pii/S0376871624013851?via%3Dihub,1,health-effects-and-risks-of-kratom-opioids-and-other-natural-occurring-medicines-dr-chris-mccurdy,"Health Effects & Risks of Kratom, Opioids & Other Natural Occurring Medicines | Dr. Chris McCurdy",pending,
https://www.sciencedirect.com/science/article/pii/S0735109720357417?via%3Dihub,1,adderall-stimulants-and-modafinil-for-adhd-short-and-long-term-effects,"Adderall, Stimulants & Modafinil for ADHD: Short- & Long-Term Effects",pending,
https://www.sciencedirect.com/science/article/pii/S0738081X11003543?via%3Dihub,1,dr-teo-soleymani-how-to-improve-protect-your-skin-health-appearance,Dr. Teo Soleymani: How to Improve & Protect Your Skin Health & Appearance,pending,
https://www.sciencedirect.com/science/article/pii/S0889157525005344,1,the-best-vitality-and-health-protocols-rhonda-patrick,The Best Vitality & Health Protocols | Dr. Rhonda Patrick,pending,
https://www.sciencedirect.com/science/article/pii/S0890623820302926?via%3Dihub,1,essentials-the-science-of-eating-for-health-fat-loss-and-lean-muscle-layne-norton,"Essentials: The Science of Eating for Health, Fat Loss & Lean Muscle | Dr. Layne Norton",pending,
https://www.sciencedirect.com/science/article/pii/S0896627308001190,1,dr-diego-bohorquez-the-science-of-your-gut-sense-the-gut-brain-axis,Dr. Diego Bohórquez: The Science of Your Gut Sense & the Gut-Brain Axis,pending,
https://www.sciencedirect.com/science/article/pii/S0896627312003418,1,dr-noam-sobel-how-smells-influence-our-hormones-health-and-behavior,"Dr. Noam Sobel: How Smells Influence Our Hormones, Health & Behavior",pending,
https://www.sciencedirect.com/science/article/pii/S0896627318310092,1,how-to-enhance-your-gut-microbiome-for-brain-and-overall-health,How to Enhance Your Gut Microbiome for Brain & Overall Health,pending,
https://www.sciencedirect.com/science/article/pii/S0896627320308539,1,josh-waitzkin-the-art-of-learning-living-life,Josh Waitzkin: The Art of Learning & Living Life,pending,
https://www.sciencedirect.com/science/article/pii/S0896627322001982,1,understand-and-improve-memory-using-science-based-tools,Understand & Improve Memory Using Science-Based Tools,verified-review,是整合性机制综述，不是压力管理或增强记忆的临床处方（证据台账回链；来源题名与 Episode 主题仍需分别解读。）
https://www.sciencedirect.com/science/article/pii/S0896627324006949,1,how-your-thoughts-are-built-shape-them-jennifer-groh,How Your Thoughts Are Built & How You Can Shape Them | Dr. Jennifer Groh,pending,
https://www.sciencedirect.com/science/article/pii/S0960982203002902,1,behaviors-that-alter-your-genes-to-improve-your-health-performance-dr-melissa-ilardo,Behaviors That Alter Your Genes to Improve Your Health & Performance | Dr. Melissa Ilardo,pending,
https://www.sciencedirect.com/science/article/pii/S1011134422002342,1,how-to-enhance-your-immune-system-dr-roger-seheult,How to Enhance Your Immune System | Dr. Roger Seheult,pending,
https://www.sciencedirect.com/science/article/pii/S1050173821000700?via%3Dihub,1,how-to-use-music-to-boost-motivation-mood-and-improve-learning,"How to Use Music to Boost Motivation, Mood & Improve Learning",pending,
https://www.sciencedirect.com/science/article/pii/S1053811919310791,1,dr-becky-kennedy-overcoming-guilt-building-tenacity-in-kids-adults,Dr. Becky Kennedy: Overcoming Guilt & Building Tenacity in Kids & Adults,pending,
https://www.sciencedirect.com/science/article/pii/S1074742720301714?via%3Dihub,1,improve-focus-with-behavioral-tools-medication-for-adhd-john-kruse,Improve Focus with Behavioral Tools & Medication for ADHD | Dr. John Kruse,pending,
https://www.sciencedirect.com/science/article/pii/S1353829224001564,1,red-light-to-improve-metabolism-and-harmful-effects-of-led-glen-jeffery,Using Red Light to Improve Metabolism & the Harmful Effects of LEDs | Dr. Glen Jeffery,pending,
https://www.sciencedirect.com/science/article/pii/S1353829224001564?via%3Dihub,1,how-to-enhance-your-immune-system-dr-roger-seheult,How to Enhance Your Immune System | Dr. Roger Seheult,pending,
https://www.sciencedirect.com/science/article/pii/S1550413124002250,1,the-best-vitality-and-health-protocols-rhonda-patrick,The Best Vitality & Health Protocols | Dr. Rhonda Patrick,pending,
https://www.sciencedirect.com/science/article/pii/S1567724913002390?via%3Dihub,1,dr-casey-means-transform-your-health-by-improving-metabolism-hormone-blood-sugar-regulation,"Dr. Casey Means: Transform Your Health by Improving Metabolism, Hormone & Blood Sugar Regulation",pending,
https://www.sciencedirect.com/science/article/pii/S1568163720303020?via%3Dihub,1,dr-elissa-epel-control-stress-for-healthy-eating-metabolism-and-aging,"Dr. Elissa Epel: Control Stress for Healthy Eating, Metabolism & Aging",pending,
https://www.sciencedirect.com/science/article/pii/S1568163721002543?via%3Dihub,1,dr-elissa-epel-control-stress-for-healthy-eating-metabolism-and-aging,"Dr. Elissa Epel: Control Stress for Healthy Eating, Metabolism & Aging",pending,
https://www.sciencedirect.com/science/article/pii/S1878747925001035?via%3Dihub,1,how-to-rewire-your-brain-and-learn-faster-dr-michael-kilgard,How to Rewire Your Brain & Learn Faster | Dr. Michael Kilgard,pending,
https://www.sciencedirect.com/science/article/pii/S1878929315000250,1,dr-david-yeager-how-to-master-growth-mindset-to-improve-performance,Dr. David Yeager: How to Master Growth Mindset to Improve Performance,pending,
https://www.sciencedirect.com/science/article/pii/S1935861X25000609,1,how-to-rewire-your-brain-and-learn-faster-dr-michael-kilgard,How to Rewire Your Brain & Learn Faster | Dr. Michael Kilgard,pending,
https://www.sciencedirect.com/science/article/pii/S1991790225000637?via%3Dihub,1,improve-lymphatic-system-health-appearance,Improve Your Lymphatic System for Overall Health & Appearance,pending,
https://www.sciencedirect.com/science/article/pii/S2095254618301005?via%3Dihub,1,how-to-prevent-treat-colds-flu,How to Prevent & Treat Colds & Flu,pending,
https://www.sciencedirect.com/science/article/pii/S2095254621000260,1,guest-series-dr-matthew-walker-protocols-to-improve-your-sleep,Guest Series | Dr. Matthew Walker: Protocols to Improve Your Sleep,pending,
https://www.sciencedirect.com/science/article/pii/S2095254622000370?via%3Dihub,1,improve-lymphatic-system-health-appearance,Improve Your Lymphatic System for Overall Health & Appearance,pending,
https://www.sciencedirect.com/science/article/pii/S2095254622000771,1,the-best-vitality-and-health-protocols-rhonda-patrick,The Best Vitality & Health Protocols | Dr. Rhonda Patrick,pending,
https://www.sciencedirect.com/science/article/pii/S2161831322004276?via%3Dihub,1,how-different-diets-impact-your-health-dr-christopher-gardner,How Different Diets Impact Your Health | Dr. Christopher Gardner,pending,
https://www.sciencedirect.com/science/article/pii/S2211124721005398,1,the-science-of-hearing-balance-and-accelerated-learning,"The Science of Hearing, Balance & Accelerated Learning",pending,
https://www.sciencedirect.com/science/article/pii/S2211124721013735,1,dr-casey-means-transform-your-health-by-improving-metabolism-hormone-blood-sugar-regulation,"Dr. Casey Means: Transform Your Health by Improving Metabolism, Hormone & Blood Sugar Regulation",pending,
https://www.sciencedirect.com/science/article/pii/S2213422020303310,1,how-to-optimize-fertility-in-males-and-females,How to Optimize Fertility in Males & Females,pending,
https://www.sciencedirect.com/science/article/pii/S2319417019304998?via%3Dihub,1,dr-teo-soleymani-how-to-improve-protect-your-skin-health-appearance,Dr. Teo Soleymani: How to Improve & Protect Your Skin Health & Appearance,pending,
https://www.sciencedirect.com/science/article/pii/S2352289520300503?via%3Dihub,1,dr-matthew-hill-how-cannabis-impacts-health-the-potential-risks,Dr. Matthew Hill: How Cannabis Impacts Health & the Potential Risks,pending,
https://www.sciencedirect.com/science/article/pii/S2352853219300574?via%3Dihub,1,nicotines-effects-on-the-brain-and-body-and-how-to-quit-smoking-or-vaping,Nicotine's Effects on the Brain & Body & How to Quit Smoking or Vaping,pending,
https://www.sciencedirect.com/science/article/pii/S2405844022034016,1,the-most-effective-weight-training-cardio-and-nutrition-for-women-lauren-colenso-semple,"The Most Effective Weight Training, Cardio & Nutrition for Women | Dr. Lauren Colenso-Semple",pending,
https://www.sciencedirect.com/science/article/pii/S2589004224002566,1,dr-charan-ranganath-how-to-improve-memory-focus-using-science-protocols,Dr. Charan Ranganath: How to Improve Memory & Focus Using Science Protocols,pending,
https://www.sciencedirect.com/science/article/pii/S2590142724000193?via%3Dihub,1,the-best-vitality-and-health-protocols-rhonda-patrick,The Best Vitality & Health Protocols | Dr. Rhonda Patrick,pending,
https://www.sciencedirect.com/science/article/pii/S2666379123005402,1,dr-layne-norton-tools-for-nutrition-fitness,Dr. Layne Norton: Tools for Nutrition & Fitness,pending,
https://www.sciencedirect.com/science/article/pii/S2666497623000395,1,dr-karen-parker-the-causes-treatments-for-autism,Dr. Karen Parker: The Causes & Treatments for Autism,pending,
"https://www.sciencedirect.com/science/article/pii/S2666911022000247#:~:text=%E2%80%A2,and%20they%20obtained%20particle%20sizes",1,the-effects-of-microplastics-on-your-health-how-to-reduce-them,The Effects of Microplastics on Your Health & How to Reduce Them,pending,
https://www.sciencedirect.com/science/article/pii/S2667174323000034?via%3Dihub,1,control-your-vagus-nerve-to-improve-mood-alertness-neuroplasticity,"Control Your Vagus Nerve to Improve Mood, Alertness & Neuroplasticity",pending,
https://www.sciencedirect.com/science/article/pii/S2667257X22001000?via%3Dihub,1,dr-mark-desposito-how-to-optimize-cognitive-function-brain-health,Dr. Mark D'Esposito: How to Optimize Cognitive Function & Brain Health,pending,
https://www.sciencedirect.com/science/chapter/bookseries/abs/pii/S0065260115000234?via%3Dihub,1,science-of-attraction-compatibility-and-romance-dr-paul-eastwick,"Science of Attraction, Compatibility & Romance | Dr. Paul Eastwick",pending,
https://www.sciencedirect.com/sdfe/pdf/download/eid/1-s2.0-S0268005X23006410/first-page-pdf,1,dr-layne-norton-tools-for-nutrition-fitness,Dr. Layne Norton: Tools for Nutrition & Fitness,pending,
https://www.sciencedirect.com/topics/medicine-and-dentistry/nodose-ganglion#complete-anatomy,1,control-your-vagus-nerve-to-improve-mood-alertness-neuroplasticity,"Control Your Vagus Nerve to Improve Mood, Alertness & Neuroplasticity",pending,
https://www.sciencedirect.com/topics/neuroscience/carnosine,1,peptides-the-science-uses-and-safety-abud-bakri,"Peptides: The Science, Uses & Safety | Dr. Abud Bakri",pending,
https://www.sciencedirect.com/topics/nursing-and-health-professions/stroop-test,1,how-to-use-exercise-to-improve-your-brains-health-longevity-performance,"How to Use Exercise to Improve Your Brain’s Health, Longevity & Performance",pending,
