episode_id,title,url,date_published,episode_number,duration,topic_urls,youtube_urls,has_show_notes,has_timestamps,fetch_ok
a-science-supported-journaling-protocol-to-improve-mental-physical-health,A Science-Supported Journaling Protocol to Improve Mental & Physical Health,https://www.hubermanlab.com/episode/a-science-supported-journaling-protocol-to-improve-mental-physical-health,2023-11-20T09:00:00.000Z,151,PT1H38M22S,https://www.hubermanlab.com/topics/happiness-and-wellbeing;https://www.hubermanlab.com/topics/mental-health,https://www.youtube.com/watch?v=wAZn9dF3XTo,True,True,True
accelerate-learning-and-increase-cognitive-capacity-tommy-wood,Accelerate Learning & Increase Cognitive Capacity | Dr. Tommy Wood,https://www.hubermanlab.com/episode/accelerate-learning-and-increase-cognitive-capacity-tommy-wood,2026-07-20T08:00:00.000Z,290,,https://www.hubermanlab.com/topics/memory-and-learning,https://www.youtube.com/watch?v=bPd9NnOzx78,True,True,True
adderall-stimulants-and-modafinil-for-adhd-short-and-long-term-effects,"Adderall, Stimulants & Modafinil for ADHD: Short- & Long-Term Effects",https://www.hubermanlab.com/episode/adderall-stimulants-and-modafinil-for-adhd-short-and-long-term-effects,2023-05-29T08:00:00.000Z,,,https://www.hubermanlab.com/topics/science-of-adhd,https://www.youtube.com/watch?v=sxgCC4H1dl8,True,True,True
adhd-and-how-anyone-can-improve-their-focus,ADHD & How Anyone Can Improve Their Focus,https://www.hubermanlab.com/episode/adhd-and-how-anyone-can-improve-their-focus,2021-09-13T08:00:00.000Z,37,,https://www.hubermanlab.com/topics/focus-and-concentration;https://www.hubermanlab.com/topics/science-of-adhd,https://www.youtube.com/watch?v=hFL6qRIJZ_Y,True,True,True
ama-1-leveraging-ultradian-cycles-how-to-protect-your-brain-seed-oils-examined-and-more,"AMA #1: Leveraging Ultradian Cycles, How to Protect Your Brain, Seed Oils Examined and More",https://www.hubermanlab.com/episode/ama-1-leveraging-ultradian-cycles-how-to-protect-your-brain-seed-oils-examined-and-more,2022-11-02T08:00:00.000Z,,,https://www.hubermanlab.com/topics/aging-and-longevity,https://www.youtube.com/watch?v=lsODSDmY4CY,True,True,True
ama-10-benefits-of-nature-grounding-hearing-loss-research-avoiding-altitude-sickness,"AMA #10: Benefits of Nature & “Grounding,"" Hearing Loss Research & Avoiding Altitude Sickness",https://www.hubermanlab.com/episode/ama-10-benefits-of-nature-grounding-hearing-loss-research-avoiding-altitude-sickness,,,,,https://www.youtube.com/watch?v=eJU6Df_ffAE,True,True,True
ama-11-improve-task-switching-productivity-and-brain-fog,AMA #11: Improve Task Switching & Productivity and Reduce Brain Fog,https://www.hubermanlab.com/episode/ama-11-improve-task-switching-productivity-and-brain-fog,2023-09-29T08:00:00.000Z,,,,https://www.youtube.com/watch?v=7Ey_vTTgJGc,True,True,True
ama-12-thoughts-on-longevity-supplements-how-to-improve-memory,"AMA #12: Thoughts on Longevity Supplements (Resveratrol, NR, NMN, Etc.) & How to Improve Memory",https://www.hubermanlab.com/episode/ama-12-thoughts-on-longevity-supplements-how-to-improve-memory,2023-10-31T08:00:00.000Z,,,https://www.hubermanlab.com/topics/aging-and-longevity,https://www.youtube.com/watch?v=qJ3uV7coZbA,True,True,True
ama-13-winter-months-sickness-wim-hof-breathing-stressors,"AMA #13: Winter Months & Sickness, Wim Hof Breathing & Stressors",https://www.hubermanlab.com/episode/ama-13-winter-months-sickness-wim-hof-breathing-stressors,2023-11-30T09:00:00.000Z,,PT24M18S,,https://www.youtube.com/watch?v=xTtM2AvCRyA,True,True,True
ama-14-2023-philanthropy-evening-routine-light-therapy-health-metrics-more,"AMA #14: 2023 Philanthropy, Evening Routine, Light Therapy, Health Metrics & More",https://www.hubermanlab.com/episode/ama-14-2023-philanthropy-evening-routine-light-therapy-health-metrics-more,2023-12-31T09:00:00.000Z,,PT1H5M11S,,https://www.youtube.com/watch?v=zbpb1wd-wvs,True,True,True
ama-15-fluoride-benefits-risks-vagus-nerve-stimulation,AMA #15: Fluoride Benefits/Risks & Vagus Nerve Stimulation,https://www.hubermanlab.com/episode/ama-15-fluoride-benefits-risks-vagus-nerve-stimulation,2024-02-01T09:00:00.000Z,,,,https://www.youtube.com/watch?v=j2sMqSDLd4k,True,True,True
ama-16-sleep-vertigo-tbi-ocd-tips-for-travelers-gut-brain-axis-more,"AMA #16: Sleep, Vertigo, TBI, OCD, Tips for Travelers, Gut-Brain Axis & More",https://www.hubermanlab.com/episode/ama-16-sleep-vertigo-tbi-ocd-tips-for-travelers-gut-brain-axis-more,2024-02-29T09:00:00.000Z,,PT56M49S,,https://www.youtube.com/watch?v=gE0_8AjTFaM,True,True,True
ama-17-making-time-for-fitness-top-sleep-tools-best-learning-strategies,"AMA #17: Making Time for Fitness, Top Sleep Tools & Best Learning Strategies",https://www.hubermanlab.com/episode/ama-17-making-time-for-fitness-top-sleep-tools-best-learning-strategies,2024-04-30T08:00:00.000Z,,,,https://www.youtube.com/watch?v=jGZ1mR9uLU0,True,True,True
ama-18-cold-therapy-advice-skin-health-tips-motivation-learning-strategies-more,"AMA #18: Cold Therapy Advice, Skin Health Tips, Motivation, Learning Strategies & More",https://www.hubermanlab.com/episode/ama-18-cold-therapy-advice-skin-health-tips-motivation-learning-strategies-more,2024-08-02T08:00:00.000Z,,,,https://www.youtube.com/watch?v=Gf-kC30SLtc,True,False,True
ama-19-collagen-vs-whey-protein-creatine-smelling-salts-stimulants,"AMA #19: Collagen vs. Whey Protein, Creatine, Smelling Salts, Stimulants & More",https://www.hubermanlab.com/episode/ama-19-collagen-vs-whey-protein-creatine-smelling-salts-stimulants,2025-04-25T17:15:00.000Z,,,,https://www.youtube.com/watch?v=q-wRvsiGYIs,True,True,True
ama-2-improve-sleep-reduce-sugar-cravings-optimal-protein-intake-stretching-frequency-more,"AMA #2: Improve Sleep, Reduce Sugar Cravings, Optimal Protein Intake, Stretching Frequency & More",https://www.hubermanlab.com/episode/ama-2-improve-sleep-reduce-sugar-cravings-optimal-protein-intake-stretching-frequency-more,2022-12-08T09:00:00.000Z,,,,https://www.youtube.com/watch?v=vZ4kOr38JhY,True,True,True
ama-3-adaptogens-fasting-fertility-bluetooth-emf-risks-cognitive-load-limits-more,"AMA #3: Adaptogens, Fasting & Fertility, Bluetooth/EMF Risks, Cognitive Load Limits & More",https://www.hubermanlab.com/episode/ama-3-adaptogens-fasting-fertility-bluetooth-emf-risks-cognitive-load-limits-more,2023-01-13T09:00:00.000Z,,,,https://www.youtube.com/watch?v=uak_dXHh6s4,True,False,True
ama-4-maintain-motivation-improve-rem-sleep-set-goals-manage-anxiety-more,"AMA #4: Maintain Motivation, Improve REM Sleep, Set Goals, Manage Anxiety & More",https://www.hubermanlab.com/episode/ama-4-maintain-motivation-improve-rem-sleep-set-goals-manage-anxiety-more,2023-02-24T09:00:00.000Z,,,,https://www.youtube.com/watch?v=S8nPJU9xkNw,True,False,True
ama-5-intrusive-thoughts-cgms-behavioral-change-naps-nsdr,"AMA #5: Intrusive Thoughts, CGMs, Behavioral Change, Naps & NSDR",https://www.hubermanlab.com/episode/ama-5-intrusive-thoughts-cgms-behavioral-change-naps-nsdr,2023-03-24T08:00:00.000Z,,,,https://www.youtube.com/watch?v=cp9GXl9Qk_s,True,False,True
ama-6-eye-health-why-we-yawn-increasing-motivation,"AMA #6: Eye Health, Why We Yawn & Increasing Motivation",https://www.hubermanlab.com/episode/ama-6-eye-health-why-we-yawn-increasing-motivation,2023-04-27T08:00:00.000Z,,,,https://www.youtube.com/watch?v=uWV9a3zEaL4,True,False,True
ama-7-cold-exposure-maximizing-rem-sleep-my-next-scientific-studies,"AMA #7: Cold Exposure, Maximizing REM Sleep & My Next Scientific Studies",https://www.hubermanlab.com/episode/ama-7-cold-exposure-maximizing-rem-sleep-my-next-scientific-studies,2023-05-31T08:00:00.000Z,,,,https://www.youtube.com/watch?v=dicP_kA-RA0,True,False,True
ama-8-balancing-caffeine-decision-fatigue-social-isolation,"AMA #8: Balancing Caffeine, Decision Fatigue & Social Isolation",https://www.hubermanlab.com/episode/ama-8-balancing-caffeine-decision-fatigue-social-isolation,2023-06-23T08:00:00.000Z,,,https://www.hubermanlab.com/topics/caffeine-science,https://www.youtube.com/watch?v=FE0lTEUa7EY,True,False,True
ama-9-kratom-risks-does-infrared-sauna-work-journaling-benefits,"AMA #9: Kratom Risks, Does Infrared Sauna Work & Journaling Benefits",https://www.hubermanlab.com/episode/ama-9-kratom-risks-does-infrared-sauna-work-journaling-benefits,2023-07-28T08:00:00.000Z,,,,https://www.youtube.com/watch?v=HoH93judXmE,True,False,True
ari-wallach-create-your-ideal-future-using-science-based-protocols,Ari Wallach: Create Your Ideal Future Using Science-Based Protocols,https://www.hubermanlab.com/episode/ari-wallach-create-your-ideal-future-using-science-based-protocols,2024-10-14T08:00:00.000Z,198,,https://www.hubermanlab.com/topics/goals-and-habits;https://www.hubermanlab.com/topics/happiness-and-wellbeing,https://www.youtube.com/watch?v=kgr22uMsJ5o,True,True,True
asi-wind-what-magic-mind-reading-reveal-about-the-brain,Asi Wind: What Magic & Mind Reading Reveal About the Brain,https://www.hubermanlab.com/episode/asi-wind-what-magic-mind-reading-reveal-about-the-brain,2024-03-25T08:00:00.000Z,169,PT2H51M38S,https://www.hubermanlab.com/topics/brain-and-neuroplasticity;https://www.hubermanlab.com/topics/creativity,https://www.youtube.com/watch?v=kpTJqwIfHcM,True,True,True
avoiding-treating-and-curing-cancer-with-the-immune-system-alex-marson,"Avoiding, Treating & Curing Cancer With the Immune System | Dr. Alex Marson",https://www.hubermanlab.com/episode/avoiding-treating-and-curing-cancer-with-the-immune-system-alex-marson,2026-03-09T08:00:00.000Z,271,,https://www.hubermanlab.com/topics/general-health,https://www.youtube.com/watch?v=u4VTFb4awrQ,True,True,True
behaviors-that-alter-your-genes-to-improve-your-health-performance-dr-melissa-ilardo,Behaviors That Alter Your Genes to Improve Your Health & Performance | Dr. Melissa Ilardo,https://www.hubermanlab.com/episode/behaviors-that-alter-your-genes-to-improve-your-health-performance-dr-melissa-ilardo,2025-05-26T08:00:00.000Z,230,PT1H52M11S,,https://www.youtube.com/watch?v=ijdpvG24IkE,True,True,True
benefits-risks-of-peptide-therapeutics-for-physical-mental-health,Benefits & Risks of Peptide Therapeutics for Physical & Mental Health,https://www.hubermanlab.com/episode/benefits-risks-of-peptide-therapeutics-for-physical-mental-health,2024-04-01T08:00:00.000Z,170,,https://www.hubermanlab.com/topics/hormone-health;https://www.hubermanlab.com/topics/society-and-technology;https://www.hubermanlab.com/topics/supplementation,https://www.youtube.com/watch?v=zU5EYw06wtw,True,True,True
best-ways-to-build-better-habits-and-break-bad-ones-james-clear,Best Ways to Build Better Habits & Break Bad Ones | James Clear,https://www.hubermanlab.com/episode/best-ways-to-build-better-habits-and-break-bad-ones-james-clear,2026-01-05T09:00:00.000Z,262,,https://www.hubermanlab.com/topics/goals-and-habits,https://www.youtube.com/watch?v=bdsc3Spm6Sw,True,True,True
bill-eddy-how-to-deal-with-high-conflict-people,Bill Eddy: How to Deal With High Conflict People,https://www.hubermanlab.com/episode/bill-eddy-how-to-deal-with-high-conflict-people,2024-10-28T08:00:00.000Z,200,,https://www.hubermanlab.com/topics/emotional-intelligence-and-relationships;https://www.hubermanlab.com/topics/happiness-and-wellbeing;https://www.hubermanlab.com/topics/mental-health,https://www.youtube.com/watch?v=SuR0DaYoe0Y,True,True,True
biological-influences-on-sex-sex-differences-and-preferences,How Hormones Shape Sexual Development,https://www.hubermanlab.com/episode/biological-influences-on-sex-sex-differences-and-preferences,2021-04-05T08:00:00.000Z,14,,https://www.hubermanlab.com/topics/hormone-health,https://www.youtube.com/watch?v=J7SrAEacyf8,True,True,True
build-ideal-physique-bret-contreras,Build Your Ideal Physique | Dr. Bret Contreras,https://www.hubermanlab.com/episode/build-ideal-physique-bret-contreras,2025-09-22T08:00:00.000Z,247,,,https://www.youtube.com/watch?v=7SIjcX5B1Vs,True,True,True
build-muscle-and-strength-and-forge-your-life-path-dorian-yates,Build Muscle & Strength & Forge Your Life Path | Dorian Yates,https://www.hubermanlab.com/episode/build-muscle-and-strength-and-forge-your-life-path-dorian-yates,2026-01-19T09:00:00.000Z,264,,,https://www.youtube.com/watch?v=qzXU390N3vs,True,True,True
build-muscle-great-posture-and-resilience-to-injury-jeff-cavaliere,"Build Muscle, Great Posture & Resilience to Injury | Jeff Cavaliere",https://www.hubermanlab.com/episode/build-muscle-great-posture-and-resilience-to-injury-jeff-cavaliere,2026-05-25T08:00:00.000Z,282,,https://www.hubermanlab.com/topics/fitness-and-workout-routines,https://www.youtube.com/watch?v=s95KFJ2efm4,True,True,True
chris-voss-how-to-succeed-at-hard-conversations,Chris Voss: How to Succeed at Hard Conversations,https://www.hubermanlab.com/episode/chris-voss-how-to-succeed-at-hard-conversations,2023-10-02T08:00:00.000Z,144,,https://www.hubermanlab.com/topics/emotional-intelligence-and-relationships;https://www.hubermanlab.com/topics/happiness-and-wellbeing,https://www.youtube.com/watch?v=q8CHXefn7B4,True,True,True
coleman-ruiz-overcoming-physical-emotional-challenges,Coleman Ruiz: Overcoming Physical & Emotional Challenges,https://www.hubermanlab.com/episode/coleman-ruiz-overcoming-physical-emotional-challenges,2024-04-08T08:00:00.000Z,170,,https://www.hubermanlab.com/topics/happiness-and-wellbeing;https://www.hubermanlab.com/topics/mental-health,https://www.youtube.com/watch?v=acgz0C-z-gc,True,True,True
contracts-of-love-money-that-make-or-break-relationships-james-sexton,Contracts of Love & Money That Make or Break Relationships | James Sexton,https://www.hubermanlab.com/episode/contracts-of-love-money-that-make-or-break-relationships-james-sexton,2025-05-05T08:00:00.000Z,227,,,https://www.youtube.com/watch?v=zpkwefXtbfk,True,True,True
control-pain-and-heal-faster-with-your-brain,Control Pain & Heal Faster with Your Brain,https://www.hubermanlab.com/episode/control-pain-and-heal-faster-with-your-brain,2021-03-01T09:00:00.000Z,9,,https://www.hubermanlab.com/topics/brain-and-neuroplasticity;https://www.hubermanlab.com/topics/general-health,https://www.youtube.com/watch?v=mcPSRWUYCv0,True,True,True
control-your-vagus-nerve-to-improve-mood-alertness-neuroplasticity,"Control Your Vagus Nerve to Improve Mood, Alertness & Neuroplasticity",https://www.hubermanlab.com/episode/control-your-vagus-nerve-to-improve-mood-alertness-neuroplasticity,2025-06-23T08:00:00.000Z,234,,,https://www.youtube.com/watch?v=CLbVW3Pj46A,True,True,True
controlling-sugar-cravings-and-metabolism-with-science-based-tools,Controlling Sugar Cravings & Metabolism with Science-Based Tools,https://www.hubermanlab.com/episode/controlling-sugar-cravings-and-metabolism-with-science-based-tools,2022-03-21T08:00:00.000Z,64,,https://www.hubermanlab.com/topics/diet-and-nutrition;https://www.hubermanlab.com/topics/general-health;https://www.hubermanlab.com/topics/science-of-adhd,https://www.youtube.com/watch?v=VAEzZeaV5zM,True,True,True
controlling-your-dopamine-for-motivation-focus-and-satisfaction,"Controlling Your Dopamine For Motivation, Focus & Satisfaction",https://www.hubermanlab.com/episode/controlling-your-dopamine-for-motivation-focus-and-satisfaction,2021-09-27T08:00:00.000Z,39,,https://www.hubermanlab.com/topics/focus-and-concentration;https://www.hubermanlab.com/topics/motivation-and-willpower;https://www.hubermanlab.com/topics/science-of-adhd,https://www.youtube.com/watch?v=QmOF0crdyRU,True,True,True
cultivating-awe-and-emotional-connection-dr-dacher-keltner,Cultivating Awe & Emotional Connection in Daily Life | Dr. Dacher Keltner,https://www.hubermanlab.com/episode/cultivating-awe-and-emotional-connection-dr-dacher-keltner,2026-04-06T08:00:00.000Z,275,,https://www.hubermanlab.com/topics/emotional-intelligence-and-relationships,https://www.youtube.com/watch?v=Tmw2dW0a9DY,True,True,True
david-fajgenbaum-using-drugs-treat-diseases-brain-body,Using Existing Drugs in New Ways to Treat & Cure Diseases of Brain & Body | Dr. David Fajgenbaum,https://www.hubermanlab.com/episode/david-fajgenbaum-using-drugs-treat-diseases-brain-body,2025-11-03T09:00:00.000Z,253,,,https://www.youtube.com/watch?v=PCbD3hFyfCk,True,True,True
david-goggins-how-to-build-immense-inner-strength,David Goggins: How to Build Immense Inner Strength,https://www.hubermanlab.com/episode/david-goggins-how-to-build-immense-inner-strength,2024-01-01T09:00:00.000Z,157,PT2H37M35S,https://www.hubermanlab.com/topics/happiness-and-wellbeing;https://www.hubermanlab.com/topics/motivation-and-willpower,https://www.youtube.com/watch?v=nDLb8_wgX50,True,True,True
defining-healthy-masculinity-how-to-build-it-terry-real,Defining Healthy Masculinity & How to Build It | Terry Real,https://www.hubermanlab.com/episode/defining-healthy-masculinity-how-to-build-it-terry-real,2025-12-29T09:00:00.000Z,261,,,https://www.youtube.com/watch?v=qGb7hYMlA3o,True,True,True
developing-a-rational-approach-to-supplementation-for-health-and-performance,Developing a Rational Approach to Supplementation for Health & Performance,https://www.hubermanlab.com/episode/developing-a-rational-approach-to-supplementation-for-health-and-performance,2023-01-09T09:00:00.000Z,,,https://www.hubermanlab.com/topics/supplementation,https://www.youtube.com/watch?v=tLS6t3FVOTI,True,True,True
dr-adam-grant-how-to-unlock-your-potential-motivation-unique-abilities,"Dr. Adam Grant: How to Unlock Your Potential, Motivation & Unique Abilities",https://www.hubermanlab.com/episode/dr-adam-grant-how-to-unlock-your-potential-motivation-unique-abilities,2023-11-27T09:00:00.000Z,152,PT3H12M22S,https://www.hubermanlab.com/topics/daily-routines;https://www.hubermanlab.com/topics/goals-and-habits;https://www.hubermanlab.com/topics/happiness-and-wellbeing;https://www.hubermanlab.com/topics/motivation-and-willpower,https://www.youtube.com/watch?v=3gtvNYa3Nd8,True,True,True
dr-alia-crum-science-of-mindsets-for-health-performance,Dr. Alia Crum: Science of Mindsets for Health & Performance,https://www.hubermanlab.com/episode/dr-alia-crum-science-of-mindsets-for-health-performance,2022-01-24T09:00:00.000Z,56,,https://www.hubermanlab.com/topics/emotional-intelligence-and-relationships;https://www.hubermanlab.com/topics/goals-and-habits,https://www.youtube.com/watch?v=dFR_wFN23ZY,True,True,True
dr-allan-schore-how-relationships-shape-your-brain,Dr. Allan Schore: How Relationships Shape Your Brain,https://www.hubermanlab.com/episode/dr-allan-schore-how-relationships-shape-your-brain,2024-11-11T09:00:00.000Z,202,,https://www.hubermanlab.com/topics/emotional-intelligence-and-relationships;https://www.hubermanlab.com/topics/happiness-and-wellbeing,https://www.youtube.com/watch?v=rZkMpVLcVsg,True,True,True
dr-andy-galpin-how-to-assess-improve-all-aspects-of-your-fitness,Guest Series | Dr. Andy Galpin: How to Assess & Improve All Aspects of Your Fitness,https://www.hubermanlab.com/episode/dr-andy-galpin-how-to-assess-improve-all-aspects-of-your-fitness,2023-01-18T09:00:00.000Z,,,https://www.hubermanlab.com/topics/fitness-and-workout-routines,https://www.youtube.com/watch?v=zEYE-vcVKy8,True,True,True
dr-andy-galpin-how-to-build-physical-endurance-and-lose-fat,Guest Series | Dr. Andy Galpin: How to Build Physical Endurance & Lose Fat,https://www.hubermanlab.com/episode/dr-andy-galpin-how-to-build-physical-endurance-and-lose-fat,2023-02-01T09:00:00.000Z,,,https://www.hubermanlab.com/topics/fitness-and-workout-routines,https://www.youtube.com/watch?v=oNkDA2F7CjM,True,True,True
dr-andy-galpin-how-to-build-strength-muscle-size-and-endurance,"Dr. Andy Galpin: How to Build Strength, Muscle Size & Endurance",https://www.hubermanlab.com/episode/dr-andy-galpin-how-to-build-strength-muscle-size-and-endurance,2022-03-28T08:00:00.000Z,65,,https://www.hubermanlab.com/topics/fitness-and-workout-routines,https://www.youtube.com/watch?v=IAnhFUUCq6c,True,True,True
dr-andy-galpin-optimal-nutrition-and-supplementation-for-fitness,Guest Series | Dr. Andy Galpin: Optimal Nutrition & Supplementation for Fitness,https://www.hubermanlab.com/episode/dr-andy-galpin-optimal-nutrition-and-supplementation-for-fitness,2023-02-22T09:00:00.000Z,,,https://www.hubermanlab.com/topics/diet-and-nutrition;https://www.hubermanlab.com/topics/supplementation,https://www.youtube.com/watch?v=q37ARYnRDGc,True,True,True
dr-andy-galpin-optimal-protocols-to-build-strength-and-grow-muscles,Guest Series | Dr. Andy Galpin: Optimal Protocols to Build Strength & Grow Muscles,https://www.hubermanlab.com/episode/dr-andy-galpin-optimal-protocols-to-build-strength-and-grow-muscles,2023-01-25T09:00:00.000Z,,,https://www.hubermanlab.com/topics/fitness-and-workout-routines,https://www.youtube.com/watch?v=CyDLbrZK75U,True,True,True
dr-andy-galpin-optimize-your-training-program-for-fitness-and-longevity,Guest Series | Dr. Andy Galpin: Optimize Your Training Program for Fitness & Longevity,https://www.hubermanlab.com/episode/dr-andy-galpin-optimize-your-training-program-for-fitness-and-longevity,2023-02-08T09:00:00.000Z,,,https://www.hubermanlab.com/topics/fitness-and-workout-routines,https://www.youtube.com/watch?v=UIy-WQCZd4M,True,True,True
dr-anna-lembke-understanding-and-treating-addiction,Dr. Anna Lembke: Understanding & Treating Addiction,https://www.hubermanlab.com/episode/dr-anna-lembke-understanding-and-treating-addiction,2021-08-16T08:00:00.000Z,33,,https://www.hubermanlab.com/topics/mental-health,https://www.youtube.com/watch?v=p3JLaF_4Tz8,True,True,True
dr-becky-kennedy-overcoming-guilt-building-tenacity-in-kids-adults,Dr. Becky Kennedy: Overcoming Guilt & Building Tenacity in Kids & Adults,https://www.hubermanlab.com/episode/dr-becky-kennedy-overcoming-guilt-building-tenacity-in-kids-adults,2025-01-13T09:00:00.000Z,211,,https://www.hubermanlab.com/topics/emotional-intelligence-and-relationships,https://www.youtube.com/watch?v=qi4VwpEs3LE,True,True,True
dr-becky-kennedy-protocols-for-excellent-parenting-improving-relationships-of-all-kinds,Dr. Becky Kennedy: Protocols for Excellent Parenting & Improving Relationships of All Kinds,https://www.hubermanlab.com/episode/dr-becky-kennedy-protocols-for-excellent-parenting-improving-relationships-of-all-kinds,2024-02-26T09:00:00.000Z,165,,https://www.hubermanlab.com/topics/emotional-intelligence-and-relationships,https://www.youtube.com/watch?v=XT_6Lvkhxvo,True,True,True
dr-bernardo-huberman-how-to-use-curiosity-focus-to-create-a-joyful-meaningful-life,Dr. Bernardo Huberman: How to Use Curiosity & Focus to Create a Joyful & Meaningful Life,https://www.hubermanlab.com/episode/dr-bernardo-huberman-how-to-use-curiosity-focus-to-create-a-joyful-meaningful-life,2024-12-16T09:00:00.000Z,207,,https://www.hubermanlab.com/topics/happiness-and-wellbeing;https://www.hubermanlab.com/topics/society-and-technology,https://www.youtube.com/watch?v=tR73Ny4Dt9s,True,True,True
dr-bonnie-halpern-felsher-vaping-alcohol-use-other-risky-youth-behaviors,"Dr. Bonnie Halpern-Felsher: Vaping, Alcohol Use & Other Risky Youth Behaviors",https://www.hubermanlab.com/episode/dr-bonnie-halpern-felsher-vaping-alcohol-use-other-risky-youth-behaviors,2024-04-22T08:00:00.000Z,173,,https://www.hubermanlab.com/topics/alcohol-tobacco-and-cannabis,https://www.youtube.com/watch?v=zlc4VrDx_qk,True,True,True
dr-brian-keating-charting-the-architecture-of-the-universe-human-life,Dr. Brian Keating: Charting the Architecture of the Universe & Human Life,https://www.hubermanlab.com/episode/dr-brian-keating-charting-the-architecture-of-the-universe-human-life,2025-01-20T09:00:00.000Z,212,,https://www.hubermanlab.com/topics/society-and-technology,https://www.youtube.com/watch?v=3-ukCGQJk2c,True,True,True
dr-cal-newport-how-to-enhance-focus-and-improve-productivity,Dr. Cal Newport: How to Enhance Focus and Improve Productivity,https://www.hubermanlab.com/episode/dr-cal-newport-how-to-enhance-focus-and-improve-productivity,2024-03-11T08:00:00.000Z,167,,https://www.hubermanlab.com/topics/daily-routines;https://www.hubermanlab.com/topics/focus-and-concentration,https://www.youtube.com/watch?v=p4ZfkezDTXQ,True,True,True
dr-casey-halpern-biology-and-treatments-for-compulsive-eating-and-behaviors,Dr. Casey Halpern: Biology & Treatments for Compulsive Eating & Behaviors,https://www.hubermanlab.com/episode/dr-casey-halpern-biology-and-treatments-for-compulsive-eating-and-behaviors,2022-09-26T08:00:00.000Z,,,https://www.hubermanlab.com/topics/diet-and-nutrition;https://www.hubermanlab.com/topics/mental-health,https://www.youtube.com/watch?v=Nr5xb-QCBGA,True,True,True
dr-casey-means-transform-your-health-by-improving-metabolism-hormone-blood-sugar-regulation,"Dr. Casey Means: Transform Your Health by Improving Metabolism, Hormone & Blood Sugar Regulation",https://www.hubermanlab.com/episode/dr-casey-means-transform-your-health-by-improving-metabolism-hormone-blood-sugar-regulation,2024-05-06T08:00:00.000Z,175,PT2H56M26S,https://www.hubermanlab.com/topics/general-health;https://www.hubermanlab.com/topics/hormone-health,https://www.youtube.com/watch?v=8qaBpM73NSk,True,True,True
dr-charan-ranganath-how-to-improve-memory-focus-using-science-protocols,Dr. Charan Ranganath: How to Improve Memory & Focus Using Science Protocols,https://www.hubermanlab.com/episode/dr-charan-ranganath-how-to-improve-memory-focus-using-science-protocols,2024-09-30T08:00:00.000Z,196,,https://www.hubermanlab.com/topics/focus-and-concentration;https://www.hubermanlab.com/topics/memory-and-learning,https://www.youtube.com/watch?v=jC8Pu9HBd48,True,True,True
dr-charles-zuker-the-biology-of-taste-perception-and-sugar-craving,Dr. Charles Zuker: The Biology of Taste Perception & Sugar Craving,https://www.hubermanlab.com/episode/dr-charles-zuker-the-biology-of-taste-perception-and-sugar-craving,2022-07-18T08:00:00.000Z,,,https://www.hubermanlab.com/topics/diet-and-nutrition,https://www.youtube.com/watch?v=UChhXiFPRgg,True,True,True
dr-chris-palmer-diet-nutrition-for-mental-health,Dr. Chris Palmer: Diet & Nutrition for Mental Health,https://www.hubermanlab.com/episode/dr-chris-palmer-diet-nutrition-for-mental-health,2022-11-21T09:00:00.000Z,99,,https://www.hubermanlab.com/topics/diet-and-nutrition;https://www.hubermanlab.com/topics/general-health;https://www.hubermanlab.com/topics/mental-health,https://www.youtube.com/watch?v=xjEFo3a1AnI,True,True,True
dr-craig-heller-using-temperature-for-performance-brain-and-body-health,"Dr. Craig Heller: Using Temperature for Performance, Brain & Body Health",https://www.hubermanlab.com/episode/dr-craig-heller-using-temperature-for-performance-brain-and-body-health,2021-10-04T08:00:00.000Z,40,,https://www.hubermanlab.com/topics/cold-plunges-and-deliberate-cooling;https://www.hubermanlab.com/topics/fitness-and-workout-routines,https://www.youtube.com/watch?v=77CdVSpnUX4,True,True,True
dr-craig-koniver-peptide-hormone-therapies-for-health-performance-longevity,"Dr. Craig Koniver: Peptide & Hormone Therapies for Health, Performance & Longevity",https://www.hubermanlab.com/episode/dr-craig-koniver-peptide-hormone-therapies-for-health-performance-longevity,2024-10-07T08:00:00.000Z,197,,https://www.hubermanlab.com/topics/aging-and-longevity;https://www.hubermanlab.com/topics/hormone-health;https://www.hubermanlab.com/topics/supplementation,https://www.youtube.com/watch?v=wRsX_ZkzxvQ,True,True,True
dr-david-anderson-the-biology-of-aggression-mating-and-arousal,"Dr. David Anderson: The Biology of Aggression, Mating & Arousal",https://www.hubermanlab.com/episode/dr-david-anderson-the-biology-of-aggression-mating-and-arousal,2022-09-12T08:00:00.000Z,,,https://www.hubermanlab.com/topics/emotional-intelligence-and-relationships,https://www.youtube.com/watch?v=uxZFl4BDOGk,True,True,True
dr-david-berson-your-brains-logic-and-function,Dr. David Berson: Your Brain's Logic & Function,https://www.hubermanlab.com/episode/dr-david-berson-your-brains-logic-and-function,2021-12-13T09:00:00.000Z,50,,https://www.hubermanlab.com/topics/brain-and-neuroplasticity;https://www.hubermanlab.com/topics/general-health,https://www.youtube.com/watch?v=oC3fhUjg30E,True,True,True
dr-david-buss-how-humans-select-and-keep-romantic-partners-in-short-and-long-term,Dr. David Buss: How Humans Select & Keep Romantic Partners in Short & Long Term,https://www.hubermanlab.com/episode/dr-david-buss-how-humans-select-and-keep-romantic-partners-in-short-and-long-term,2021-11-29T09:00:00.000Z,48,,https://www.hubermanlab.com/topics/emotional-intelligence-and-relationships,https://www.youtube.com/watch?v=HXzTbCEqCJc,True,True,True
dr-david-linden-life-death-and-the-neuroscience-of-your-unique-experience,"Dr. David Linden: Life, Death & the Neuroscience of Your Unique Experience",https://www.hubermanlab.com/episode/dr-david-linden-life-death-and-the-neuroscience-of-your-unique-experience,2023-08-21T08:00:00.000Z,,,https://www.hubermanlab.com/topics/brain-and-neuroplasticity;https://www.hubermanlab.com/topics/emotional-intelligence-and-relationships;https://www.hubermanlab.com/topics/mental-health,https://www.youtube.com/watch?v=29n0WG317tM,True,True,True
dr-david-sinclair-the-biology-of-slowing-and-reversing-aging,Dr. David Sinclair: The Biology of Slowing & Reversing Aging,https://www.hubermanlab.com/episode/dr-david-sinclair-the-biology-of-slowing-and-reversing-aging,2021-12-27T09:00:00.000Z,52,,https://www.hubermanlab.com/topics/aging-and-longevity,https://www.youtube.com/watch?v=n9IxomBusuw,True,True,True
dr-david-spiegel-using-hypnosis-to-enhance-mental-and-physical-health-and-performance,Dr. David Spiegel: Using Hypnosis to Enhance Mental & Physical Health & Performance,https://www.hubermanlab.com/episode/dr-david-spiegel-using-hypnosis-to-enhance-mental-and-physical-health-and-performance,2022-02-21T09:00:00.000Z,60,,https://www.hubermanlab.com/topics/mental-health;https://www.hubermanlab.com/topics/nsdr-meditation-and-breathwork;https://www.hubermanlab.com/topics/regulate-your-nervous-system,https://www.youtube.com/watch?v=PctD-ki8dCc,True,True,True
dr-david-yeager-how-to-master-growth-mindset-to-improve-performance,Dr. David Yeager: How to Master Growth Mindset to Improve Performance,https://www.hubermanlab.com/episode/dr-david-yeager-how-to-master-growth-mindset-to-improve-performance,,,,https://www.hubermanlab.com/topics/emotional-intelligence-and-relationships;https://www.hubermanlab.com/topics/goals-and-habits;https://www.hubermanlab.com/topics/happiness-and-wellbeing,https://www.youtube.com/watch?v=etEJrznE-c0,True,True,True
dr-diego-bohorquez-the-science-of-your-gut-sense-the-gut-brain-axis,Dr. Diego Bohórquez: The Science of Your Gut Sense & the Gut-Brain Axis,https://www.hubermanlab.com/episode/dr-diego-bohorquez-the-science-of-your-gut-sense-the-gut-brain-axis,2024-05-27T08:00:00.000Z,178,,https://www.hubermanlab.com/topics/diet-and-nutrition;https://www.hubermanlab.com/topics/general-health,https://www.youtube.com/watch?v=SZSRgyl7pyQ,True,True,True
dr-duncan-french-how-to-exercise-for-strength-gains-and-hormone-optimization,Dr. Duncan French: How to Exercise for Strength Gains & Hormone Optimization,https://www.hubermanlab.com/episode/dr-duncan-french-how-to-exercise-for-strength-gains-and-hormone-optimization,2021-11-08T09:00:00.000Z,45,,https://www.hubermanlab.com/topics/fitness-and-workout-routines;https://www.hubermanlab.com/topics/hormone-health,https://www.youtube.com/watch?v=iMvtHqLmEkI,True,True,True
dr-eddie-chang-the-science-of-learning-and-speaking-languages,Dr. Eddie Chang: The Science of Learning & Speaking Languages,https://www.hubermanlab.com/episode/dr-eddie-chang-the-science-of-learning-and-speaking-languages,2022-10-24T08:00:00.000Z,,,https://www.hubermanlab.com/topics/brain-and-neuroplasticity;https://www.hubermanlab.com/topics/general-health;https://www.hubermanlab.com/topics/memory-and-learning,https://www.youtube.com/watch?v=Z7MU6zrAXsM,True,True,True
dr-ej-chichilnisky-how-the-brain-works-curing-blindness-how-to-navigate-a-career-path,"Dr. E.J. Chichilnisky: How the Brain Works, Curing Blindness & How to Navigate a Career Path",https://www.hubermanlab.com/episode/dr-ej-chichilnisky-how-the-brain-works-curing-blindness-how-to-navigate-a-career-path,2024-03-18T08:00:00.000Z,168,,https://www.hubermanlab.com/topics/general-health;https://www.hubermanlab.com/topics/society-and-technology,https://www.youtube.com/watch?v=oL3SkPV1_Ik,True,True,True
dr-elissa-epel-control-stress-for-healthy-eating-metabolism-and-aging,"Dr. Elissa Epel: Control Stress for Healthy Eating, Metabolism & Aging",https://www.hubermanlab.com/episode/dr-elissa-epel-control-stress-for-healthy-eating-metabolism-and-aging,2023-04-03T08:00:00.000Z,,,https://www.hubermanlab.com/topics/aging-and-longevity;https://www.hubermanlab.com/topics/general-health;https://www.hubermanlab.com/topics/regulate-your-nervous-system,https://www.youtube.com/watch?v=ulHrUVV3Kq4,True,True,True
dr-ellen-langer-using-your-mind-to-control-your-physical-health-longevity,Dr. Ellen Langer: Using Your Mind to Control Your Physical Health & Longevity,https://www.hubermanlab.com/episode/dr-ellen-langer-using-your-mind-to-control-your-physical-health-longevity,2025-02-03T09:00:00.000Z,214,,,https://www.youtube.com/watch?v=QYAgf_lfio4,True,True,True
dr-emily-balcetis-tools-for-setting-and-achieving-goals,Dr. Emily Balcetis: Tools for Setting & Achieving Goals,https://www.hubermanlab.com/episode/dr-emily-balcetis-tools-for-setting-and-achieving-goals,2022-08-01T08:00:00.000Z,,,https://www.hubermanlab.com/topics/emotional-intelligence-and-relationships;https://www.hubermanlab.com/topics/goals-and-habits;https://www.hubermanlab.com/topics/motivation-and-willpower,https://www.youtube.com/watch?v=7YGZZcXqKxE,True,True,True
dr-erich-jarvis-the-neuroscience-of-speech-language-and-music,"Dr. Erich Jarvis: The Neuroscience of Speech, Language & Music",https://www.hubermanlab.com/episode/dr-erich-jarvis-the-neuroscience-of-speech-language-and-music,2022-08-29T08:00:00.000Z,,,https://www.hubermanlab.com/topics/brain-and-neuroplasticity;https://www.hubermanlab.com/topics/creativity;https://www.hubermanlab.com/topics/memory-and-learning,https://www.youtube.com/watch?v=LVxL_p_kToc,True,True,True
dr-ethan-kross-how-to-control-your-inner-voice-increase-your-resilience,Dr. Ethan Kross: How to Control Your Inner Voice & Increase Your Resilience,https://www.hubermanlab.com/episode/dr-ethan-kross-how-to-control-your-inner-voice-increase-your-resilience,2024-11-25T09:00:00.000Z,204,,https://www.hubermanlab.com/topics/emotional-intelligence-and-relationships;https://www.hubermanlab.com/topics/happiness-and-wellbeing;https://www.hubermanlab.com/topics/mental-health,https://www.youtube.com/watch?v=Og56hmAspV8,True,True,True
dr-gabrielle-lyon-how-to-exercise-eat-for-optimal-health-longevity,Dr. Gabrielle Lyon: How to Exercise & Eat for Optimal Health & Longevity,https://www.hubermanlab.com/episode/dr-gabrielle-lyon-how-to-exercise-eat-for-optimal-health-longevity,2024-06-24T08:00:00.000Z,182,,https://www.hubermanlab.com/topics/aging-and-longevity;https://www.hubermanlab.com/topics/diet-and-nutrition;https://www.hubermanlab.com/topics/fitness-and-workout-routines,https://www.youtube.com/watch?v=WFcYF_pxLgA,True,True,True
dr-gary-steinberg-how-to-improve-brain-health-offset-neurodegeneration,Dr. Gary Steinberg: How to Improve Brain Health & Offset Neurodegeneration,https://www.hubermanlab.com/episode/dr-gary-steinberg-how-to-improve-brain-health-offset-neurodegeneration,2024-05-20T08:00:00.000Z,177,,https://www.hubermanlab.com/topics/aging-and-longevity;https://www.hubermanlab.com/topics/brain-and-neuroplasticity;https://www.hubermanlab.com/topics/general-health,https://www.youtube.com/watch?v=nqNEtdHVUjM,True,True,True
dr-gina-poe-use-sleep-to-enhance-learning-memory-and-emotional-state,"Dr. Gina Poe: Use Sleep to Enhance Learning, Memory & Emotional State",https://www.hubermanlab.com/episode/dr-gina-poe-use-sleep-to-enhance-learning-memory-and-emotional-state,2023-02-13T09:00:00.000Z,111,,https://www.hubermanlab.com/topics/sleep-hygiene,https://www.youtube.com/watch?v=BMTt8gSl13s,True,True,True
dr-immordino-yang-how-emotions-and-social-factors-impact-learning,Dr. Immordino-Yang: How Emotions & Social Factors Impact Learning,https://www.hubermanlab.com/episode/dr-immordino-yang-how-emotions-and-social-factors-impact-learning,2023-06-05T08:00:00.000Z,,,https://www.hubermanlab.com/topics/emotional-intelligence-and-relationships;https://www.hubermanlab.com/topics/memory-and-learning,https://www.youtube.com/watch?v=S8jWFcDGz4Y,True,True,True
dr-jack-feldman-breathing-for-mental-physical-health-and-performance,Dr. Jack Feldman: Breathing for Mental & Physical Health & Performance,https://www.hubermanlab.com/episode/dr-jack-feldman-breathing-for-mental-physical-health-and-performance,2022-01-10T09:00:00.000Z,54,,https://www.hubermanlab.com/topics/nsdr-meditation-and-breathwork;https://www.hubermanlab.com/topics/regulate-your-nervous-system,https://www.youtube.com/watch?v=GLgKkG44MGo,True,True,True
dr-james-hollis-how-to-find-your-true-purpose-create-your-best-life,Dr. James Hollis: How to Find Your True Purpose & Create Your Best Life,https://www.hubermanlab.com/episode/dr-james-hollis-how-to-find-your-true-purpose-create-your-best-life,2024-05-13T08:00:00.000Z,176,,https://www.hubermanlab.com/topics/emotional-intelligence-and-relationships;https://www.hubermanlab.com/topics/happiness-and-wellbeing,https://www.youtube.com/watch?v=SyWC8ZFVxGo,True,True,True
dr-jamil-zaki-how-to-cultivate-a-positive-growth-oriented-mindset,"Dr. Jamil Zaki: How to Cultivate a Positive, Growth-Oriented Mindset",https://www.hubermanlab.com/episode/dr-jamil-zaki-how-to-cultivate-a-positive-growth-oriented-mindset,,,,https://www.hubermanlab.com/topics/emotional-intelligence-and-relationships,https://www.youtube.com/watch?v=U2BPitASUh0,True,True,True
dr-jeffrey-goldberg-how-to-improve-your-eye-health-and-offset-vision-loss,Dr. Jeffrey Goldberg: How to Improve Your Eye Health & Offset Vision Loss,https://www.hubermanlab.com/episode/dr-jeffrey-goldberg-how-to-improve-your-eye-health-and-offset-vision-loss,2023-06-26T08:00:00.000Z,,,https://www.hubermanlab.com/topics/general-health,https://www.youtube.com/watch?v=_ltcLEM-5HU,True,True,True
dr-jonathan-haidt-how-smartphones-social-media-impact-mental-health-the-realistic-solutions,Dr. Jonathan Haidt: How Smartphones & Social Media Impact Mental Health & the Realistic Solutions,https://www.hubermanlab.com/episode/dr-jonathan-haidt-how-smartphones-social-media-impact-mental-health-the-realistic-solutions,2024-06-10T08:00:00.000Z,180,,https://www.hubermanlab.com/topics/general-health;https://www.hubermanlab.com/topics/mental-health;https://www.hubermanlab.com/topics/society-and-technology,https://www.youtube.com/watch?v=csubiPlvFWk,True,True,True
dr-jordan-peterson-how-to-best-guide-your-life-decisions-path,Dr. Jordan Peterson: How to Best Guide Your Life Decisions & Path,https://www.hubermanlab.com/episode/dr-jordan-peterson-how-to-best-guide-your-life-decisions-path,2024-12-30T09:00:00.000Z,209,,https://www.hubermanlab.com/topics/happiness-and-wellbeing,https://www.youtube.com/watch?v=K0hkhbGYaGQ,True,True,True
dr-justin-sonnenburg-how-to-build-maintain-and-repair-gut-health,"Dr. Justin Sonnenburg: How to Build, Maintain & Repair Gut Health",https://www.hubermanlab.com/episode/dr-justin-sonnenburg-how-to-build-maintain-and-repair-gut-health,2022-03-07T09:00:00.000Z,62,,https://www.hubermanlab.com/topics/diet-and-nutrition;https://www.hubermanlab.com/topics/general-health,https://www.youtube.com/watch?v=ouCWNRvPk20,True,True,True
dr-karen-parker-the-causes-treatments-for-autism,Dr. Karen Parker: The Causes & Treatments for Autism,https://www.hubermanlab.com/episode/dr-karen-parker-the-causes-treatments-for-autism,2023-12-11T09:00:00.000Z,154,PT2H56M28S,https://www.hubermanlab.com/topics/emotional-intelligence-and-relationships;https://www.hubermanlab.com/topics/general-health,https://www.youtube.com/watch?v=ccrbE0QHy94,True,True,True
dr-kay-tye-the-biology-of-social-interactions-and-emotions,Dr. Kay Tye: The Biology of Social Interactions and Emotions,https://www.hubermanlab.com/episode/dr-kay-tye-the-biology-of-social-interactions-and-emotions,2024-02-05T09:00:00.000Z,162,PT2H31M6S,https://www.hubermanlab.com/topics/emotional-intelligence-and-relationships;https://www.hubermanlab.com/topics/happiness-and-wellbeing,https://www.youtube.com/watch?v=V0Sdgn0_kFM,True,True,True
dr-kelly-starrett-how-to-improve-your-mobility-posture-flexibility,"Dr. Kelly Starrett: How to Improve Your Mobility, Posture & Flexibility",https://www.hubermanlab.com/episode/dr-kelly-starrett-how-to-improve-your-mobility-posture-flexibility,2024-12-09T09:00:00.000Z,206,,https://www.hubermanlab.com/topics/fitness-and-workout-routines,https://www.youtube.com/watch?v=8N7mdkrXgbc,True,True,True
dr-kyle-gillett-tools-for-hormone-optimization-in-males,Dr. Kyle Gillett: Tools for Hormone Optimization in Males,https://www.hubermanlab.com/episode/dr-kyle-gillett-tools-for-hormone-optimization-in-males,2022-12-12T09:00:00.000Z,102,,https://www.hubermanlab.com/topics/hormone-health;https://www.hubermanlab.com/topics/supplementation,https://www.youtube.com/watch?v=O640yAgq5f8,True,True,True
dr-laurie-santos-how-to-achieve-true-happiness-using-science-based-protocols,Dr. Laurie Santos: How to Achieve True Happiness Using Science-Based Protocols,https://www.hubermanlab.com/episode/dr-laurie-santos-how-to-achieve-true-happiness-using-science-based-protocols,2024-12-23T09:00:00.000Z,208,,https://www.hubermanlab.com/topics/happiness-and-wellbeing,https://www.youtube.com/watch?v=Phm-Alz1Zjo,True,True,True
dr-layne-norton-the-science-of-eating-for-health-fat-loss-and-lean-muscle,"Dr. Layne Norton: The Science of Eating for Health, Fat Loss & Lean Muscle",https://www.hubermanlab.com/episode/dr-layne-norton-the-science-of-eating-for-health-fat-loss-and-lean-muscle,2022-11-07T09:00:00.000Z,97,,https://www.hubermanlab.com/topics/diet-and-nutrition;https://www.hubermanlab.com/topics/fitness-and-workout-routines,https://www.youtube.com/watch?v=K4Ze-Sp6aUE,True,True,True
dr-layne-norton-tools-for-nutrition-fitness,Dr. Layne Norton: Tools for Nutrition & Fitness,https://www.hubermanlab.com/episode/dr-layne-norton-tools-for-nutrition-fitness,2024-08-12T08:00:00.000Z,189,,https://www.hubermanlab.com/topics/diet-and-nutrition;https://www.hubermanlab.com/topics/fitness-and-workout-routines,https://www.youtube.com/watch?v=CD0bRU1e1ZM,True,True,True
dr-lex-fridman-machines-creativity-and-love,"Dr. Lex Fridman: Machines, Creativity & Love",https://www.hubermanlab.com/episode/dr-lex-fridman-machines-creativity-and-love,2021-07-19T08:00:00.000Z,29,,https://www.hubermanlab.com/topics/society-and-technology,https://www.youtube.com/watch?v=VRvn3Oj5r3E,True,True,True
dr-lex-fridman-navigating-conflict-finding-purpose-and-maintaining-drive,"Dr. Lex Fridman: Navigating Conflict, Finding Purpose & Maintaining Drive",https://www.hubermanlab.com/episode/dr-lex-fridman-navigating-conflict-finding-purpose-and-maintaining-drive,2022-11-28T09:00:00.000Z,100,,https://www.hubermanlab.com/topics/society-and-technology,https://www.youtube.com/watch?v=6I5I56uVvLw,True,True,True
dr-lisa-feldman-barrett-how-to-understand-emotions,Dr. Lisa Feldman Barrett: How to Understand Emotions,https://www.hubermanlab.com/episode/dr-lisa-feldman-barrett-how-to-understand-emotions,2023-10-16T08:00:00.000Z,146,PT2H39M4S,https://www.hubermanlab.com/topics/emotional-intelligence-and-relationships;https://www.hubermanlab.com/topics/happiness-and-wellbeing,https://www.youtube.com/watch?v=FeRgqJVALMQ,True,True,True
dr-marc-brackett-how-to-increase-your-emotional-intelligence,Dr. Marc Brackett: How to Increase Your Emotional Intelligence,https://www.hubermanlab.com/episode/dr-marc-brackett-how-to-increase-your-emotional-intelligence,2024-09-09T08:00:00.000Z,193,,https://www.hubermanlab.com/topics/emotional-intelligence-and-relationships,https://www.youtube.com/watch?v=kG5Qb9sr0YQ,True,True,True
dr-mark-desposito-how-to-optimize-cognitive-function-brain-health,Dr. Mark D'Esposito: How to Optimize Cognitive Function & Brain Health,https://www.hubermanlab.com/episode/dr-mark-desposito-how-to-optimize-cognitive-function-brain-health,2024-02-19T09:00:00.000Z,164,,https://www.hubermanlab.com/topics/brain-and-neuroplasticity;https://www.hubermanlab.com/topics/focus-and-concentration;https://www.hubermanlab.com/topics/general-health,https://www.youtube.com/watch?v=HYVeP4F0GNU,True,True,True
dr-martha-beck-accessing-your-best-self-with-mind-body-practices-belief-testing-imagination,"Dr. Martha Beck: Access Your Best Self With Mind-Body Practices, Belief Testing & Imagination",https://www.hubermanlab.com/episode/dr-martha-beck-accessing-your-best-self-with-mind-body-practices-belief-testing-imagination,2024-08-05T08:00:00.000Z,188,,https://www.hubermanlab.com/topics/happiness-and-wellbeing,https://www.youtube.com/watch?v=nOgypsWKjm4,True,True,True
dr-mary-claire-haver-how-to-navigate-menopause-perimenopause-for-maximum-health-vitality,Dr. Mary Claire Haver: How to Navigate Menopause & Perimenopause for Maximum Health & Vitality,https://www.hubermanlab.com/episode/dr-mary-claire-haver-how-to-navigate-menopause-perimenopause-for-maximum-health-vitality,2024-06-03T08:00:00.000Z,179,,https://www.hubermanlab.com/topics/female-sexual-health;https://www.hubermanlab.com/topics/hormone-health,https://www.youtube.com/watch?v=6P8hrzjnetU,True,True,True
dr-matthew-hill-how-cannabis-impacts-health-the-potential-risks,Dr. Matthew Hill: How Cannabis Impacts Health & the Potential Risks,https://www.hubermanlab.com/episode/dr-matthew-hill-how-cannabis-impacts-health-the-potential-risks,,,,https://www.hubermanlab.com/topics/alcohol-tobacco-and-cannabis,https://www.youtube.com/watch?v=jouFvyRZntk,True,True,True
dr-matthew-johnson-psychedelic-medicine,Dr. Matthew Johnson: Psychedelic Medicine,https://www.hubermanlab.com/episode/dr-matthew-johnson-psychedelic-medicine,2021-09-20T08:00:00.000Z,38,,https://www.hubermanlab.com/topics/brain-and-neuroplasticity;https://www.hubermanlab.com/topics/mental-health;https://www.hubermanlab.com/topics/society-and-technology,https://www.youtube.com/watch?v=GzvzWO0NU50,True,True,True
dr-matthew-macdougall-neuralink-and-technologies-to-enhance-human-brains,Dr. Matthew MacDougall: Neuralink & Technologies to Enhance Human Brains,https://www.hubermanlab.com/episode/dr-matthew-macdougall-neuralink-and-technologies-to-enhance-human-brains,2023-04-17T08:00:00.000Z,,,https://www.hubermanlab.com/topics/general-health;https://www.hubermanlab.com/topics/society-and-technology,https://www.youtube.com/watch?v=3ZGItIAUQmI,True,True,True
dr-matthew-walker-the-science-and-practice-of-perfecting-your-sleep,Dr. Matt Walker: The Science & Practice of Perfecting Your Sleep,https://www.hubermanlab.com/episode/dr-matthew-walker-the-science-and-practice-of-perfecting-your-sleep,2021-08-02T08:00:00.000Z,31,,https://www.hubermanlab.com/topics/sleep-hygiene,https://www.youtube.com/watch?v=gbQFSMayJxk,True,True,True
dr-maya-shankar-how-to-shape-your-identity-and-goals,Dr. Maya Shankar: How to Shape Your Identity & Goals,https://www.hubermanlab.com/episode/dr-maya-shankar-how-to-shape-your-identity-and-goals,2023-07-24T08:00:00.000Z,,,https://www.hubermanlab.com/topics/emotional-intelligence-and-relationships;https://www.hubermanlab.com/topics/goals-and-habits,https://www.youtube.com/watch?v=X8Hw8zeCDTA,True,True,True
dr-michael-eisenberg-improving-male-sexual-health-function-fertility,"Dr. Michael Eisenberg: Improving Male Sexual Health, Function & Fertility",https://www.hubermanlab.com/episode/dr-michael-eisenberg-improving-male-sexual-health-function-fertility,2023-11-06T09:00:00.000Z,149,PT2H37M14S,https://www.hubermanlab.com/topics/hormone-health;https://www.hubermanlab.com/topics/male-sexual-health,https://www.youtube.com/watch?v=pkJi9Raxikg,True,True,True
dr-natalie-crawford-female-hormone-health-fertility-vitality,"Dr. Natalie Crawford: Female Hormone Health, Fertility & Vitality",https://www.hubermanlab.com/episode/dr-natalie-crawford-female-hormone-health-fertility-vitality,2023-11-13T09:00:00.000Z,150,PT3H27M34S,https://www.hubermanlab.com/topics/female-sexual-health;https://www.hubermanlab.com/topics/hormone-health,https://www.youtube.com/watch?v=EhlIkzJwPlk,True,True,True
dr-noam-sobel-how-smells-influence-our-hormones-health-and-behavior,"Dr. Noam Sobel: How Smells Influence Our Hormones, Health & Behavior",https://www.hubermanlab.com/episode/dr-noam-sobel-how-smells-influence-our-hormones-health-and-behavior,2023-05-01T08:00:00.000Z,,,https://www.hubermanlab.com/topics/emotional-intelligence-and-relationships;https://www.hubermanlab.com/topics/general-health;https://www.hubermanlab.com/topics/hormone-health,https://www.youtube.com/watch?v=cS7cNaBrkxo,True,True,True
dr-nolan-williams-psychedelics-and-neurostimulation-for-brain-rewiring,Dr. Nolan Williams: Psychedelics & Neurostimulation for Brain Rewiring,https://www.hubermanlab.com/episode/dr-nolan-williams-psychedelics-and-neurostimulation-for-brain-rewiring,2022-10-10T08:00:00.000Z,,,https://www.hubermanlab.com/topics/brain-and-neuroplasticity;https://www.hubermanlab.com/topics/mental-health;https://www.hubermanlab.com/topics/society-and-technology,https://www.youtube.com/watch?v=X4QE6t-MkYE,True,True,True
dr-oded-rechavi-genes-and-the-inheritance-of-memories-across-generations,Dr. Oded Rechavi: Genes & the Inheritance of Memories Across Generations,https://www.hubermanlab.com/episode/dr-oded-rechavi-genes-and-the-inheritance-of-memories-across-generations,2023-02-27T09:00:00.000Z,,,https://www.hubermanlab.com/topics/general-health;https://www.hubermanlab.com/topics/society-and-technology,https://www.youtube.com/watch?v=CDUetQMKM6g,True,True,True
dr-paul-conti-therapy-treating-trauma-and-other-life-challenges,"Dr. Paul Conti: Therapy, Treating Trauma & Other Life Challenges",https://www.hubermanlab.com/episode/dr-paul-conti-therapy-treating-trauma-and-other-life-challenges,2022-06-06T08:00:00.000Z,75,,https://www.hubermanlab.com/topics/brain-and-neuroplasticity;https://www.hubermanlab.com/topics/mental-health,https://www.youtube.com/watch?v=IOl28gj_RXw,True,True,True
dr-peter-attia-exercise-nutrition-hormones-for-vitality-and-longevity,"Dr. Peter Attia: Exercise, Nutrition, Hormones for Vitality & Longevity",https://www.hubermanlab.com/episode/dr-peter-attia-exercise-nutrition-hormones-for-vitality-and-longevity,2022-08-15T08:00:00.000Z,85,PT2H50M2S,https://www.hubermanlab.com/topics/aging-and-longevity;https://www.hubermanlab.com/topics/hormone-health;https://www.hubermanlab.com/topics/supplementation,https://www.youtube.com/watch?v=DTCmprPCDqc,True,True,True
dr-peter-attia-improve-vitality-emotional-and-physical-health-and-lifespan,"Dr. Peter Attia: Improve Vitality, Emotional & Physical Health & Lifespan",https://www.hubermanlab.com/episode/dr-peter-attia-improve-vitality-emotional-and-physical-health-and-lifespan,2023-03-20T08:00:00.000Z,,,https://www.hubermanlab.com/topics/aging-and-longevity;https://www.hubermanlab.com/topics/general-health,https://www.youtube.com/watch?v=ufsIA5NARIo,True,True,True
dr-peter-attia-supplements-for-longevity-their-efficacy,Dr. Peter Attia: Supplements for Longevity & Their Efficacy,https://www.hubermanlab.com/episode/dr-peter-attia-supplements-for-longevity-their-efficacy,2024-07-29T08:00:00.000Z,187,,https://www.hubermanlab.com/topics/aging-and-longevity;https://www.hubermanlab.com/topics/supplementation,https://www.youtube.com/watch?v=79p1X_7rAMo,True,True,True
dr-rena-improving-sexual-and-urological-health-in-males-and-females,Dr. Rena Malik: Improving Sexual & Urological Health in Males and Females,https://www.hubermanlab.com/episode/dr-rena-improving-sexual-and-urological-health-in-males-and-females,2023-08-14T08:00:00.000Z,,,https://www.hubermanlab.com/topics/female-sexual-health;https://www.hubermanlab.com/topics/male-sexual-health,https://www.youtube.com/watch?v=F54qXuTpgfM,True,True,True
dr-rhonda-patrick-micronutrients-for-health-and-longevity,Dr. Rhonda Patrick: Micronutrients for Health & Longevity,https://www.hubermanlab.com/episode/dr-rhonda-patrick-micronutrients-for-health-and-longevity,2022-05-02T08:00:00.000Z,70,,https://www.hubermanlab.com/topics/aging-and-longevity;https://www.hubermanlab.com/topics/diet-and-nutrition;https://www.hubermanlab.com/topics/supplementation,https://www.youtube.com/watch?v=XcvhERcZpWw,True,True,True
dr-robert-lustig-how-sugar-processed-foods-impact-your-health,Dr. Robert Lustig: How Sugar & Processed Foods Impact Your Health,https://www.hubermanlab.com/episode/dr-robert-lustig-how-sugar-processed-foods-impact-your-health,2023-12-18T09:00:00.000Z,155,PT3H29M21S,https://www.hubermanlab.com/topics/diet-and-nutrition;https://www.hubermanlab.com/topics/general-health,https://www.youtube.com/watch?v=n28W4AmvMDE,True,True,True
dr-robert-malenka-how-your-brains-reward-circuits-drive-your-choices,Dr. Robert Malenka: How Your Brain's Reward Circuits Drive Your Choices,https://www.hubermanlab.com/episode/dr-robert-malenka-how-your-brains-reward-circuits-drive-your-choices,2023-07-10T08:00:00.000Z,,,https://www.hubermanlab.com/topics/motivation-and-willpower;https://www.hubermanlab.com/topics/science-of-adhd,https://www.youtube.com/watch?v=RI112zW8GDw,True,True,True
dr-robert-sapolsky-science-of-stress-testosterone-and-free-will,"Dr. Robert Sapolsky: Science of Stress, Testosterone & Free Will",https://www.hubermanlab.com/episode/dr-robert-sapolsky-science-of-stress-testosterone-and-free-will,2021-08-30T08:00:00.000Z,35,,https://www.hubermanlab.com/topics/emotional-intelligence-and-relationships;https://www.hubermanlab.com/topics/hormone-health,https://www.youtube.com/watch?v=DtmwtjOoSYU,True,True,True
dr-robin-carhart-harris-the-science-of-psychedelics-for-mental-health,Dr. Robin Carhart-Harris: The Science of Psychedelics for Mental Health,https://www.hubermanlab.com/episode/dr-robin-carhart-harris-the-science-of-psychedelics-for-mental-health,2023-05-22T08:00:00.000Z,,,https://www.hubermanlab.com/topics/brain-and-neuroplasticity;https://www.hubermanlab.com/topics/mental-health,https://www.youtube.com/watch?v=fcxjwA4C4Cw,True,True,True
dr-sam-harris-using-meditation-to-focus-view-consciousness-and-expand-your-mind,"Dr. Sam Harris: Using Meditation to Focus, View Consciousness & Expand Your Mind",https://www.hubermanlab.com/episode/dr-sam-harris-using-meditation-to-focus-view-consciousness-and-expand-your-mind,,,,https://www.hubermanlab.com/topics/nsdr-meditation-and-breathwork,https://www.youtube.com/watch?v=-wIt_WsJGfw,True,True,True
dr-samer-hattar-timing-light-food-exercise-for-better-sleep-energy-mood,"Dr. Samer Hattar: Timing Light, Food, & Exercise for Better Sleep, Energy & Mood",https://www.hubermanlab.com/episode/dr-samer-hattar-timing-light-food-exercise-for-better-sleep-energy-mood,2021-10-25T08:00:00.000Z,43,,https://www.hubermanlab.com/topics/daily-routines;https://www.hubermanlab.com/topics/diet-and-nutrition;https://www.hubermanlab.com/topics/light-exposure-and-circadian-rhythm;https://www.hubermanlab.com/topics/sleep-hygiene,https://www.youtube.com/watch?v=oUu3f0ETMJQ,True,True,True
dr-sara-gottfried-how-to-optimize-female-hormone-health-for-vitality-and-longevity,Dr. Sara Gottfried: How to Optimize Female Hormone Health for Vitality & Longevity,https://www.hubermanlab.com/episode/dr-sara-gottfried-how-to-optimize-female-hormone-health-for-vitality-and-longevity,2023-01-30T09:00:00.000Z,,,https://www.hubermanlab.com/topics/diet-and-nutrition;https://www.hubermanlab.com/topics/female-sexual-health;https://www.hubermanlab.com/topics/hormone-health,https://www.youtube.com/watch?v=GVRDGQhoEYQ,True,True,True
dr-satchin-panda-intermittent-fasting-to-improve-health-cognition-and-longevity,"Dr. Satchin Panda: Intermittent Fasting to Improve Health, Cognition & Longevity",https://www.hubermanlab.com/episode/dr-satchin-panda-intermittent-fasting-to-improve-health-cognition-and-longevity,2023-03-13T08:00:00.000Z,,,https://www.hubermanlab.com/topics/aging-and-longevity;https://www.hubermanlab.com/topics/daily-routines;https://www.hubermanlab.com/topics/diet-and-nutrition;https://www.hubermanlab.com/topics/light-exposure-and-circadian-rhythm,https://www.youtube.com/watch?v=7R3-3HR6-u4,True,True,True
dr-sean-mackey-tools-to-reduce-manage-pain,Dr. Sean Mackey: Tools to Reduce & Manage Pain,https://www.hubermanlab.com/episode/dr-sean-mackey-tools-to-reduce-manage-pain,2024-01-15T09:00:00.000Z,159,PT2H56M42S,https://www.hubermanlab.com/topics/fitness-and-workout-routines;https://www.hubermanlab.com/topics/general-health,https://www.youtube.com/watch?v=K9lORz2_XSU,True,True,True
dr-shanna-swan-how-to-safeguard-your-hormone-health-fertility,Dr. Shanna Swan: How to Safeguard Your Hormone Health & Fertility,https://www.hubermanlab.com/episode/dr-shanna-swan-how-to-safeguard-your-hormone-health-fertility,2024-11-04T09:00:00.000Z,201,,https://www.hubermanlab.com/topics/female-sexual-health;https://www.hubermanlab.com/topics/hormone-health;https://www.hubermanlab.com/topics/male-sexual-health;https://www.hubermanlab.com/topics/optimizing-your-environment,https://www.youtube.com/watch?v=i5611OvTFGM,True,True,True
dr-stacy-sims-female-specific-exercise-nutrition-for-health-performance-longevity,"Dr. Stacy Sims: Female-Specific Exercise & Nutrition for Health, Performance & Longevity",https://www.hubermanlab.com/episode/dr-stacy-sims-female-specific-exercise-nutrition-for-health-performance-longevity,2024-07-22T08:00:00.000Z,186,,https://www.hubermanlab.com/topics/aging-and-longevity;https://www.hubermanlab.com/topics/fitness-and-workout-routines;https://www.hubermanlab.com/topics/hormone-health,https://www.youtube.com/watch?v=pZX8ikmWvEU,True,True,True
dr-stuart-mcgill-build-a-strong-pain-proof-back,"Dr. Stuart McGill: Build a Strong, Pain-Proof Back",https://www.hubermanlab.com/episode/dr-stuart-mcgill-build-a-strong-pain-proof-back,2024-07-15T08:00:00.000Z,185,,https://www.hubermanlab.com/topics/fitness-and-workout-routines;https://www.hubermanlab.com/topics/general-health,https://www.youtube.com/watch?v=mAlt_HKX4as,True,True,True
dr-susanna-soberg-how-to-use-cold-and-heat-exposure-to-improve-your-health,Dr. Susanna Søberg: How to Use Cold & Heat Exposure to Improve Your Health,https://www.hubermanlab.com/episode/dr-susanna-soberg-how-to-use-cold-and-heat-exposure-to-improve-your-health,2023-05-15T08:00:00.000Z,,,https://www.hubermanlab.com/topics/cold-plunges-and-deliberate-cooling;https://www.hubermanlab.com/topics/sauna-and-heat-exposure,https://www.youtube.com/watch?v=x3MgDtZovks,True,True,True
dr-teo-soleymani-how-to-improve-protect-your-skin-health-appearance,Dr. Teo Soleymani: How to Improve & Protect Your Skin Health & Appearance,https://www.hubermanlab.com/episode/dr-teo-soleymani-how-to-improve-protect-your-skin-health-appearance,2024-08-19T08:00:00.000Z,190,,https://www.hubermanlab.com/topics/aging-and-longevity;https://www.hubermanlab.com/topics/general-health,https://www.youtube.com/watch?v=wgUjIRtote8,True,True,True
dr-terry-sejnowski-how-to-improve-at-learning-using-neuroscience-ai,Dr. Terry Sejnowski: How to Improve at Learning Using Neuroscience & AI,https://www.hubermanlab.com/episode/dr-terry-sejnowski-how-to-improve-at-learning-using-neuroscience-ai,2024-11-18T09:00:00.000Z,203,,https://www.hubermanlab.com/topics/memory-and-learning;https://www.hubermanlab.com/topics/society-and-technology,https://www.youtube.com/watch?v=etbfLTHD_VU,True,True,True
dr-victor-carrion-how-to-heal-from-post-traumatic-stress-disorder,Dr. Victor Carrión: How to Heal From Post-Traumatic Stress Disorder (PTSD),https://www.hubermanlab.com/episode/dr-victor-carrion-how-to-heal-from-post-traumatic-stress-disorder,2024-09-23T08:00:00.000Z,195,,https://www.hubermanlab.com/topics/mental-health,https://www.youtube.com/watch?v=4RFEkGKKhdE,True,True,True
dr-wendy-suzuki-boost-attention-and-memory-with-science-based-tools,Dr. Wendy Suzuki: Boost Attention & Memory with Science-Based Tools,https://www.hubermanlab.com/episode/dr-wendy-suzuki-boost-attention-and-memory-with-science-based-tools,2022-05-23T08:00:00.000Z,73,,https://www.hubermanlab.com/topics/general-health;https://www.hubermanlab.com/topics/memory-and-learning,https://www.youtube.com/watch?v=099hgtRoUZw,True,True,True
dr-zachary-knight-the-science-of-hunger-medications-to-combat-obesity,Dr. Zachary Knight: The Science of Hunger & Medications to Combat Obesity,https://www.hubermanlab.com/episode/dr-zachary-knight-the-science-of-hunger-medications-to-combat-obesity,2024-06-17T08:00:00.000Z,181,,https://www.hubermanlab.com/topics/diet-and-nutrition;https://www.hubermanlab.com/topics/general-health,https://www.youtube.com/watch?v=C5KpIXjpzdY,True,True,True
eating-for-better-sleep-and-foods-that-improve-metabolic-health-marie-pierre-st-onge,Eating for Better Sleep & Foods that Improve Metabolic Health | Dr. Marie-Pierre St-Onge,https://www.hubermanlab.com/episode/eating-for-better-sleep-and-foods-that-improve-metabolic-health-marie-pierre-st-onge,2026-06-08T08:00:00.000Z,,,https://www.hubermanlab.com/topics/diet-and-nutrition,https://www.youtube.com/watch?v=jjaFnKtytqI,True,True,True
effects-of-fasting-and-time-restricted-eating-on-fat-loss-and-health,Effects of Fasting & Time Restricted Eating on Fat Loss & Health,https://www.hubermanlab.com/episode/effects-of-fasting-and-time-restricted-eating-on-fat-loss-and-health,2021-10-11T08:00:00.000Z,41,,https://www.hubermanlab.com/topics/daily-routines;https://www.hubermanlab.com/topics/diet-and-nutrition;https://www.hubermanlab.com/topics/general-health,https://www.youtube.com/watch?v=9tRohh0gErM,True,True,True
enhance-learning-speed-neuroscience-poppy-crum,Enhance Your Learning Speed & Health Using Neuroscience Based Protocols | Dr. Poppy Crum,https://www.hubermanlab.com/episode/enhance-learning-speed-neuroscience-poppy-crum,2025-09-29T08:00:00.000Z,248,,https://www.hubermanlab.com/topics/memory-and-learning,https://www.youtube.com/watch?v=MlmFj1-mOtg,True,True,True
erasing-fears-and-traumas-based-on-the-modern-neuroscience-of-fear,Erasing Fears & Traumas Based on the Modern Neuroscience of Fear,https://www.hubermanlab.com/episode/erasing-fears-and-traumas-based-on-the-modern-neuroscience-of-fear,,,,https://www.hubermanlab.com/topics/brain-and-neuroplasticity;https://www.hubermanlab.com/topics/mental-health,https://www.youtube.com/watch?v=31wjVhCcI5Y,True,True,True
essentials-adhd-how-anyone-can-improve-their-focus,Essentials: ADHD & How Anyone Can Improve Their Focus,https://www.hubermanlab.com/episode/essentials-adhd-how-anyone-can-improve-their-focus,2025-07-31T08:00:00.000Z,,,https://www.hubermanlab.com/topics/focus-and-concentration;https://www.hubermanlab.com/topics/science-of-adhd,https://www.youtube.com/watch?v=LAwBdRR4wQk,True,True,True
essentials-benefits-of-sauna-and-deliberate-heat-exposure,Essentials: Benefits of Sauna & Deliberate Heat Exposure,https://www.hubermanlab.com/episode/essentials-benefits-of-sauna-and-deliberate-heat-exposure,2026-03-12T08:00:00.000Z,,,https://www.hubermanlab.com/topics/sauna-and-heat-exposure,https://www.youtube.com/watch?v=iuPQmw4Ax00,True,True,True
essentials-biology-slowing-reversing-aging-dr-david-sinclair,Essentials: The Biology of Slowing & Reversing Aging | Dr. David Sinclair,https://www.hubermanlab.com/episode/essentials-biology-slowing-reversing-aging-dr-david-sinclair,2025-10-30T08:00:00.000Z,,,https://www.hubermanlab.com/topics/aging-and-longevity,https://www.youtube.com/watch?v=Ykvkg2Jz3X8,True,True,True
essentials-boost-your-energy-immune-system-with-cortisol-adrenaline,Essentials: Boost Your Energy & Immune System with Cortisol & Adrenaline,https://www.hubermanlab.com/episode/essentials-boost-your-energy-immune-system-with-cortisol-adrenaline,2025-03-13T08:00:00.000Z,,,https://www.hubermanlab.com/topics/hormone-health,https://www.youtube.com/watch?v=wFucddupQlk,True,True,True
essentials-brain-functions-interprets-the-world-dr-david-berson,Essentials: How Your Brain Functions & Interprets the World | Dr. David Berson,https://www.hubermanlab.com/episode/essentials-brain-functions-interprets-the-world-dr-david-berson,2025-10-16T08:00:00.000Z,,,https://www.hubermanlab.com/topics/brain-and-neuroplasticity,https://www.youtube.com/watch?v=-zI0ZgKM0xA,True,True,True
essentials-breathing-mental-physical-health-performance-jack-feldman,Essentials: Breathing for Mental & Physical Health & Performance | Dr. Jack Feldman,https://www.hubermanlab.com/episode/essentials-breathing-mental-physical-health-performance-jack-feldman,2025-11-13T09:00:00.000Z,,,https://www.hubermanlab.com/topics/nsdr-meditation-and-breathwork;https://www.hubermanlab.com/topics/regulate-your-nervous-system,https://www.youtube.com/watch?v=Y3NUEPNZDMA,True,True,True
essentials-build-maintain-repair-gut-health-justin-sonnenburg,"Essentials: How to Build, Maintain & Repair Gut Health | Dr. Justin Sonnenburg",https://www.hubermanlab.com/episode/essentials-build-maintain-repair-gut-health-justin-sonnenburg,2025-12-11T09:00:00.000Z,,,https://www.hubermanlab.com/topics/general-health,https://www.youtube.com/watch?v=n_MVhE63ZQQ,True,True,True
essentials-build-muscle-size-increase-strength-improve-recovery,"Essentials: Build Muscle Size, Increase Strength & Improve Recovery",https://www.hubermanlab.com/episode/essentials-build-muscle-size-increase-strength-improve-recovery,2025-04-10T08:00:00.000Z,,,https://www.hubermanlab.com/topics/fitness-and-workout-routines,https://www.youtube.com/watch?v=jgaoLdS82vw,True,True,True
essentials-compulsive-behaviors-deep-brain-stimulation-casey-halpern,Essentials: Compulsive Behaviors & Deep Brain Stimulation | Dr. Casey Halpern,https://www.hubermanlab.com/episode/essentials-compulsive-behaviors-deep-brain-stimulation-casey-halpern,2026-05-07T08:00:00.000Z,,,,https://www.youtube.com/watch?v=aKDzF_fMMrc,True,True,True
essentials-control-brain-chemistry-for-focus-motivation-and-well-being,"Essentials: Control Your Brain Chemistry for Focus, Motivation & Well-Being ",https://www.hubermanlab.com/episode/essentials-control-brain-chemistry-for-focus-motivation-and-well-being,2026-08-06T08:00:00.000Z,,,https://www.hubermanlab.com/topics/brain-and-neuroplasticity,https://www.youtube.com/watch?v=xKvlK7OqZso,True,True,True
essentials-control-pain-heal-faster-with-your-brain,Essentials: Control Pain & Heal Faster With Your Brain,https://www.hubermanlab.com/episode/essentials-control-pain-heal-faster-with-your-brain,2025-01-09T09:00:00.000Z,,,https://www.hubermanlab.com/topics/general-health,https://www.youtube.com/watch?v=SjPJn4QP0dk,True,True,True
essentials-control-sugar-cravings-and-metabolism-with-science-based-tools,Essentials: Control Sugar Cravings & Metabolism with Science-Based Tools,https://www.hubermanlab.com/episode/essentials-control-sugar-cravings-and-metabolism-with-science-based-tools,2026-04-30T08:00:00.000Z,,,https://www.hubermanlab.com/topics/general-health,https://www.youtube.com/watch?v=qUUfucHC7tU,True,True,True
essentials-controlling-your-dopamine-for-motivation-focus-satisfaction,"Essentials: Controlling Your Dopamine for Motivation, Focus & Satisfaction",https://www.hubermanlab.com/episode/essentials-controlling-your-dopamine-for-motivation-focus-satisfaction,2025-08-14T08:00:00.000Z,,,,https://www.youtube.com/watch?v=XeN6eGO6FVQ,True,True,True
essentials-diet-and-nutrition-for-mental-health-chris-palmer,Essentials: Diet & Nutrition for Mental Health | Dr. Chris Palmer,https://www.hubermanlab.com/episode/essentials-diet-and-nutrition-for-mental-health-chris-palmer,2026-08-27T08:00:00.000Z,,,https://www.hubermanlab.com/topics/diet-and-nutrition;https://www.hubermanlab.com/topics/mental-health,https://www.youtube.com/watch?v=E56LSFCNdkI,True,True,True
essentials-effects-of-fasting-and-time-restricted-eating-on-fat-loss-and-health,Essentials: Effects of Fasting & Time Restricted Eating on Fat Loss & Health,https://www.hubermanlab.com/episode/essentials-effects-of-fasting-and-time-restricted-eating-on-fat-loss-and-health,2025-08-28T08:00:00.000Z,,,https://www.hubermanlab.com/topics/diet-and-nutrition,https://www.youtube.com/watch?v=D61jJJPIQeo,True,True,True
essentials-erasing-fears-traumas-using-modern-neuroscience,Essentials: Erasing Fears & Traumas Using Modern Neuroscience,https://www.hubermanlab.com/episode/essentials-erasing-fears-traumas-using-modern-neuroscience,2025-11-06T09:00:00.000Z,,,,https://www.youtube.com/watch?v=tpntW9Tte4M,True,True,True
essentials-exercise-strength-gains-hormone-optimization-duncan-french,Essentials: How to Exercise for Strength Gains & Hormone Optimization | Dr. Duncan French,https://www.hubermanlab.com/episode/essentials-exercise-strength-gains-hormone-optimization-duncan-french,2025-09-18T08:00:00.000Z,,,,https://www.youtube.com/watch?v=dy_iLCJggO0,True,True,True
essentials-food-supplements-brain-health-cognitive-performance,Essentials: Food & Supplements for Brain Health & Cognitive Performance,https://www.hubermanlab.com/episode/essentials-food-supplements-brain-health-cognitive-performance,2025-09-11T08:00:00.000Z,,,,https://www.youtube.com/watch?v=cIla9axQRyM,True,True,True
essentials-healthy-eating-and-eating-disorders-anorexia-bulimia-binging,"Essentials: Healthy Eating & Eating Disorders - Anorexia, Bulimia, Binging",https://www.hubermanlab.com/episode/essentials-healthy-eating-and-eating-disorders-anorexia-bulimia-binging,2025-07-17T08:00:00.000Z,,,,https://www.youtube.com/watch?v=mJv1_esiJ8g,True,True,True
essentials-how-foods-nutrients-control-our-moods,Essentials: How Foods & Nutrients Control Our Moods,https://www.hubermanlab.com/episode/essentials-how-foods-nutrients-control-our-moods,2025-01-23T09:00:00.000Z,,,https://www.hubermanlab.com/topics/diet-and-nutrition;https://www.hubermanlab.com/topics/general-health;https://www.hubermanlab.com/topics/mental-health,https://www.youtube.com/watch?v=Q4qWzbP0q7I,True,True,True
essentials-how-hearing-balance-enhance-focus-learning,Essentials: How Hearing & Balance Enhance Focus & Learning,https://www.hubermanlab.com/episode/essentials-how-hearing-balance-enhance-focus-learning,2025-05-08T08:00:00.000Z,,,,https://www.youtube.com/watch?v=fSBgDq2ttCw,True,True,True
essentials-how-hormones-shape-sexual-development,Essentials: How Hormones Shape Sexual Development,https://www.hubermanlab.com/episode/essentials-how-hormones-shape-sexual-development,2025-02-13T09:00:00.000Z,,,,https://www.youtube.com/watch?v=FCFQx3cA0Lg,True,True,True
essentials-how-smell-taste-pheromones-shape-behavior,"Essentials: How Smell, Taste & Pheromones Shape Behavior",https://www.hubermanlab.com/episode/essentials-how-smell-taste-pheromones-shape-behavior,2025-05-01T08:00:00.000Z,,,,https://www.youtube.com/watch?v=_eDg9yOvvrQ,True,True,True
essentials-how-to-access-your-creativity-rick-rubin,Essentials: How to Access Your Creativity | Rick Rubin,https://www.hubermanlab.com/episode/essentials-how-to-access-your-creativity-rick-rubin,2026-08-20T08:00:00.000Z,,,https://www.hubermanlab.com/topics/creativity,https://www.youtube.com/watch?v=QP8Kpf1UQwM,True,True,True
essentials-how-to-become-resilient-forge-your-identity-and-lead-others-jocko-willink,"Essentials: How to Become Resilient, Forge Your Identity & Lead Others | Jocko Willink",https://www.hubermanlab.com/episode/essentials-how-to-become-resilient-forge-your-identity-and-lead-others-jocko-willink,2026-07-30T08:00:00.000Z,,,,https://www.youtube.com/watch?v=lxDf8uEypJU,True,True,True
essentials-how-to-build-endurance,Essentials: How to Build Endurance,https://www.hubermanlab.com/episode/essentials-how-to-build-endurance,2025-04-17T08:00:00.000Z,,,https://www.hubermanlab.com/topics/fitness-and-workout-routines;https://www.hubermanlab.com/topics/regulate-your-nervous-system,https://www.youtube.com/watch?v=7MEhDlw1e9k,True,True,True
essentials-how-to-build-strength-muscle-size-and-endurance-andy-galpin,"Essentials: How to Build Strength, Muscle Size & Endurance | Dr. Andy Galpin",https://www.hubermanlab.com/episode/essentials-how-to-build-strength-muscle-size-and-endurance-andy-galpin,2026-04-02T08:00:00.000Z,,,,https://www.youtube.com/watch?v=0VSOoMuStvg,True,True,True
essentials-how-to-control-hunger-eating-satiety,"Essentials: How to Control Hunger, Eating & Satiety",https://www.hubermanlab.com/episode/essentials-how-to-control-hunger-eating-satiety,2025-02-27T09:00:00.000Z,,,https://www.hubermanlab.com/topics/hormone-health,https://www.youtube.com/watch?v=c9JmHOUp6VU,True,True,True
essentials-how-to-control-your-metabolism-by-thyroid-growth-hormone,Essentials: How to Control Your Metabolism by Thyroid & Growth Hormone,https://www.hubermanlab.com/episode/essentials-how-to-control-your-metabolism-by-thyroid-growth-hormone,2025-03-06T09:00:00.000Z,,,https://www.hubermanlab.com/topics/hormone-health,https://www.youtube.com/watch?v=Nmo4bxfFzM0,True,True,True
essentials-how-to-control-your-sense-of-pain-pleasure,Essentials: How to Control Your Sense of Pain & Pleasure,https://www.hubermanlab.com/episode/essentials-how-to-control-your-sense-of-pain-pleasure,2025-06-19T08:00:00.000Z,,,,https://www.youtube.com/watch?v=vm1GbSPx48g,True,True,True
essentials-how-to-defeat-jet-lag-shift-work-sleeplessness,"Essentials: How to Defeat Jet Lag, Shift Work & Sleeplessness",https://www.hubermanlab.com/episode/essentials-how-to-defeat-jet-lag-shift-work-sleeplessness,2024-12-05T09:00:00.000Z,,,https://www.hubermanlab.com/topics/daily-routines;https://www.hubermanlab.com/topics/light-exposure-and-circadian-rhythm;https://www.hubermanlab.com/topics/sleep-hygiene,https://www.youtube.com/watch?v=In9Bq4EJMZw,True,True,True
essentials-how-to-focus-to-change-your-brain,Essentials: How to Focus to Change Your Brain,https://www.hubermanlab.com/episode/essentials-how-to-focus-to-change-your-brain,2024-12-19T09:00:00.000Z,,,https://www.hubermanlab.com/topics/focus-and-concentration;https://www.hubermanlab.com/topics/science-of-adhd,https://www.youtube.com/watch?v=4AwyVTHEU3s,True,True,True
essentials-how-to-increase-motivation-drive,Essentials: How to Increase Motivation & Drive,https://www.hubermanlab.com/episode/essentials-how-to-increase-motivation-drive,2025-01-30T09:00:00.000Z,,,,https://www.youtube.com/watch?v=OLQRAMZi--c,True,True,True
essentials-how-to-learn-faster-by-using-failures-movement-balance,"Essentials: How to Learn Faster by Using Failures, Movement & Balance",https://www.hubermanlab.com/episode/essentials-how-to-learn-faster-by-using-failures-movement-balance,2024-12-26T09:00:00.000Z,,,https://www.hubermanlab.com/topics/memory-and-learning,https://www.youtube.com/watch?v=jwChiek_aRY,True,True,True
essentials-how-to-learn-skills-faster,Essentials: How to Learn Skills Faster,https://www.hubermanlab.com/episode/essentials-how-to-learn-skills-faster,2025-03-27T08:00:00.000Z,,,,https://www.youtube.com/watch?v=VnEy78RL2YY,True,True,True
essentials-how-to-optimize-female-hormone-health-for-vitality-and-longevity-sara-gottfried,Essentials: How to Optimize Female Hormone Health for Vitality & Longevity | Dr. Sara Gottfried,https://www.hubermanlab.com/episode/essentials-how-to-optimize-female-hormone-health-for-vitality-and-longevity-sara-gottfried,2026-08-13T08:00:00.000Z,,,,,True,False,True
essentials-how-to-optimize-testosterone-estrogen,Essentials: How to Optimize Testosterone & Estrogen,https://www.hubermanlab.com/episode/essentials-how-to-optimize-testosterone-estrogen,2025-02-20T09:00:00.000Z,,,https://www.hubermanlab.com/topics/hormone-health,https://www.youtube.com/watch?v=v4HRWgwjP_k,True,True,True
essentials-how-to-optimize-your-hormones-for-health-and-vitality-kyle-gillett,Essentials: How to Optimize Your Hormones for Health & Vitality | Dr. Kyle Gillett,https://www.hubermanlab.com/episode/essentials-how-to-optimize-your-hormones-for-health-and-vitality-kyle-gillett,2025-12-25T09:00:00.000Z,,,https://www.hubermanlab.com/topics/hormone-health,https://www.youtube.com/watch?v=fYhY-vC000A,True,True,True
essentials-how-to-set-and-achieve-goals,Essentials: How to Set & Achieve Goals,https://www.hubermanlab.com/episode/essentials-how-to-set-and-achieve-goals,2025-12-18T09:00:00.000Z,,,https://www.hubermanlab.com/topics/goals-and-habits,https://www.youtube.com/watch?v=zYuw-8pwnp8,True,True,True
essentials-how-your-nervous-system-works-changes,Essentials: How Your Brain Works & Changes,https://www.hubermanlab.com/episode/essentials-how-your-nervous-system-works-changes,2024-11-14T09:00:00.000Z,,,https://www.hubermanlab.com/topics/brain-and-neuroplasticity;https://www.hubermanlab.com/topics/general-health,https://www.youtube.com/watch?v=HiyzzcuaAac,True,True,True
essentials-human-romantic-partner-selection-keep-david-buss,Essentials: How Humans Select & Keep Romantic Partners in the Short & Long Term | Dr. David Buss,https://www.hubermanlab.com/episode/essentials-human-romantic-partner-selection-keep-david-buss,2025-10-02T08:00:00.000Z,,,https://www.hubermanlab.com/topics/emotional-intelligence-and-relationships,https://www.youtube.com/watch?v=VqiPNN4Jblk,True,True,True
essentials-hypnosis-enhance-mental-physical-health-performance-david-spiegel,Essentials: Using Hypnosis to Enhance Mental & Physical Health & Performance | Dr. David Spiegel,https://www.hubermanlab.com/episode/essentials-hypnosis-enhance-mental-physical-health-performance-david-spiegel,2025-11-27T09:00:00.000Z,,,https://www.hubermanlab.com/topics/mental-health;https://www.hubermanlab.com/topics/nsdr-meditation-and-breathwork;https://www.hubermanlab.com/topics/regulate-your-nervous-system,https://www.youtube.com/watch?v=SOo4yNoaAoc,True,True,True
essentials-improve-flexibility-with-research-supported-stretching-protocols,Essentials: Improve Flexibility with Research-Supported Stretching Protocols,https://www.hubermanlab.com/episode/essentials-improve-flexibility-with-research-supported-stretching-protocols,2026-06-18T08:00:00.000Z,,,https://www.hubermanlab.com/topics/general-health,https://www.youtube.com/watch?v=syJYZm5OZhE,True,True,True
essentials-improving-health-with-stronger-brain-body-connection,Essentials: Improving Health With Stronger Brain-Body Connection,https://www.hubermanlab.com/episode/essentials-improving-health-with-stronger-brain-body-connection,2025-06-05T08:00:00.000Z,,,,https://www.youtube.com/watch?v=2ZkJtIouKzE,True,True,True
essentials-increase-strength-endurance-with-cooling-protocols-dr-craig-heller,Essentials: Increase Strength & Endurance with Cooling Protocols | Dr. Craig Heller,https://www.hubermanlab.com/episode/essentials-increase-strength-endurance-with-cooling-protocols-dr-craig-heller,2025-08-07T08:00:00.000Z,,,https://www.hubermanlab.com/topics/cold-plunges-and-deliberate-cooling,https://www.youtube.com/watch?v=aZklQpFa2kE,True,True,True
essentials-lose-fat-with-science-based-tools,Essentials: Lose Fat With Science-Based Tools,https://www.hubermanlab.com/episode/essentials-lose-fat-with-science-based-tools,2025-04-03T08:00:00.000Z,,,,https://www.youtube.com/watch?v=f4cdu-QiKHo,True,True,True
essentials-machines-creativity-love-dr-lex-fridman,"Essentials: Machines, Creativity & Love | Dr. Lex Fridman",https://www.hubermanlab.com/episode/essentials-machines-creativity-love-dr-lex-fridman,2025-05-29T08:00:00.000Z,,,,https://www.youtube.com/watch?v=SCzecagKBjY,True,True,True
essentials-master-your-sleep-be-more-alert-when-awake,Essentials: Master Your Sleep & Be More Alert When Awake,https://www.hubermanlab.com/episode/essentials-master-your-sleep-be-more-alert-when-awake,2024-11-21T09:00:00.000Z,,,https://www.hubermanlab.com/topics/daily-routines;https://www.hubermanlab.com/topics/light-exposure-and-circadian-rhythm;https://www.hubermanlab.com/topics/sleep-hygiene,https://www.youtube.com/watch?v=lIo9FcrljDk,True,True,True
essentials-maximize-productivity-physical-mental-health-with-daily-tools,"Essentials: Maximize Productivity, Physical & Mental Health With Daily Tools",https://www.hubermanlab.com/episode/essentials-maximize-productivity-physical-mental-health-with-daily-tools,2025-05-22T08:00:00.000Z,,,https://www.hubermanlab.com/topics/focus-and-concentration,https://www.youtube.com/watch?v=Pmd6knanPKw,True,True,True
essentials-micronutrients-for-health-and-longevity-rhonda-patrick,Essentials: Micronutrients for Health & Longevity | Dr. Rhonda Patrick,https://www.hubermanlab.com/episode/essentials-micronutrients-for-health-and-longevity-rhonda-patrick,2026-01-01T09:00:00.000Z,,,https://www.hubermanlab.com/topics/aging-and-longevity;https://www.hubermanlab.com/topics/diet-and-nutrition,https://www.youtube.com/watch?v=fh2dBmLN-ZM,True,True,True
essentials-nervous-system-immune-system,Essentials: Using Your Nervous System to Enhance Your Immune System,https://www.hubermanlab.com/episode/essentials-nervous-system-immune-system,2025-09-25T08:00:00.000Z,,,,https://www.youtube.com/watch?v=pN1UL1M9sqc,True,True,True
essentials-optimize-your-exercise-program-with-science-based-tools-jeff-cavaliere,Essentials: Optimize Your Exercise Program with Science-Based Tools | Jeff Cavaliere,https://www.hubermanlab.com/episode/essentials-optimize-your-exercise-program-with-science-based-tools-jeff-cavaliere,2026-02-19T09:00:00.000Z,,,,https://www.youtube.com/watch?v=9GzlbLIU5dU,True,True,True
essentials-optimize-your-learning-creativity-with-science-based-tools,Essentials: Optimize Your Learning & Creativity With Science-Based Tools,https://www.hubermanlab.com/episode/essentials-optimize-your-learning-creativity-with-science-based-tools,2025-01-02T09:00:00.000Z,,,https://www.hubermanlab.com/topics/creativity;https://www.hubermanlab.com/topics/memory-and-learning,https://www.youtube.com/watch?v=D97TQuy946k,True,True,True
essentials-optimizing-workspace-for-productivity-focus-and-creativity,"Essentials: Optimizing Workspace for Productivity, Focus & Creativity",https://www.hubermanlab.com/episode/essentials-optimizing-workspace-for-productivity-focus-and-creativity,2026-01-08T09:00:00.000Z,,,,https://www.youtube.com/watch?v=23t_ynq2tmk,True,True,True
essentials-protocols-to-improve-vision-eyesight,Essentials: Protocols to Improve Vision & Eyesight,https://www.hubermanlab.com/episode/essentials-protocols-to-improve-vision-eyesight,2025-04-24T08:00:00.000Z,,,https://www.hubermanlab.com/topics/general-health,https://www.youtube.com/watch?v=ssmwxKPFMFU,True,True,True
essentials-psychedelics-for-treating-mental-disorders-matthew-johnson,Essentials: Psychedelics for Treating Mental Disorders | Dr. Matthew Johnson,https://www.hubermanlab.com/episode/essentials-psychedelics-for-treating-mental-disorders-matthew-johnson,2025-07-24T08:00:00.000Z,,,https://www.hubermanlab.com/topics/mental-health,https://www.youtube.com/watch?v=OvHbhzArbfE,True,True,True
essentials-psychedelics-neurostimulation-for-brain-rewiring-nolan-williams,Essentials: Psychedelics & Neurostimulation for Brain Rewiring | Dr. Nolan Williams,https://www.hubermanlab.com/episode/essentials-psychedelics-neurostimulation-for-brain-rewiring-nolan-williams,2026-06-04T08:00:00.000Z,,,,https://www.youtube.com/watch?v=GkG1hMhIQ_Q,True,True,True
essentials-science-building-strong-social-bonds-family-friends-romantic-partners,"Essentials: Science of Building Strong Social Bonds with Family, Friends & Romantic Partners",https://www.hubermanlab.com/episode/essentials-science-building-strong-social-bonds-family-friends-romantic-partners,2025-11-20T09:00:00.000Z,,,,https://www.youtube.com/watch?v=25PtptE7mWk,True,True,True
essentials-science-mindsets-health-performance-alia-crum,Essentials: Science of Mindsets for Health & Performance | Dr. Alia Crum,https://www.hubermanlab.com/episode/essentials-science-mindsets-health-performance-alia-crum,2025-09-04T08:00:00.000Z,,,,https://www.youtube.com/watch?v=alVWRl_X_AA,True,True,True
essentials-science-of-gratitude-practice,Essentials: The Science of Gratitude & How to Build a Gratitude Practice,https://www.hubermanlab.com/episode/essentials-science-of-gratitude-practice,2025-10-23T08:00:00.000Z,,,,https://www.youtube.com/watch?v=9gJLWk3W5GQ,True,True,True
essentials-science-of-making-breaking-habits,Essentials: The Science of Making & Breaking Habits,https://www.hubermanlab.com/episode/essentials-science-of-making-breaking-habits,2025-12-04T09:00:00.000Z,,,https://www.hubermanlab.com/topics/goals-and-habits,https://www.youtube.com/watch?v=HXuj7wAt7u8,True,True,True
essentials-science-of-stress-testosterone-aggression-motivation-robert-sapolsky,"Essentials: Science of Stress, Testosterone, Aggression & Motivation | Dr. Robert Sapolsky",https://www.hubermanlab.com/episode/essentials-science-of-stress-testosterone-aggression-motivation-robert-sapolsky,2025-07-10T08:00:00.000Z,,,,https://www.youtube.com/watch?v=WxtxzRdJFTI,True,True,True
essentials-sleep-toolkit-for-optimizing-sleep-and-sleep-wake-timing,Essentials: Sleep Toolkit for Optimizing Sleep & Sleep-Wake Timing,https://www.hubermanlab.com/episode/essentials-sleep-toolkit-for-optimizing-sleep-and-sleep-wake-timing,2026-06-11T08:00:00.000Z,,,https://www.hubermanlab.com/topics/sleep-hygiene,https://www.youtube.com/watch?v=RTgJSQtvo88,True,True,True
essentials-supercharge-exercise-performance-recovery-with-cooling,Essentials: Supercharge Exercise Performance & Recovery with Cooling,https://www.hubermanlab.com/episode/essentials-supercharge-exercise-performance-recovery-with-cooling,2025-03-20T08:00:00.000Z,,,https://www.hubermanlab.com/topics/cold-plunges-and-deliberate-cooling,https://www.youtube.com/watch?v=5--yogtN6oM,True,True,True
essentials-the-biology-of-aggression-mating-and-arousal-david-anderson,"Essentials: The Biology of Aggression, Mating & Arousal | Dr. David Anderson",https://www.hubermanlab.com/episode/essentials-the-biology-of-aggression-mating-and-arousal-david-anderson,2026-04-09T08:00:00.000Z,,,,https://www.youtube.com/watch?v=xZ4I2aE8zQA,True,True,True
essentials-the-biology-of-taste-perception-and-sugar-craving-charles-zuker,Essentials: The Biology of Taste Perception & Sugar Craving | Dr. Charles Zuker,https://www.hubermanlab.com/episode/essentials-the-biology-of-taste-perception-and-sugar-craving-charles-zuker,2026-03-05T09:00:00.000Z,,,,https://www.youtube.com/watch?v=cru_4P6qVYQ,True,True,True
essentials-the-neuroscience-of-speech-language-and-music-erich-jarvis,"Essentials: The Neuroscience of Speech, Language & Music | Dr. Erich Jarvis",https://www.hubermanlab.com/episode/essentials-the-neuroscience-of-speech-language-and-music-erich-jarvis,2026-04-23T08:00:00.000Z,,,,https://www.youtube.com/watch?v=3bnLgOxHMB8,True,True,True
essentials-the-science-and-practice-of-movement-ido-portal,Essentials: The Science & Practice of Movement | Ido Portal,https://www.hubermanlab.com/episode/essentials-the-science-and-practice-of-movement-ido-portal,2026-02-05T09:00:00.000Z,,,,https://www.youtube.com/watch?v=JsICN9ZiSjA,True,True,True
essentials-the-science-and-process-of-healing-from-grief,Essentials: The Science & Process of Healing from Grief,https://www.hubermanlab.com/episode/essentials-the-science-and-process-of-healing-from-grief,2026-05-28T08:00:00.000Z,,,,https://www.youtube.com/watch?v=PlQyGIIAGNo,True,True,True
essentials-the-science-and-treatment-of-bipolar-disorder,Essentials: The Science & Treatment of Bipolar Disorder,https://www.hubermanlab.com/episode/essentials-the-science-and-treatment-of-bipolar-disorder,2026-07-16T08:00:00.000Z,,,https://www.hubermanlab.com/topics/mental-health,https://www.youtube.com/watch?v=UTB5gAkjevk,True,True,True
essentials-the-science-and-treatment-of-obsessive-compulsive-disorder,Essentials: The Science & Treatment of Obsessive Compulsive Disorder (OCD),https://www.hubermanlab.com/episode/essentials-the-science-and-treatment-of-obsessive-compulsive-disorder,2026-07-09T08:00:00.000Z,,,,https://www.youtube.com/watch?v=AtU3EvMzZDY,True,True,True
essentials-the-science-of-eating-for-health-fat-loss-and-lean-muscle-layne-norton,"Essentials: The Science of Eating for Health, Fat Loss & Lean Muscle | Dr. Layne Norton",https://www.hubermanlab.com/episode/essentials-the-science-of-eating-for-health-fat-loss-and-lean-muscle-layne-norton,2026-06-25T08:00:00.000Z,,,https://www.hubermanlab.com/topics/diet-and-nutrition,https://www.youtube.com/watch?v=WWe4up63hb4,True,True,True
essentials-the-science-of-emotions-relationships,Essentials: The Science of Emotions & Relationships,https://www.hubermanlab.com/episode/essentials-the-science-of-emotions-relationships,2025-02-06T09:00:00.000Z,,,,https://www.youtube.com/watch?v=qdk7XuBgSjw,True,True,True
essentials-the-science-of-learning-and-speaking-languages-eddie-chang,Essentials: The Science of Learning & Speaking Languages | Dr. Eddie Chang,https://www.hubermanlab.com/episode/essentials-the-science-of-learning-and-speaking-languages-eddie-chang,2026-05-21T08:00:00.000Z,,,,https://www.youtube.com/watch?v=MOPqSEK6GvA,True,True,True
essentials-the-science-of-love-desire-and-attachment,"Essentials: The Science of Love, Desire & Attachment",https://www.hubermanlab.com/episode/essentials-the-science-of-love-desire-and-attachment,2026-02-12T09:00:00.000Z,,,,https://www.youtube.com/watch?v=NEkUNahduWY,True,True,True
essentials-the-science-practice-of-perfecting-your-sleep,Essentials: The Science & Practice of Perfecting Your Sleep,https://www.hubermanlab.com/episode/essentials-the-science-practice-of-perfecting-your-sleep,2025-06-12T08:00:00.000Z,,,https://www.hubermanlab.com/topics/sleep-hygiene,https://www.youtube.com/watch?v=JaRGJVrJBQ8,True,True,True
essentials-therapy-treating-trauma-and-other-life-challenges-paul-conti,"Essentials: Therapy, Treating Trauma & Other Life Challenges | Dr. Paul Conti",https://www.hubermanlab.com/episode/essentials-therapy-treating-trauma-and-other-life-challenges-paul-conti,2026-01-22T09:00:00.000Z,,,https://www.hubermanlab.com/topics/mental-health,https://www.youtube.com/watch?v=iNL_BFlHYZ8,True,True,True
essentials-time-perception-memory-focus,"Essentials: Time Perception, Memory & Focus",https://www.hubermanlab.com/episode/essentials-time-perception-memory-focus,2025-10-09T08:00:00.000Z,,,,https://www.youtube.com/watch?v=vXTK0Ac9i1Q,True,True,True
essentials-timing-light-for-better-sleep-energy-and-mood-dr-samer-hattar,"Essentials: Timing Light for Better Sleep, Energy & Mood | Dr. Samer Hattar",https://www.hubermanlab.com/episode/essentials-timing-light-for-better-sleep-energy-and-mood-dr-samer-hattar,2025-08-21T08:00:00.000Z,,,https://www.hubermanlab.com/topics/light-exposure-and-circadian-rhythm,https://www.youtube.com/watch?v=2XMb3MD6g6Q,True,True,True
essentials-tools-for-hormone-optimization-in-males-kyle-gillett,Essentials: Tools for Hormone Optimization in Males | Dr. Kyle Gillett,https://www.hubermanlab.com/episode/essentials-tools-for-hormone-optimization-in-males-kyle-gillett,,,,https://www.hubermanlab.com/topics/hormone-health,https://www.youtube.com/watch?v=O-groYMqrQw,True,True,True
essentials-tools-for-managing-stress-anxiety,Essentials: Tools for Managing Stress & Anxiety,https://www.hubermanlab.com/episode/essentials-tools-for-managing-stress-anxiety,2025-01-16T09:00:00.000Z,,,https://www.hubermanlab.com/topics/mental-health;https://www.hubermanlab.com/topics/regulate-your-nervous-system,https://www.youtube.com/watch?v=qUz93CyNIz0,True,True,True
essentials-tools-for-setting-and-achieving-goals-emily-balcetis,Essentials: Tools for Setting & Achieving Goals | Dr. Emily Balcetis,https://www.hubermanlab.com/episode/essentials-tools-for-setting-and-achieving-goals-emily-balcetis,2026-03-19T08:00:00.000Z,,,https://www.hubermanlab.com/topics/goals-and-habits,https://www.youtube.com/watch?v=RECLTp_YxSU,True,True,True
essentials-tools-to-boost-attention-and-memory-wendy-suzuki,Essentials: Tools to Boost Attention & Memory | Dr. Wendy Suzuki,https://www.hubermanlab.com/episode/essentials-tools-to-boost-attention-and-memory-wendy-suzuki,2026-01-15T09:00:00.000Z,,,https://www.hubermanlab.com/topics/memory-and-learning,https://www.youtube.com/watch?v=RmwbNdyrilk,True,True,True
essentials-understand-and-mprove-memory-using-science-based-tools,Essentials: Understand & Improve Memory Using Science-Based Tools,https://www.hubermanlab.com/episode/essentials-understand-and-mprove-memory-using-science-based-tools,2026-04-16T08:00:00.000Z,,,https://www.hubermanlab.com/topics/memory-and-learning,https://www.youtube.com/watch?v=U6dnOVth7-I,True,True,True
essentials-understanding-and-controlling-aggression,Essentials: Understanding & Controlling Aggression,https://www.hubermanlab.com/episode/essentials-understanding-and-controlling-aggression,2026-05-14T08:00:00.000Z,,,,https://www.youtube.com/watch?v=916vhhUsmgE,True,True,True
essentials-understanding-and-using-dreams-to-learn-and-to-forget,Essentials: Understand and Use Dreams to Learn and Forget,https://www.hubermanlab.com/episode/essentials-understanding-and-using-dreams-to-learn-and-to-forget,2024-12-12T09:00:00.000Z,,,https://www.hubermanlab.com/topics/memory-and-learning;https://www.hubermanlab.com/topics/sleep-hygiene,https://www.youtube.com/watch?v=hF32FvBH4gI,True,True,True
essentials-understanding-conquering-depression,Essentials: Understanding & Conquering Depression,https://www.hubermanlab.com/episode/essentials-understanding-conquering-depression,2025-07-03T08:00:00.000Z,,,https://www.hubermanlab.com/topics/mental-health,https://www.youtube.com/watch?v=HWcphoKlbxY,True,True,True
essentials-understanding-healing-the-mind-dr-karl-deisseroth,Essentials: Understanding & Healing the Mind | Dr. Karl Deisseroth,https://www.hubermanlab.com/episode/essentials-understanding-healing-the-mind-dr-karl-deisseroth,2025-05-15T08:00:00.000Z,,,https://www.hubermanlab.com/topics/mental-health,https://www.youtube.com/watch?v=RSnol_TVrzQ,True,True,True
essentials-understanding-treating-addiction-dr-anna-lembke,Essentials: Understanding & Treating Addiction | Dr. Anna Lembke,https://www.hubermanlab.com/episode/essentials-understanding-treating-addiction-dr-anna-lembke,2025-06-26T08:00:00.000Z,,,https://www.hubermanlab.com/topics/mental-health,https://www.youtube.com/watch?v=i4gvIeA3RcI,True,True,True
essentials-using-light-to-optimize-health,Essentials: Using Light to Optimize Health,https://www.hubermanlab.com/episode/essentials-using-light-to-optimize-health,2026-02-26T09:00:00.000Z,,,https://www.hubermanlab.com/topics/light-exposure-and-circadian-rhythm,https://www.youtube.com/watch?v=7UeojKTzeHE,True,True,True
essentials-using-meditation-to-focus-view-consciousness-and-expand-your-mind-sam-harris,"Essentials: Using Meditation to Focus, View Consciousness & Expand Your Mind | Dr. Sam Harris",https://www.hubermanlab.com/episode/essentials-using-meditation-to-focus-view-consciousness-and-expand-your-mind-sam-harris,2026-07-23T08:00:00.000Z,,,,https://www.youtube.com/watch?v=LQI8tl8S2PE,True,True,True
essentials-using-play-to-rewire-and-improve-your-brain,Essentials: Using Play to Rewire & Improve Your Brain,https://www.hubermanlab.com/episode/essentials-using-play-to-rewire-and-improve-your-brain,2026-01-29T09:00:00.000Z,,,https://www.hubermanlab.com/topics/brain-and-neuroplasticity,https://www.youtube.com/watch?v=BRG4_KfTxbs,True,True,True
essentials-using-salt-to-optimize-mental-and-physical-performance,Essentials: Using Salt to Optimize Mental & Physical Performance,https://www.hubermanlab.com/episode/essentials-using-salt-to-optimize-mental-and-physical-performance,2026-03-26T08:00:00.000Z,,,,https://www.youtube.com/watch?v=hnzrPKvRBD8,True,True,True
essentials-using-science-to-optimize-sleep-learning-metabolism,"Essentials: Using Science to Optimize Sleep, Learning & Metabolism",https://www.hubermanlab.com/episode/essentials-using-science-to-optimize-sleep-learning-metabolism,2024-11-28T09:00:00.000Z,,,https://www.hubermanlab.com/topics/general-health;https://www.hubermanlab.com/topics/memory-and-learning;https://www.hubermanlab.com/topics/sleep-hygiene,https://www.youtube.com/watch?v=q-H_A_dQUxQ,True,True,True
esther-perel-how-to-find-build-maintain-healthy-romantic-relationships,"Esther Perel: How to Find, Build & Maintain Healthy Romantic Relationships",https://www.hubermanlab.com/episode/esther-perel-how-to-find-build-maintain-healthy-romantic-relationships,2024-09-16T08:00:00.000Z,194,,https://www.hubermanlab.com/topics/emotional-intelligence-and-relationships;https://www.hubermanlab.com/topics/mental-health,https://www.youtube.com/watch?v=ajneRM-ET1Q,True,True,True
expand-consciousness-dr-christof-koch,How to Expand Your Consciousness | Dr. Christof Koch,https://www.hubermanlab.com/episode/expand-consciousness-dr-christof-koch,2025-09-15T08:00:00.000Z,246,,,https://www.youtube.com/watch?v=2t4vswC-3mY,True,True,True
female-hormone-health-pcos-endometriosis-fertility-breast-cancer-thais-aliabadi,"Female Hormone Health, PCOS, Endometriosis, Fertility & Breast Cancer | Dr. Thaïs Aliabadi",https://www.hubermanlab.com/episode/female-hormone-health-pcos-endometriosis-fertility-breast-cancer-thais-aliabadi,2025-11-24T09:00:00.000Z,256,,https://www.hubermanlab.com/topics/hormone-health,https://www.youtube.com/watch?v=hMzfGZnaPN8,True,True,True
find-your-temperature-minimum-to-defeat-jetlag-shift-work-and-sleeplessness,"How to Defeat Jet Lag, Shift Work & Sleeplessness",https://www.hubermanlab.com/episode/find-your-temperature-minimum-to-defeat-jetlag-shift-work-and-sleeplessness,2021-01-25T09:00:00.000Z,4,,https://www.hubermanlab.com/topics/light-exposure-and-circadian-rhythm;https://www.hubermanlab.com/topics/sleep-hygiene,https://www.youtube.com/watch?v=NAATB55oxeQ,True,True,True
fitness-toolkit-protocol-and-tools-to-optimize-physical-health,Fitness Toolkit: Protocol & Tools to Optimize Physical Health,https://www.hubermanlab.com/episode/fitness-toolkit-protocol-and-tools-to-optimize-physical-health,2022-10-17T08:00:00.000Z,,,https://www.hubermanlab.com/topics/daily-routines;https://www.hubermanlab.com/topics/fitness-and-workout-routines,https://www.youtube.com/watch?v=q1Ss8sTbFBY,True,True,True
focus-toolkit-tools-to-improve-your-focus-and-concentration,Focus Toolkit: Tools to Improve Your Focus & Concentration,https://www.hubermanlab.com/episode/focus-toolkit-tools-to-improve-your-focus-and-concentration,2022-09-05T08:00:00.000Z,,,https://www.hubermanlab.com/topics/daily-routines;https://www.hubermanlab.com/topics/focus-and-concentration;https://www.hubermanlab.com/topics/science-of-adhd;https://www.hubermanlab.com/topics/supplementation,https://www.youtube.com/watch?v=yb5zpo5WDG4,True,True,True
goals-toolkit-how-to-set-achieve-your-goals,Goals Toolkit: How to Set & Achieve Your Goals,https://www.hubermanlab.com/episode/goals-toolkit-how-to-set-achieve-your-goals,2023-08-28T08:00:00.000Z,,,https://www.hubermanlab.com/topics/goals-and-habits;https://www.hubermanlab.com/topics/motivation-and-willpower,https://www.youtube.com/watch?v=CrtR12PBKb0,True,True,True
guest-series-dr-andy-galpin-maximize-recovery-to-achieve-fitness-and-performance-goals,Guest Series | Dr. Andy Galpin: Maximize Recovery to Achieve Fitness & Performance Goals,https://www.hubermanlab.com/episode/guest-series-dr-andy-galpin-maximize-recovery-to-achieve-fitness-and-performance-goals,2023-02-15T09:00:00.000Z,,PT3H5M5S,https://www.hubermanlab.com/topics/fitness-and-workout-routines,https://www.youtube.com/watch?v=juD99_sPWGU,True,True,True
guest-series-dr-matt-walker-how-to-structure-your-sleep-use-naps-time-caffeine,"Guest Series | Dr. Matt Walker: How to Structure Your Sleep, Use Naps & Time Caffeine",https://www.hubermanlab.com/episode/guest-series-dr-matt-walker-how-to-structure-your-sleep-use-naps-time-caffeine,2024-04-17T08:00:00.000Z,,PT2H18M59S,https://www.hubermanlab.com/topics/nsdr-meditation-and-breathwork;https://www.hubermanlab.com/topics/sleep-hygiene,https://www.youtube.com/watch?v=4F_RBc1akC8,True,True,True
guest-series-dr-matt-walker-improve-sleep-to-boost-mood-emotional-regulation,Guest Series | Dr. Matt Walker: Improve Sleep to Boost Mood & Emotional Regulation,https://www.hubermanlab.com/episode/guest-series-dr-matt-walker-improve-sleep-to-boost-mood-emotional-regulation,2024-05-01T08:00:00.000Z,,,https://www.hubermanlab.com/topics/emotional-intelligence-and-relationships;https://www.hubermanlab.com/topics/mental-health;https://www.hubermanlab.com/topics/regulate-your-nervous-system;https://www.hubermanlab.com/topics/sleep-hygiene,https://www.youtube.com/watch?v=S_SrHS8FvMM,True,True,True
guest-series-dr-matt-walker-the-science-of-dreams-nightmares-lucid-dreaming,"Guest Series | Dr. Matt Walker: The Science of Dreams, Nightmares & Lucid Dreaming",https://www.hubermanlab.com/episode/guest-series-dr-matt-walker-the-science-of-dreams-nightmares-lucid-dreaming,2024-05-08T08:00:00.000Z,,,https://www.hubermanlab.com/topics/sleep-hygiene,https://www.youtube.com/watch?v=Jy4rJcYmtUM,True,True,True
guest-series-dr-matt-walker-using-sleep-to-improve-learning-creativity-memory,"Guest Series | Dr. Matt Walker: Using Sleep to Improve Learning, Creativity & Memory",https://www.hubermanlab.com/episode/guest-series-dr-matt-walker-using-sleep-to-improve-learning-creativity-memory,2024-04-24T08:00:00.000Z,,,https://www.hubermanlab.com/topics/creativity;https://www.hubermanlab.com/topics/memory-and-learning;https://www.hubermanlab.com/topics/sleep-hygiene,https://www.youtube.com/watch?v=F9KrZd_-ge0,True,True,True
guest-series-dr-matthew-walker-protocols-to-improve-your-sleep,Guest Series | Dr. Matthew Walker: Protocols to Improve Your Sleep,https://www.hubermanlab.com/episode/guest-series-dr-matthew-walker-protocols-to-improve-your-sleep,2024-04-10T08:00:00.000Z,,PT2H42M55S,https://www.hubermanlab.com/topics/sleep-hygiene,https://www.youtube.com/watch?v=hvPGfcAgk9Y,True,True,True
guest-series-dr-matthew-walker-the-biology-of-sleep-your-unique-sleep-needs,Guest Series | Dr. Matt Walker: The Biology of Sleep & Your Unique Sleep Needs,https://www.hubermanlab.com/episode/guest-series-dr-matthew-walker-the-biology-of-sleep-your-unique-sleep-needs,2024-04-03T08:00:00.000Z,,PT2H59M34S,https://www.hubermanlab.com/topics/light-exposure-and-circadian-rhythm;https://www.hubermanlab.com/topics/optimizing-your-environment;https://www.hubermanlab.com/topics/sleep-hygiene,https://www.youtube.com/watch?v=-OBCwiPPfEU,True,True,True
guest-series-dr-paul-conti-how-to-build-and-maintain-healthy-relationships,Guest Series | Dr. Paul Conti: How to Build and Maintain Healthy Relationships,https://www.hubermanlab.com/episode/guest-series-dr-paul-conti-how-to-build-and-maintain-healthy-relationships,2023-09-20T08:00:00.000Z,,,https://www.hubermanlab.com/topics/emotional-intelligence-and-relationships;https://www.hubermanlab.com/topics/happiness-and-wellbeing;https://www.hubermanlab.com/topics/mental-health,https://www.youtube.com/watch?v=eMqWH3LYiII,True,True,True
guest-series-dr-paul-conti-how-to-improve-your-mental-health,Guest Series | Dr. Paul Conti: How to Improve Your Mental Health,https://www.hubermanlab.com/episode/guest-series-dr-paul-conti-how-to-improve-your-mental-health,2023-09-13T08:00:00.000Z,,,https://www.hubermanlab.com/topics/happiness-and-wellbeing;https://www.hubermanlab.com/topics/mental-health,https://www.youtube.com/watch?v=qPKd99Pa2iU,True,True,True
guest-series-dr-paul-conti-how-to-understand-and-assess-your-mental-health,Guest Series | Dr. Paul Conti: How to Understand & Assess Your Mental Health,https://www.hubermanlab.com/episode/guest-series-dr-paul-conti-how-to-understand-and-assess-your-mental-health,2023-09-06T08:00:00.000Z,,,https://www.hubermanlab.com/topics/mental-health,https://www.youtube.com/watch?v=tLRCS48Ens4,True,True,True
guest-series-dr-paul-conti-tools-and-protocols-for-mental-health,Guest Series | Dr. Paul Conti: Tools and Protocols for Mental Health,https://www.hubermanlab.com/episode/guest-series-dr-paul-conti-tools-and-protocols-for-mental-health,2023-09-27T08:00:00.000Z,,,https://www.hubermanlab.com/topics/mental-health,https://www.youtube.com/watch?v=yOJvm_ri_hk,True,True,True
healing-from-grief-loss-dr-mary-frances-oconnor,Healing From Grief & Loss | Dr. Mary-Frances O’Connor,https://www.hubermanlab.com/episode/healing-from-grief-loss-dr-mary-frances-oconnor,2025-06-02T08:00:00.000Z,231,,https://www.hubermanlab.com/topics/mental-health,https://www.youtube.com/watch?v=inUkNZe5H3k,True,True,True
health-effects-and-risks-of-kratom-opioids-and-other-natural-occurring-medicines-dr-chris-mccurdy,"Health Effects & Risks of Kratom, Opioids & Other Natural Occurring Medicines | Dr. Chris McCurdy",https://www.hubermanlab.com/episode/health-effects-and-risks-of-kratom-opioids-and-other-natural-occurring-medicines-dr-chris-mccurdy,2025-07-21T13:37:00.000Z,238,,,https://www.youtube.com/watch?v=gyE6Z4GLEeM,True,True,True
healthy-eating-and-eating-disorders-anorexia-bulimia-binging,"Healthy Eating & Eating Disorders - Anorexia, Bulimia, Binging",https://www.hubermanlab.com/episode/healthy-eating-and-eating-disorders-anorexia-bulimia-binging,2021-09-06T08:00:00.000Z,36,,https://www.hubermanlab.com/topics/diet-and-nutrition;https://www.hubermanlab.com/topics/mental-health,https://www.youtube.com/watch?v=2XGREPnlI8U,True,True,True
how-different-diets-impact-your-health-dr-christopher-gardner,How Different Diets Impact Your Health | Dr. Christopher Gardner,https://www.hubermanlab.com/episode/how-different-diets-impact-your-health-dr-christopher-gardner,2025-05-12T08:00:00.000Z,228,,https://www.hubermanlab.com/topics/diet-and-nutrition,https://www.youtube.com/watch?v=9vQZT2igXN4,True,True,True
how-dopamine-serotonin-shape-decisions-motivation-and-learning-read-montague,"How Dopamine & Serotonin Shape Decisions, Motivation & Learning | Dr. Read Montague",https://www.hubermanlab.com/episode/how-dopamine-serotonin-shape-decisions-motivation-and-learning-read-montague,2026-02-02T09:00:00.000Z,266,,https://www.hubermanlab.com/topics/memory-and-learning;https://www.hubermanlab.com/topics/motivation-and-willpower,https://www.youtube.com/watch?v=VPi_eWiaqdg,True,True,True
how-foods-and-nutrients-control-our-moods,How Foods and Nutrients Control Our Moods,https://www.hubermanlab.com/episode/how-foods-and-nutrients-control-our-moods,2021-03-15T08:00:00.000Z,11,,https://www.hubermanlab.com/topics/diet-and-nutrition;https://www.hubermanlab.com/topics/general-health;https://www.hubermanlab.com/topics/mental-health,https://www.youtube.com/watch?v=XfURDjegrAw,True,True,True
how-genes-shape-your-risk-taking-and-morals-kathryn-paige-harden,How Genes Shape Your Risk Taking & Morals | Dr. Kathryn Paige Harden,https://www.hubermanlab.com/episode/how-genes-shape-your-risk-taking-and-morals-kathryn-paige-harden,2026-02-09T09:00:00.000Z,267,,,https://www.youtube.com/watch?v=rAbJC-Qaw7Q,True,True,True
how-hormones-shape-sexual-orientation-and-behavior-marc-breedlove,How Hormones Shape Sexual Orientation & Behavior | Dr. Marc Breedlove,https://www.hubermanlab.com/episode/how-hormones-shape-sexual-orientation-and-behavior-marc-breedlove,2026-03-30T08:00:00.000Z,274,,https://www.hubermanlab.com/topics/hormone-health,https://www.youtube.com/watch?v=6-mEiwe2NhE,True,True,True
how-hormones-status-shape-our-values-decisions-dr-michael-platt,How Hormones & Status Shape Our Values & Decisions | Dr. Michael Platt,https://www.hubermanlab.com/episode/how-hormones-status-shape-our-values-decisions-dr-michael-platt,2025-02-17T09:00:00.000Z,216,,,https://www.youtube.com/watch?v=bAWUYuygS_U,True,True,True
how-meditation-works-and-science-based-effective-meditations,How Meditation Works & Science-Based Effective Meditations,https://www.hubermanlab.com/episode/how-meditation-works-and-science-based-effective-meditations,2022-10-31T08:00:00.000Z,,,https://www.hubermanlab.com/topics/nsdr-meditation-and-breathwork,https://www.youtube.com/watch?v=wTBSGgbIvsY,True,True,True
how-nature-other-physical-environments-impact-your-focus-cognition-health-marc-berman,"How Nature & Other Physical Environments Impact Your Focus, Cognition & Health | Dr. Marc Berman",https://www.hubermanlab.com/episode/how-nature-other-physical-environments-impact-your-focus-cognition-health-marc-berman,2025-07-14T08:00:00.000Z,237,,,https://www.youtube.com/watch?v=ewnvjnuFTOY,True,True,True
how-our-hormones-control-our-hunger-eating-and-satiety,"How Our Hormones Control Our Hunger, Eating & Satiety",https://www.hubermanlab.com/episode/how-our-hormones-control-our-hunger-eating-and-satiety,2021-04-19T08:00:00.000Z,16,,https://www.hubermanlab.com/topics/diet-and-nutrition;https://www.hubermanlab.com/topics/hormone-health,https://www.youtube.com/watch?v=17O5mgXZ9ZU,True,True,True
how-placebo-effects-work-to-change-our-biology-psychology,How Placebo Effects Work to Change Our Biology & Psychology,https://www.hubermanlab.com/episode/how-placebo-effects-work-to-change-our-biology-psychology,2024-03-04T09:00:00.000Z,166,PT1H18M16S,https://www.hubermanlab.com/topics/emotional-intelligence-and-relationships,https://www.youtube.com/watch?v=gdUNjPijwA8,True,True,True
how-psilocybin-can-rewire-our-brain-its-therapeutic-benefits-and-its-risks,"How Psilocybin Can Rewire Our Brain, Its Therapeutic Benefits & Its Risks",https://www.hubermanlab.com/episode/how-psilocybin-can-rewire-our-brain-its-therapeutic-benefits-and-its-risks,2023-05-08T08:00:00.000Z,,,https://www.hubermanlab.com/topics/brain-and-neuroplasticity;https://www.hubermanlab.com/topics/mental-health;https://www.hubermanlab.com/topics/society-and-technology,https://www.youtube.com/watch?v=eIxVfln02Ss,True,True,True
how-smell-taste-and-pheromone-like-chemicals-control-you,"How Smell, Taste & Pheromone-Like Chemicals Control You",https://www.hubermanlab.com/episode/how-smell-taste-and-pheromone-like-chemicals-control-you,2021-06-21T08:00:00.000Z,25,,https://www.hubermanlab.com/topics/diet-and-nutrition,https://www.youtube.com/watch?v=Mwz8JprPeMc,True,True,True
how-to-achieve-inner-peace-healing-dr-richard-schwartz,How to Achieve Inner Peace & Healing | Dr. Richard Schwartz,https://www.hubermanlab.com/episode/how-to-achieve-inner-peace-healing-dr-richard-schwartz,2025-03-03T09:00:00.000Z,218,,https://www.hubermanlab.com/topics/emotional-intelligence-and-relationships,https://www.youtube.com/watch?v=KuuoLT-fq4s,True,True,True
how-to-better-regulate-your-emotions-marc-brackett,How to Better Regulate Your Emotions | Dr. Marc Brackett,https://www.hubermanlab.com/episode/how-to-better-regulate-your-emotions-marc-brackett,2026-04-20T08:00:00.000Z,277,,https://www.hubermanlab.com/topics/emotional-intelligence-and-relationships,https://www.youtube.com/watch?v=FBgM7jndkLQ,True,True,True
how-to-breathe-correctly-for-optimal-health-mood-learning-and-performance,"How to Breathe Correctly for Optimal Health, Mood, Learning & Performance",https://www.hubermanlab.com/episode/how-to-breathe-correctly-for-optimal-health-mood-learning-and-performance,2023-02-20T09:00:00.000Z,,,https://www.hubermanlab.com/topics/nsdr-meditation-and-breathwork;https://www.hubermanlab.com/topics/regulate-your-nervous-system,https://www.youtube.com/watch?v=x4m_PdFbu-s,True,True,True
how-to-build-endurance-in-your-brain-and-body,How to Build Endurance in Your Brain & Body,https://www.hubermanlab.com/episode/how-to-build-endurance-in-your-brain-and-body,2021-06-07T08:00:00.000Z,23,,https://www.hubermanlab.com/topics/fitness-and-workout-routines;https://www.hubermanlab.com/topics/nsdr-meditation-and-breathwork;https://www.hubermanlab.com/topics/regulate-your-nervous-system,https://www.youtube.com/watch?v=VQLU7gpk_X8,True,True,True
how-to-control-your-cortisol-overcome-burnout,How to Control Your Cortisol & Overcome Burnout,https://www.hubermanlab.com/episode/how-to-control-your-cortisol-overcome-burnout,2025-08-04T08:00:00.000Z,240,,,https://www.youtube.com/watch?v=Ibj1k3IZTNU,True,True,True
how-to-control-your-metabolism-by-thyroid-and-growth-hormone,How to Control Your Metabolism by Thyroid & Growth Hormone,https://www.hubermanlab.com/episode/how-to-control-your-metabolism-by-thyroid-and-growth-hormone,2021-04-26T08:00:00.000Z,17,,https://www.hubermanlab.com/topics/general-health;https://www.hubermanlab.com/topics/hormone-health,https://www.youtube.com/watch?v=x7qbJeRxWGw,True,True,True
how-to-control-your-sense-of-pain-and-pleasure,How to Control Your Sense of Pain & Pleasure,https://www.hubermanlab.com/episode/how-to-control-your-sense-of-pain-and-pleasure,2021-08-09T08:00:00.000Z,32,,https://www.hubermanlab.com/topics/emotional-intelligence-and-relationships;https://www.hubermanlab.com/topics/general-health,https://www.youtube.com/watch?v=xmhsWAqP_0Y,True,True,True
how-to-enhance-performance-and-learning-by-applying-a-growth-mindset,How to Enhance Performance & Learning by Applying a Growth Mindset,https://www.hubermanlab.com/episode/how-to-enhance-performance-and-learning-by-applying-a-growth-mindset,2023-07-17T08:00:00.000Z,,,https://www.hubermanlab.com/topics/emotional-intelligence-and-relationships;https://www.hubermanlab.com/topics/goals-and-habits;https://www.hubermanlab.com/topics/motivation-and-willpower;https://www.hubermanlab.com/topics/regulate-your-nervous-system,https://www.youtube.com/watch?v=aQDOU3hPci0,True,True,True
how-to-enhance-your-gut-microbiome-for-brain-and-overall-health,How to Enhance Your Gut Microbiome for Brain & Overall Health,https://www.hubermanlab.com/episode/how-to-enhance-your-gut-microbiome-for-brain-and-overall-health,2022-02-28T09:00:00.000Z,61,,https://www.hubermanlab.com/topics/diet-and-nutrition;https://www.hubermanlab.com/topics/general-health,https://www.youtube.com/watch?v=15R2pMqU2ok,True,True,True
how-to-enhance-your-immune-system-dr-roger-seheult,How to Enhance Your Immune System | Dr. Roger Seheult,https://www.hubermanlab.com/episode/how-to-enhance-your-immune-system-dr-roger-seheult,2025-02-24T09:00:00.000Z,217,,,https://www.youtube.com/watch?v=N5DAW8mkJ6Y,True,True,True
how-to-find-be-a-great-romantic-partner-lori-gottlieb,How to Find & Be a Great Romantic Partner | Lori Gottlieb,https://www.hubermanlab.com/episode/how-to-find-be-a-great-romantic-partner-lori-gottlieb,2025-04-07T08:00:00.000Z,223,,https://www.hubermanlab.com/topics/emotional-intelligence-and-relationships,https://www.youtube.com/watch?v=lYK4UFf8mlc,True,True,True
how-to-focus-to-change-your-brain,How to Focus to Change Your Brain,https://www.hubermanlab.com/episode/how-to-focus-to-change-your-brain,2021-02-08T09:00:00.000Z,6,,https://www.hubermanlab.com/topics/brain-and-neuroplasticity;https://www.hubermanlab.com/topics/focus-and-concentration,https://www.youtube.com/watch?v=LG53Vxum0as,True,True,True
how-to-grow-from-doing-hard-things-michael-easter,How to Grow From Doing Hard Things | Michael Easter,https://www.hubermanlab.com/episode/how-to-grow-from-doing-hard-things-michael-easter,2025-06-16T08:00:00.000Z,233,PT3H5M41S,,https://www.youtube.com/watch?v=SsKkZTjUJEk,True,True,True
how-to-improve-motivation-and-overcome-procrastination-masud-husain,How to Improve Motivation & Overcome Procrastination | Dr. Masud Husain,https://www.hubermanlab.com/episode/how-to-improve-motivation-and-overcome-procrastination-masud-husain,2026-08-24T08:00:00.000Z,295,,,https://www.youtube.com/watch?v=58-k4F7-AoA,True,True,True
how-to-improve-oral-health-its-critical-role-in-brain-body-health,How to Improve Oral Health & Its Critical Role in Brain & Body Health,https://www.hubermanlab.com/episode/how-to-improve-oral-health-its-critical-role-in-brain-body-health,2024-02-12T09:00:00.000Z,163,,https://www.hubermanlab.com/topics/general-health,https://www.youtube.com/watch?v=zVCaYyUWWSw,True,True,True
how-to-improve-skin-health-appearance,How to Improve Skin Health & Appearance,https://www.hubermanlab.com/episode/how-to-improve-skin-health-appearance,2024-07-01T08:00:00.000Z,183,,https://www.hubermanlab.com/topics/aging-and-longevity;https://www.hubermanlab.com/topics/general-health,https://www.youtube.com/watch?v=1CxJVdeyltw,True,True,True
how-to-improve-your-memory-and-cognitive-function-at-any-age-alan-castel,How to Improve Your Memory & Cognitive Function at Any Age | Dr. Alan Castel,https://www.hubermanlab.com/episode/how-to-improve-your-memory-and-cognitive-function-at-any-age-alan-castel,2026-07-13T08:00:00.000Z,289,,https://www.hubermanlab.com/topics/memory-and-learning,https://www.youtube.com/watch?v=EIhilBpn8Ow,True,True,True
how-to-improve-your-teeth-oral-microbiome-for-brain-body-health-dr-staci-whitman,How to Improve Your Teeth & Oral Microbiome for Brain & Body Health | Dr. Staci Whitman,https://www.hubermanlab.com/episode/how-to-improve-your-teeth-oral-microbiome-for-brain-body-health-dr-staci-whitman,2025-03-24T08:00:00.000Z,221,,https://www.hubermanlab.com/topics/general-health,https://www.youtube.com/watch?v=_oOEKKiwdDE,True,True,True
how-to-improve-your-vitality-heal-from-disease-dr-mark-hyman,How to Improve Your Vitality & Heal From Disease | Dr. Mark Hyman,https://www.hubermanlab.com/episode/how-to-improve-your-vitality-heal-from-disease-dr-mark-hyman,2025-04-14T08:00:00.000Z,224,,https://www.hubermanlab.com/topics/aging-and-longevity,https://www.youtube.com/watch?v=UyneMnERmnI,True,True,True
how-to-increase-motivation-and-drive,How to Increase Motivation & Drive,https://www.hubermanlab.com/episode/how-to-increase-motivation-and-drive,2021-03-22T08:00:00.000Z,12,,https://www.hubermanlab.com/topics/motivation-and-willpower,https://www.youtube.com/watch?v=vA50EK70whE,True,True,True
how-to-increase-your-speed-mobility-longevity-with-plyometrics-sprinting-stuart-mcmillan,"How to Increase Your Speed, Mobility & Longevity with Plyometrics & Sprinting | Stuart McMillan",https://www.hubermanlab.com/episode/how-to-increase-your-speed-mobility-longevity-with-plyometrics-sprinting-stuart-mcmillan,2025-03-17T08:00:00.000Z,220,,https://www.hubermanlab.com/topics/fitness-and-workout-routines,https://www.youtube.com/watch?v=U3cSnzdyyXU,True,True,True
how-to-increase-your-willpower-and-tenacity,How to Increase Your Willpower & Tenacity,https://www.hubermanlab.com/episode/how-to-increase-your-willpower-and-tenacity,2023-10-09T08:00:00.000Z,145,PT2H7M59S,https://www.hubermanlab.com/topics/motivation-and-willpower,https://www.youtube.com/watch?v=cwakOgHIT0E,True,True,True
how-to-learn-skills-faster,How to Learn Skills Faster,https://www.hubermanlab.com/episode/how-to-learn-skills-faster,2021-05-17T08:00:00.000Z,20,,https://www.hubermanlab.com/topics/memory-and-learning,https://www.youtube.com/watch?v=xJ0IBzCjEPk,True,True,True
how-to-lose-fat-gain-muscle-with-nutrition-alan-aragon,How to Lose Fat & Gain Muscle With Nutrition | Alan Aragon,https://www.hubermanlab.com/episode/how-to-lose-fat-gain-muscle-with-nutrition-alan-aragon,2025-07-07T08:00:00.000Z,236,,https://www.hubermanlab.com/topics/diet-and-nutrition;https://www.hubermanlab.com/topics/general-health,https://www.youtube.com/watch?v=h_1zlead9ZU,True,True,True
how-to-lose-fat-with-science-based-tools,How to Lose Fat with Science-Based Tools,https://www.hubermanlab.com/episode/how-to-lose-fat-with-science-based-tools,2021-05-24T08:00:00.000Z,21,,https://www.hubermanlab.com/topics/cold-plunges-and-deliberate-cooling;https://www.hubermanlab.com/topics/fitness-and-workout-routines;https://www.hubermanlab.com/topics/general-health,https://www.youtube.com/watch?v=GqPGXG5TlZw,True,True,True
how-to-optimize-fertility-in-males-and-females,How to Optimize Fertility in Males & Females,https://www.hubermanlab.com/episode/how-to-optimize-fertility-in-males-and-females,2023-01-23T09:00:00.000Z,,,https://www.hubermanlab.com/topics/female-sexual-health;https://www.hubermanlab.com/topics/male-sexual-health,https://www.youtube.com/watch?v=O1YRwWmue4Y,True,True,True
how-to-optimize-your-brain-body-function-and-health,How to Optimize Your Brain-Body Function & Health,https://www.hubermanlab.com/episode/how-to-optimize-your-brain-body-function-and-health,2021-07-26T08:00:00.000Z,30,,https://www.hubermanlab.com/topics/general-health;https://www.hubermanlab.com/topics/light-exposure-and-circadian-rhythm;https://www.hubermanlab.com/topics/nsdr-meditation-and-breathwork;https://www.hubermanlab.com/topics/regulate-your-nervous-system,https://www.youtube.com/watch?v=rW9QKc-iFoY,True,True,True
how-to-optimize-your-hormones-for-health-and-vitality,Dr. Kyle Gillett: How to Optimize Your Hormones for Health & Vitality,https://www.hubermanlab.com/episode/how-to-optimize-your-hormones-for-health-and-vitality,2022-04-11T08:00:00.000Z,67,PT2H59M21S,https://www.hubermanlab.com/topics/hormone-health,https://www.youtube.com/watch?v=ncSoor2Iw8k,True,True,True
how-to-optimize-your-water-quality-and-intake-for-health,How to Optimize Your Water Quality & Intake for Health,https://www.hubermanlab.com/episode/how-to-optimize-your-water-quality-and-intake-for-health,2023-03-06T09:00:00.000Z,,,https://www.hubermanlab.com/topics/diet-and-nutrition;https://www.hubermanlab.com/topics/fitness-and-workout-routines,https://www.youtube.com/watch?v=at37Y8rKDlA,True,True,True
how-to-overcome-addiction-to-substances-or-behaviors-keith-humphreys,How to Overcome Addiction to Substances or Behaviors | Dr. Keith Humphreys,https://www.hubermanlab.com/episode/how-to-overcome-addiction-to-substances-or-behaviors-keith-humphreys,2026-01-12T09:00:00.000Z,263,,,https://www.youtube.com/watch?v=t6RCTP4fc9Q,True,True,True
how-to-overcome-social-anxiety-nick-epley,How to Overcome Social Anxiety | Dr. Nick Epley,https://www.hubermanlab.com/episode/how-to-overcome-social-anxiety-nick-epley,2026-05-18T08:00:00.000Z,281,,,https://www.youtube.com/watch?v=Q2hOryHdgAk,True,True,True
how-to-prevent-treat-colds-flu,How to Prevent & Treat Colds & Flu,https://www.hubermanlab.com/episode/how-to-prevent-treat-colds-flu,2024-01-08T09:00:00.000Z,158,PT2H5M49S,https://www.hubermanlab.com/topics/general-health;https://www.hubermanlab.com/topics/supplementation,https://www.youtube.com/watch?v=AtChcxeaukQ,True,True,True
how-to-rewire-your-brain-and-learn-faster-dr-michael-kilgard,How to Rewire Your Brain & Learn Faster | Dr. Michael Kilgard,https://www.hubermanlab.com/episode/how-to-rewire-your-brain-and-learn-faster-dr-michael-kilgard,2025-08-11T08:00:00.000Z,241,,https://www.hubermanlab.com/topics/brain-and-neuroplasticity;https://www.hubermanlab.com/topics/memory-and-learning,https://www.youtube.com/watch?v=rcAyjg-oy84,True,True,True
how-to-set-and-achieve-massive-goals-alex-honnold,How to Set & Achieve Massive Goals | Alex Honnold,https://www.hubermanlab.com/episode/how-to-set-and-achieve-massive-goals-alex-honnold,2025-09-01T08:00:00.000Z,244,,,https://www.youtube.com/watch?v=4TsOnsPDKKY,True,True,True
how-to-stop-headaches-using-science-based-approaches,How to Stop Headaches Using Science-Based Approaches,https://www.hubermanlab.com/episode/how-to-stop-headaches-using-science-based-approaches,2023-02-06T09:00:00.000Z,,,https://www.hubermanlab.com/topics/general-health,https://www.youtube.com/watch?v=CGjdgy0cwGk,True,True,True
how-to-use-exercise-to-improve-your-brains-health-longevity-performance,"How to Use Exercise to Improve Your Brain’s Health, Longevity & Performance",https://www.hubermanlab.com/episode/how-to-use-exercise-to-improve-your-brains-health-longevity-performance,2025-01-06T09:00:00.000Z,210,,https://www.hubermanlab.com/topics/fitness-and-workout-routines,https://www.youtube.com/watch?v=J2oqi41dCNc,True,True,True
how-to-use-music-to-boost-motivation-mood-and-improve-learning,"How to Use Music to Boost Motivation, Mood & Improve Learning",https://www.hubermanlab.com/episode/how-to-use-music-to-boost-motivation-mood-and-improve-learning,2023-09-18T08:00:00.000Z,,,https://www.hubermanlab.com/topics/creativity;https://www.hubermanlab.com/topics/daily-routines;https://www.hubermanlab.com/topics/memory-and-learning;https://www.hubermanlab.com/topics/mental-health,https://www.youtube.com/watch?v=gveDhZW-rUk,True,True,True
how-women-can-improve-their-fertility-and-hormone-health-natalie-crawford,How Women Can Improve Their Fertility & Hormone Health | Dr. Natalie Crawford,https://www.hubermanlab.com/episode/how-women-can-improve-their-fertility-and-hormone-health-natalie-crawford,2026-04-13T08:00:00.000Z,276,,https://www.hubermanlab.com/topics/hormone-health,https://www.youtube.com/watch?v=RTPNJgHeZBI,True,True,True
how-your-immune-system-works-and-how-to-improve-it-max-krummel,How Your Immune System Works & How to Improve It | Dr. Max Krummel,https://www.hubermanlab.com/episode/how-your-immune-system-works-and-how-to-improve-it-max-krummel,2026-08-03T08:00:00.000Z,292,,,https://www.youtube.com/watch?v=s_tkMm5U9aY,True,True,True
how-your-nervous-system-works-and-changes,How Your Brain Works & Changes,https://www.hubermanlab.com/episode/how-your-nervous-system-works-and-changes,2021-01-04T09:00:00.000Z,1,,https://www.hubermanlab.com/topics/brain-and-neuroplasticity;https://www.hubermanlab.com/topics/general-health,https://www.youtube.com/watch?v=H-XfCl-HpRM,True,True,True
how-your-thoughts-are-built-shape-them-jennifer-groh,How Your Thoughts Are Built & How You Can Shape Them | Dr. Jennifer Groh,https://www.hubermanlab.com/episode/how-your-thoughts-are-built-shape-them-jennifer-groh,2025-11-10T09:00:00.000Z,254,,,https://www.youtube.com/watch?v=tb6ApBIXr1k,True,True,True
ido-portal-the-science-and-practice-of-movement,Ido Portal: The Science & Practice of Movement,https://www.hubermanlab.com/episode/ido-portal-the-science-and-practice-of-movement,2022-06-20T08:00:00.000Z,77,,https://www.hubermanlab.com/topics/creativity;https://www.hubermanlab.com/topics/fitness-and-workout-routines,https://www.youtube.com/watch?v=a9yFKPmPZ90,True,True,True
improve-energy-longevity-by-optimizing-mitochondria-martin-picard,Improve Energy & Longevity by Optimizing Mitochondria | Dr. Martin Picard,https://www.hubermanlab.com/episode/improve-energy-longevity-by-optimizing-mitochondria-martin-picard,2025-12-15T09:00:00.000Z,259,,,https://www.youtube.com/watch?v=nMkQUlBtFlk,True,True,True
improve-flexibility-with-research-supported-stretching-protocols,Improve Flexibility with Research-Supported Stretching Protocols,https://www.hubermanlab.com/episode/improve-flexibility-with-research-supported-stretching-protocols,2022-06-13T08:00:00.000Z,76,,https://www.hubermanlab.com/topics/fitness-and-workout-routines,https://www.youtube.com/watch?v=tkH2-_jMCSk,True,True,True
improve-focus-with-behavioral-tools-medication-for-adhd-john-kruse,Improve Focus with Behavioral Tools & Medication for ADHD | Dr. John Kruse,https://www.hubermanlab.com/episode/improve-focus-with-behavioral-tools-medication-for-adhd-john-kruse,2025-03-10T08:00:00.000Z,,,https://www.hubermanlab.com/topics/science-of-adhd,https://www.youtube.com/watch?v=NtQ-kdLlQiU,True,True,True
improve-lymphatic-system-health-appearance,Improve Your Lymphatic System for Overall Health & Appearance,https://www.hubermanlab.com/episode/improve-lymphatic-system-health-appearance,,,,,https://www.youtube.com/watch?v=KBkl3I645c8,True,True,True
improving-science-restoring-trust-in-public-health-dr-jay-bhattacharya,Improving Science & Restoring Trust in Public Health | Dr. Jay Bhattacharya,https://www.hubermanlab.com/episode/improving-science-restoring-trust-in-public-health-dr-jay-bhattacharya,2025-06-09T08:00:00.000Z,232,,,https://www.youtube.com/watch?v=2Y_PxTxLFVg,True,True,True
jeff-cavaliere-optimize-your-exercise-program-with-science-based-tools,Jeff Cavaliere: Optimize Your Exercise Program with Science-Based Tools,https://www.hubermanlab.com/episode/jeff-cavaliere-optimize-your-exercise-program-with-science-based-tools,2022-07-04T08:00:00.000Z,79,,https://www.hubermanlab.com/topics/daily-routines;https://www.hubermanlab.com/topics/fitness-and-workout-routines,https://www.youtube.com/watch?v=UNCwdFxPtE8,True,True,True
jocko-willink-how-to-become-resilient-forge-your-identity-and-lead-others,"Jocko Willink: How to Become Resilient, Forge Your Identity & Lead Others",https://www.hubermanlab.com/episode/jocko-willink-how-to-become-resilient-forge-your-identity-and-lead-others,2022-12-26T09:00:00.000Z,,,https://www.hubermanlab.com/topics/emotional-intelligence-and-relationships;https://www.hubermanlab.com/topics/motivation-and-willpower,https://www.youtube.com/watch?v=__RAXBLt1iM,True,True,True
josh-waitzkin-the-art-of-learning-living-life,Josh Waitzkin: The Art of Learning & Living Life,https://www.hubermanlab.com/episode/josh-waitzkin-the-art-of-learning-living-life,2025-01-27T09:00:00.000Z,213,,,https://www.youtube.com/watch?v=wAnDWfEIwoE,True,True,True
journal-club-with-dr-peter-attia-effects-of-light-dark-on-mental-health-treatments-for-cancer,Journal Club with Dr. Peter Attia | Effects of Light & Dark on Mental Health & Treatments for Cancer,https://www.hubermanlab.com/episode/journal-club-with-dr-peter-attia-effects-of-light-dark-on-mental-health-treatments-for-cancer,2024-01-22T09:00:00.000Z,160,PT3H8M32S,https://www.hubermanlab.com/topics/light-exposure-and-circadian-rhythm;https://www.hubermanlab.com/topics/mental-health,https://www.youtube.com/watch?v=TG8VM5-CTfw,True,True,True
journal-club-with-dr-peter-attia-metformin-for-longevity-and-the-power-of-belief-effects,Journal Club with Dr. Peter Attia | Metformin for Longevity & The Power of Belief Effects,https://www.hubermanlab.com/episode/journal-club-with-dr-peter-attia-metformin-for-longevity-and-the-power-of-belief-effects,2023-09-11T08:00:00.000Z,,,https://www.hubermanlab.com/topics/aging-and-longevity;https://www.hubermanlab.com/topics/general-health;https://www.hubermanlab.com/topics/society-and-technology,https://www.youtube.com/watch?v=z8c6EyMNd0A,True,True,True
karl-deisseroth-understanding-and-healing-the-mind,Dr. Karl Deisseroth: Understanding & Healing the Mind,https://www.hubermanlab.com/episode/karl-deisseroth-understanding-and-healing-the-mind,2021-06-28T08:00:00.000Z,26,,https://www.hubermanlab.com/topics/mental-health,https://www.youtube.com/watch?v=w9MXqXBZy9U,True,True,True
ketamine-benefits-and-risks-for-depression-ptsd-and-neuroplasticity,"Ketamine: Benefits and Risks for Depression, PTSD & Neuroplasticity",https://www.hubermanlab.com/episode/ketamine-benefits-and-risks-for-depression-ptsd-and-neuroplasticity,2023-08-07T08:00:00.000Z,,,https://www.hubermanlab.com/topics/brain-and-neuroplasticity;https://www.hubermanlab.com/topics/mental-health,https://www.youtube.com/watch?v=Rxmv7rT9leo,True,True,True
leverage-dopamine-to-overcome-procrastination-and-optimize-effort,Leverage Dopamine to Overcome Procrastination & Optimize Effort,https://www.hubermanlab.com/episode/leverage-dopamine-to-overcome-procrastination-and-optimize-effort,2023-03-27T08:00:00.000Z,,,https://www.hubermanlab.com/topics/focus-and-concentration;https://www.hubermanlab.com/topics/goals-and-habits;https://www.hubermanlab.com/topics/motivation-and-willpower;https://www.hubermanlab.com/topics/science-of-adhd,https://www.youtube.com/watch?v=K-TW2Chpz4k,True,True,True
make-yourself-unbreakable-dj-shipley,How to Make Yourself Unbreakable | DJ Shipley,https://www.hubermanlab.com/episode/make-yourself-unbreakable-dj-shipley,2025-10-06T08:00:00.000Z,249,,,https://www.youtube.com/watch?v=WwRc2SEo-VI,True,True,True
male-roles-obligations-and-options-for-building-a-fulfilling-life-scott-galloway,"Male Roles, Obligations and Options for Building a Fulfilling Life | Scott Galloway",https://www.hubermanlab.com/episode/male-roles-obligations-and-options-for-building-a-fulfilling-life-scott-galloway,2026-04-27T08:00:00.000Z,278,,https://www.hubermanlab.com/topics/emotional-intelligence-and-relationships,https://www.youtube.com/watch?v=sQcS6f2qYoQ,True,True,True
male-vs-female-brain-differences-how-they-arise-from-genes-hormones-dr-nirao-shah,Male vs. Female Brain Differences & How They Arise From Genes & Hormones | Dr. Nirao Shah,https://www.hubermanlab.com/episode/male-vs-female-brain-differences-how-they-arise-from-genes-hormones-dr-nirao-shah,2025-07-28T08:00:00.000Z,239,,https://www.hubermanlab.com/topics/brain-and-neuroplasticity;https://www.hubermanlab.com/topics/hormone-health,https://www.youtube.com/watch?v=k8SBJzsIWAo,True,True,True
marc-andreessen-how-risk-taking-innovation-and-artificial-intelligence-transform-human-experience,"Marc Andreessen: How Risk Taking, Innovation & Artificial Intelligence Transform Human Experience",https://www.hubermanlab.com/episode/marc-andreessen-how-risk-taking-innovation-and-artificial-intelligence-transform-human-experience,2023-09-04T08:00:00.000Z,,,https://www.hubermanlab.com/topics/society-and-technology,https://www.youtube.com/watch?v=yixIc1Ai6jM,True,True,True
mark-zuckerberg-dr-priscilla-chan-curing-all-human-diseases-future-of-health-technology,Mark Zuckerberg & Dr. Priscilla Chan: Curing All Human Diseases & the Future of Health & Technology,https://www.hubermanlab.com/episode/mark-zuckerberg-dr-priscilla-chan-curing-all-human-diseases-future-of-health-technology,2023-10-23T08:00:00.000Z,147,PT2H15M32S,https://www.hubermanlab.com/topics/society-and-technology,https://www.youtube.com/watch?v=1Wo6SqLNmLk,True,True,True
master-self-control-overcome-procrastination-kentaro-fujita,Master Self Control & Overcome Procrastination | Dr. Kentaro Fujita,https://www.hubermanlab.com/episode/master-self-control-overcome-procrastination-kentaro-fujita,2026-05-11T08:00:00.000Z,280,,,https://www.youtube.com/watch?v=e89rVf4Pf0k,True,True,True
master-the-creative-process-twyla-tharp,Master the Creative Process | Twyla Tharp,https://www.hubermanlab.com/episode/master-the-creative-process-twyla-tharp,2025-12-08T09:00:00.000Z,258,,https://www.hubermanlab.com/topics/creativity,https://www.youtube.com/watch?v=VnPQ4mLRG-c,True,True,True
master-your-sleep-and-be-more-alert-when-awake,Master Your Sleep & Be More Alert When Awake,https://www.hubermanlab.com/episode/master-your-sleep-and-be-more-alert-when-awake,2021-01-11T09:00:00.000Z,2,,https://www.hubermanlab.com/topics/light-exposure-and-circadian-rhythm;https://www.hubermanlab.com/topics/sleep-hygiene,https://www.youtube.com/watch?v=nm1TxQj9IsQ,True,True,True
maximizing-productivity-physical-and-mental-health-with-daily-tools,"Maximizing Productivity, Physical & Mental Health with Daily Tools",https://www.hubermanlab.com/episode/maximizing-productivity-physical-and-mental-health-with-daily-tools,2021-07-12T08:00:00.000Z,28,,https://www.hubermanlab.com/topics/daily-routines;https://www.hubermanlab.com/topics/light-exposure-and-circadian-rhythm,https://www.youtube.com/watch?v=aXvDEmo6uS4,True,True,True
mental-health-toolkit-tools-to-bolster-your-mood-mental-health,Mental Health Toolkit: Tools to Bolster Your Mood & Mental Health,https://www.hubermanlab.com/episode/mental-health-toolkit-tools-to-bolster-your-mood-mental-health,2023-10-30T08:00:00.000Z,148,PT2H4M19S,https://www.hubermanlab.com/topics/light-exposure-and-circadian-rhythm;https://www.hubermanlab.com/topics/mental-health,https://www.youtube.com/watch?v=CJIXbibQ0jI,True,True,True
morgan-housel-understand-apply-the-psychology-of-money-to-gain-greater-happiness,Morgan Housel: Understand & Apply the Psychology of Money to Gain Greater Happiness,https://www.hubermanlab.com/episode/morgan-housel-understand-apply-the-psychology-of-money-to-gain-greater-happiness,2024-12-02T09:00:00.000Z,205,,https://www.hubermanlab.com/topics/emotional-intelligence-and-relationships;https://www.hubermanlab.com/topics/happiness-and-wellbeing,https://www.youtube.com/watch?v=z5W74QC3v2I,True,True,True
movement-practice-to-strengthen-your-mind-body-connection-ido-portal,Movement Practice to Strengthen Your Mind-Body Connection | Ido Portal,https://www.hubermanlab.com/episode/movement-practice-to-strengthen-your-mind-body-connection-ido-portal,2026-06-29T08:00:00.000Z,287,,,https://www.youtube.com/watch?v=Zz8chJwh3S4,True,True,True
neuroscience-of-emotions-and-tools-for-improving-emotion-regulation-ralph-adolphs,Neuroscience of Emotions & Tools for Improving Emotion Regulation | Dr. Ralph Adolphs,https://www.hubermanlab.com/episode/neuroscience-of-emotions-and-tools-for-improving-emotion-regulation-ralph-adolphs,2026-08-17T08:00:00.000Z,294,,https://www.hubermanlab.com/topics/emotional-intelligence-and-relationships,https://www.youtube.com/watch?v=P-h5WSQG1Sw,True,True,True
nicotines-effects-on-the-brain-and-body-and-how-to-quit-smoking-or-vaping,Nicotine's Effects on the Brain & Body & How to Quit Smoking or Vaping,https://www.hubermanlab.com/episode/nicotines-effects-on-the-brain-and-body-and-how-to-quit-smoking-or-vaping,2022-09-19T08:00:00.000Z,,,https://www.hubermanlab.com/topics/alcohol-tobacco-and-cannabis,https://www.youtube.com/watch?v=uXs-zPc63kM,True,True,True
nutrients-for-brain-health-and-performance,Nutrients For Brain Health & Performance,https://www.hubermanlab.com/episode/nutrients-for-brain-health-and-performance,2021-10-18T08:00:00.000Z,42,,https://www.hubermanlab.com/topics/diet-and-nutrition;https://www.hubermanlab.com/topics/general-health,https://www.youtube.com/watch?v=E7W4OQfJWdw,True,True,True
optimal-protocols-for-studying-learning,Optimal Protocols for Studying & Learning,https://www.hubermanlab.com/episode/optimal-protocols-for-studying-learning,2024-08-26T08:00:00.000Z,191,,https://www.hubermanlab.com/topics/focus-and-concentration;https://www.hubermanlab.com/topics/memory-and-learning,https://www.youtube.com/watch?v=ddq8JIMhz7c,True,True,True
optimize-and-control-your-brain-chemistry-to-improve-health-and-performance,Optimize & Control Your Brain Chemistry to Improve Health & Performance,https://www.hubermanlab.com/episode/optimize-and-control-your-brain-chemistry-to-improve-health-and-performance,2022-07-11T08:00:00.000Z,80,,https://www.hubermanlab.com/topics/daily-routines;https://www.hubermanlab.com/topics/focus-and-concentration;https://www.hubermanlab.com/topics/light-exposure-and-circadian-rhythm;https://www.hubermanlab.com/topics/supplementation,https://www.youtube.com/watch?v=T65RDBiB5Hs,True,True,True
optimize-your-learning-and-creativity-with-science-based-tools,Optimize Your Learning & Creativity with Science-Based Tools,https://www.hubermanlab.com/episode/optimize-your-learning-and-creativity-with-science-based-tools,2021-02-22T09:00:00.000Z,8,,https://www.hubermanlab.com/topics/creativity;https://www.hubermanlab.com/topics/memory-and-learning,https://www.youtube.com/watch?v=uuP-1ioh4LY,True,True,True
optimizing-workspace-for-productivity-focus-and-creativity,"Optimizing Workspace for Productivity, Focus, & Creativity",https://www.hubermanlab.com/episode/optimizing-workspace-for-productivity-focus-and-creativity,2022-01-31T09:00:00.000Z,57,,https://www.hubermanlab.com/topics/creativity;https://www.hubermanlab.com/topics/focus-and-concentration;https://www.hubermanlab.com/topics/optimizing-your-environment,https://www.youtube.com/watch?v=Ze2pc6NwsHQ,True,True,True
overcome-inner-resistance-steven-pressfield,How to Overcome Inner Resistance | Steven Pressfield,https://www.hubermanlab.com/episode/overcome-inner-resistance-steven-pressfield,2025-10-20T08:00:00.000Z,251,,,https://www.youtube.com/watch?v=cpKsogGdem4,True,True,True
pavel-tsatsouline-build-strength-endurance-flexibility-at-any-age,"Pavel Tsatsouline: The Correct Way to Build Strength, Endurance & Flexibility at Any Age",https://www.hubermanlab.com/episode/pavel-tsatsouline-build-strength-endurance-flexibility-at-any-age,2025-02-10T09:00:00.000Z,215,,,https://www.youtube.com/watch?v=Z3OpxT65fKw,True,True,True
peptides-the-science-uses-and-safety-abud-bakri,"Peptides: The Science, Uses & Safety | Dr. Abud Bakri",https://www.hubermanlab.com/episode/peptides-the-science-uses-and-safety-abud-bakri,2026-06-01T08:00:00.000Z,283,,,https://www.youtube.com/watch?v=_DfqnpSbMfE,True,True,True
protect-improve-your-hearing-brain-health-konstantina-stankovic,Protect & Improve Your Hearing & Brain Health | Dr. Konstantina Stankovic,https://www.hubermanlab.com/episode/protect-improve-your-hearing-brain-health-konstantina-stankovic,2025-10-13T08:00:00.000Z,250,,https://www.hubermanlab.com/topics/general-health,https://www.youtube.com/watch?v=xGmGBFpmdhQ,True,True,True
protocols-to-strengthen-pain-proof-your-back,Protocols to Strengthen & Pain Proof Your Back,https://www.hubermanlab.com/episode/protocols-to-strengthen-pain-proof-your-back,2024-04-29T08:00:00.000Z,174,,https://www.hubermanlab.com/topics/fitness-and-workout-routines;https://www.hubermanlab.com/topics/general-health,https://www.youtube.com/watch?v=PVmQOLYckKQ,True,True,True
raising-a-dog-and-mastering-calm-assertive-energy-cesar-millan,Raising a Dog & Mastering Calm Assertive Energy | Cesar Millan,https://www.hubermanlab.com/episode/raising-a-dog-and-mastering-calm-assertive-energy-cesar-millan,2026-07-06T08:00:00.000Z,288,,,https://www.youtube.com/watch?v=n_qKxNcMvtM,True,True,True
red-light-to-improve-metabolism-and-harmful-effects-of-led-glen-jeffery,Using Red Light to Improve Metabolism & the Harmful Effects of LEDs | Dr. Glen Jeffery,https://www.hubermanlab.com/episode/red-light-to-improve-metabolism-and-harmful-effects-of-led-glen-jeffery,2025-12-01T09:00:00.000Z,257,,https://www.hubermanlab.com/topics/light-exposure-and-circadian-rhythm,https://www.youtube.com/watch?v=iT8W6kaD-RA,True,True,True
restore-youthfulness-and-vitality-to-the-aging-brain-and-body-tony-wyss-coray,Restore Youthfulness & Vitality to the Aging Brain & Body | Dr. Tony Wyss-Coray,https://www.hubermanlab.com/episode/restore-youthfulness-and-vitality-to-the-aging-brain-and-body-tony-wyss-coray,2026-02-23T09:00:00.000Z,269,,https://www.hubermanlab.com/topics/aging-and-longevity,https://www.youtube.com/watch?v=Ew0-Lg_Evj0,True,True,True
rick-rubin-how-to-access-your-creativity,Rick Rubin: How to Access Your Creativity,https://www.hubermanlab.com/episode/rick-rubin-how-to-access-your-creativity,2023-01-16T09:00:00.000Z,,,https://www.hubermanlab.com/topics/creativity;https://www.hubermanlab.com/topics/happiness-and-wellbeing,https://www.youtube.com/watch?v=ycOBZZeVeAc,True,True,True
rick-rubin-protocols-to-access-creative-energy-and-process,Rick Rubin: Protocols to Access Creative Energy and Process,https://www.hubermanlab.com/episode/rick-rubin-protocols-to-access-creative-energy-and-process,2023-12-25T09:00:00.000Z,156,PT2H28M9S,https://www.hubermanlab.com/topics/creativity;https://www.hubermanlab.com/topics/daily-routines,https://www.youtube.com/watch?v=GpgqXCkRO-w,True,True,True
robert-greene-a-process-for-finding-achieving-your-unique-purpose,Robert Greene: A Process for Finding & Achieving Your Unique Purpose,https://www.hubermanlab.com/episode/robert-greene-a-process-for-finding-achieving-your-unique-purpose,2023-12-04T09:00:00.000Z,153,PT3H11M18S,https://www.hubermanlab.com/topics/emotional-intelligence-and-relationships;https://www.hubermanlab.com/topics/happiness-and-wellbeing,https://www.youtube.com/watch?v=50BZQRT1dAg,True,True,True
science-and-health-benefits-of-belief-in-god-and-religion-dr-david-desteno,Science & Health Benefits of Belief in God & Religion | Dr. David DeSteno,https://www.hubermanlab.com/episode/science-and-health-benefits-of-belief-in-god-and-religion-dr-david-desteno,2025-08-25T08:00:00.000Z,243,,,https://www.youtube.com/watch?v=Whe2Jh9q6jI,True,True,True
science-and-tools-of-learning-and-memory-david-eagleman,Science & Tools of Learning & Memory | Dr. David Eagleman,https://www.hubermanlab.com/episode/science-and-tools-of-learning-and-memory-david-eagleman,2026-01-26T09:00:00.000Z,265,,https://www.hubermanlab.com/topics/memory-and-learning,https://www.youtube.com/watch?v=lEULFeUVYf0,True,True,True
science-based-meditation-tools-to-improve-your-brain-and-health-richard-davidson,Science-Based Meditation Tools to Improve Your Brain & Health | Dr. Richard Davidson,https://www.hubermanlab.com/episode/science-based-meditation-tools-to-improve-your-brain-and-health-richard-davidson,2026-03-16T08:00:00.000Z,272,,,https://www.youtube.com/watch?v=hlOA8ObQJXo,True,True,True
science-based-mental-training-and-visualization-for-improved-learning,Science-Based Mental Training & Visualization for Improved Learning,https://www.hubermanlab.com/episode/science-based-mental-training-and-visualization-for-improved-learning,2023-04-24T08:00:00.000Z,,,https://www.hubermanlab.com/topics/memory-and-learning,https://www.youtube.com/watch?v=0RYyQRQFgFk,True,True,True
science-based-tools-for-increasing-happiness,Science-Based Tools for Increasing Happiness,https://www.hubermanlab.com/episode/science-based-tools-for-increasing-happiness,2022-11-14T09:00:00.000Z,98,,https://www.hubermanlab.com/topics/happiness-and-wellbeing,https://www.youtube.com/watch?v=LTGGyQS1fZE,True,True,True
science-of-attraction-compatibility-and-romance-dr-paul-eastwick,"Science of Attraction, Compatibility & Romance | Dr. Paul Eastwick",https://www.hubermanlab.com/episode/science-of-attraction-compatibility-and-romance-dr-paul-eastwick,2026-06-22T08:00:00.000Z,286,,https://www.hubermanlab.com/topics/emotional-intelligence-and-relationships,https://www.youtube.com/watch?v=CV0GtUlJ6NM,True,True,True
science-of-muscle-growth-increasing-strength-and-muscular-recovery,"Science of Muscle Growth, Increasing Strength & Muscular Recovery",https://www.hubermanlab.com/episode/science-of-muscle-growth-increasing-strength-and-muscular-recovery,2021-05-31T08:00:00.000Z,22,,https://www.hubermanlab.com/topics/fitness-and-workout-routines,https://www.youtube.com/watch?v=XLr2RKoD-oY,True,True,True
science-of-social-bonding-in-family-friendship-and-romantic-love,"Science of Social Bonding in Family, Friendship & Romantic Love",https://www.hubermanlab.com/episode/science-of-social-bonding-in-family-friendship-and-romantic-love,2021-12-20T09:00:00.000Z,51,,https://www.hubermanlab.com/topics/emotional-intelligence-and-relationships;https://www.hubermanlab.com/topics/happiness-and-wellbeing,https://www.youtube.com/watch?v=RgAcOqVRfYA,True,True,True
science-supported-tools-to-accelerate-your-fitness-goals,Science-Supported Tools to Accelerate Your Fitness Goals,https://www.hubermanlab.com/episode/science-supported-tools-to-accelerate-your-fitness-goals,2023-07-03T08:00:00.000Z,,,https://www.hubermanlab.com/topics/fitness-and-workout-routines;https://www.hubermanlab.com/topics/supplementation,https://www.youtube.com/watch?v=LYYyQcAJZfk,True,True,True
sleep-toolkit-tools-for-optimizing-sleep-and-sleep-wake-timing,Sleep Toolkit: Tools for Optimizing Sleep & Sleep-Wake Timing,https://www.hubermanlab.com/episode/sleep-toolkit-tools-for-optimizing-sleep-and-sleep-wake-timing,2022-08-08T08:00:00.000Z,,,https://www.hubermanlab.com/topics/light-exposure-and-circadian-rhythm;https://www.hubermanlab.com/topics/sleep-hygiene,https://www.youtube.com/watch?v=h2aWYjSA1Jc,True,True,True
speak-clearly-with-confidence-matt-abrahams,How to Speak Clearly & With Confidence | Matt Abrahams,https://www.hubermanlab.com/episode/speak-clearly-with-confidence-matt-abrahams,2025-11-17T09:00:00.000Z,255,,,https://www.youtube.com/watch?v=ZtTUfMHuioA,True,True,True
supercharge-exercise-performance-and-recovery-with-cooling,Supercharge Exercise Performance & Recovery with Cooling,https://www.hubermanlab.com/episode/supercharge-exercise-performance-and-recovery-with-cooling,2021-05-10T08:00:00.000Z,19,,https://www.hubermanlab.com/topics/cold-plunges-and-deliberate-cooling;https://www.hubermanlab.com/topics/fitness-and-workout-routines,https://www.youtube.com/watch?v=xaE9XyMMAHY,True,True,True
the-best-vitality-and-health-protocols-rhonda-patrick,The Best Vitality & Health Protocols | Dr. Rhonda Patrick,https://www.hubermanlab.com/episode/the-best-vitality-and-health-protocols-rhonda-patrick,2026-03-23T08:00:00.000Z,273,,,https://www.youtube.com/watch?v=C0DMdUqF73Q,True,True,True
the-chemistry-of-food-taste-dr-harold-mcgee,The Chemistry of Food & Taste | Dr. Harold McGee,https://www.hubermanlab.com/episode/the-chemistry-of-food-taste-dr-harold-mcgee,2025-06-30T08:00:00.000Z,235,,,https://www.youtube.com/watch?v=zqANjUGarAw,True,True,True
the-effects-of-cannabis-marijuana-on-the-brain-and-body,The Effects of Cannabis (Marijuana) on the Brain & Body,https://www.hubermanlab.com/episode/the-effects-of-cannabis-marijuana-on-the-brain-and-body,2022-10-03T08:00:00.000Z,,,https://www.hubermanlab.com/topics/alcohol-tobacco-and-cannabis,https://www.youtube.com/watch?v=gXvuJu1kt48,True,True,True
the-effects-of-microplastics-on-your-health-how-to-reduce-them,The Effects of Microplastics on Your Health & How to Reduce Them,https://www.hubermanlab.com/episode/the-effects-of-microplastics-on-your-health-how-to-reduce-them,2024-10-21T08:00:00.000Z,199,,https://www.hubermanlab.com/topics/aging-and-longevity;https://www.hubermanlab.com/topics/female-sexual-health;https://www.hubermanlab.com/topics/hormone-health;https://www.hubermanlab.com/topics/male-sexual-health;https://www.hubermanlab.com/topics/optimizing-your-environment,https://www.youtube.com/watch?v=vfRtLI6cJrk,True,True,True
the-mental-frame-and-specific-daily-actions-to-succeed-andy-stumpf,The Mental Frame & Specific Daily Actions to Succeed | Andy Stumpf,https://www.hubermanlab.com/episode/the-mental-frame-and-specific-daily-actions-to-succeed-andy-stumpf,2026-06-15T08:00:00.000Z,285,,,https://www.youtube.com/watch?v=baecUt1GaPk,True,True,True
the-most-effective-weight-training-cardio-and-nutrition-for-women-lauren-colenso-semple,"The Most Effective Weight Training, Cardio & Nutrition for Women | Dr. Lauren Colenso-Semple",https://www.hubermanlab.com/episode/the-most-effective-weight-training-cardio-and-nutrition-for-women-lauren-colenso-semple,2026-02-16T09:00:00.000Z,268,,,https://www.youtube.com/watch?v=_Q4XT82yd-Q,True,True,True
the-science-and-health-benefits-of-deliberate-heat-exposure,The Science & Health Benefits of Deliberate Heat Exposure,https://www.hubermanlab.com/episode/the-science-and-health-benefits-of-deliberate-heat-exposure,2022-04-25T08:00:00.000Z,69,,https://www.hubermanlab.com/topics/sauna-and-heat-exposure,https://www.youtube.com/watch?v=EQ3GjpGq5Y8,True,True,True
the-science-and-process-of-healing-from-grief,The Science & Process of Healing from Grief,https://www.hubermanlab.com/episode/the-science-and-process-of-healing-from-grief,2022-05-30T08:00:00.000Z,74,,https://www.hubermanlab.com/topics/mental-health,https://www.youtube.com/watch?v=dzOvi0Aa2EA,True,True,True
the-science-and-treatment-of-bipolar-disorder,The Science & Treatment of Bipolar Disorder,https://www.hubermanlab.com/episode/the-science-and-treatment-of-bipolar-disorder,2022-07-25T08:00:00.000Z,,,https://www.hubermanlab.com/topics/mental-health,https://www.youtube.com/watch?v=m_OazsImOiI,True,True,True
the-science-and-treatment-of-obsessive-compulsive-disorder,The Science & Treatment of Obsessive Compulsive Disorder (OCD),https://www.hubermanlab.com/episode/the-science-and-treatment-of-obsessive-compulsive-disorder,2022-06-27T08:00:00.000Z,78,,https://www.hubermanlab.com/topics/mental-health,https://www.youtube.com/watch?v=OadokY8fcAA,True,True,True
the-science-art-of-comedy-creativity-tom-segura,The Science & Art of Comedy & Creativity | Tom Segura,https://www.hubermanlab.com/episode/the-science-art-of-comedy-creativity-tom-segura,2025-05-19T08:00:00.000Z,229,,,https://www.youtube.com/watch?v=HTJ8lDtJOg4,True,True,True
the-science-of-creativity-and-how-to-enhance-creative-innovation,The Science of Creativity & How to Enhance Creative Innovation,https://www.hubermanlab.com/episode/the-science-of-creativity-and-how-to-enhance-creative-innovation,2022-12-19T09:00:00.000Z,,,https://www.hubermanlab.com/topics/creativity,https://www.youtube.com/watch?v=KPlJcD-o-4Q,True,True,True
the-science-of-emotions-relationships,The Science of Emotions & Relationships,https://www.hubermanlab.com/episode/the-science-of-emotions-relationships,2021-03-29T08:00:00.000Z,13,,https://www.hubermanlab.com/topics/emotional-intelligence-and-relationships,https://www.youtube.com/watch?v=hcuMLQVAgEg,True,True,True
the-science-of-gratitude-and-how-to-build-a-gratitude-practice,The Science of Gratitude & How to Build a Gratitude Practice,https://www.hubermanlab.com/episode/the-science-of-gratitude-and-how-to-build-a-gratitude-practice,2021-11-22T09:00:00.000Z,47,,https://www.hubermanlab.com/topics/happiness-and-wellbeing;https://www.hubermanlab.com/topics/mental-health,https://www.youtube.com/watch?v=KVjfFN89qvQ,True,True,True
the-science-of-healthy-hair-hair-loss-and-how-to-regrow-hair,"The Science of Healthy Hair, Hair Loss and How to Regrow Hair",https://www.hubermanlab.com/episode/the-science-of-healthy-hair-hair-loss-and-how-to-regrow-hair,2023-04-10T08:00:00.000Z,,,https://www.hubermanlab.com/topics/aging-and-longevity;https://www.hubermanlab.com/topics/general-health,https://www.youtube.com/watch?v=6ZrlsVx85ek,True,True,True
the-science-of-hearing-balance-and-accelerated-learning,"The Science of Hearing, Balance & Accelerated Learning",https://www.hubermanlab.com/episode/the-science-of-hearing-balance-and-accelerated-learning,2021-07-05T08:00:00.000Z,27,,https://www.hubermanlab.com/topics/memory-and-learning;https://www.hubermanlab.com/topics/optimizing-your-environment,https://www.youtube.com/watch?v=JVRyzYB9JSY,True,True,True
the-science-of-how-to-optimize-testosterone-and-estrogen,The Science of How to Optimize Testosterone & Estrogen,https://www.hubermanlab.com/episode/the-science-of-how-to-optimize-testosterone-and-estrogen,2021-04-12T08:00:00.000Z,15,,https://www.hubermanlab.com/topics/hormone-health,https://www.youtube.com/watch?v=qJXKhu5UZwk,True,True,True
the-science-of-love-desire-and-attachment,"The Science of Love, Desire and Attachment",https://www.hubermanlab.com/episode/the-science-of-love-desire-and-attachment,2022-02-14T09:00:00.000Z,59,,https://www.hubermanlab.com/topics/emotional-intelligence-and-relationships,https://www.youtube.com/watch?v=gMRph_BvHB4,True,True,True
the-science-of-making-and-breaking-habits,The Science of Making & Breaking Habits,https://www.hubermanlab.com/episode/the-science-of-making-and-breaking-habits,2022-01-03T09:00:00.000Z,53,,https://www.hubermanlab.com/topics/goals-and-habits;https://www.hubermanlab.com/topics/happiness-and-wellbeing,https://www.youtube.com/watch?v=Wcs2PFz5q6g,True,True,True
the-science-of-mdma-and-its-therapeutic-applications,The Science of MDMA & Its Therapeutic Uses: Benefits & Risks,https://www.hubermanlab.com/episode/the-science-of-mdma-and-its-therapeutic-applications,2023-06-12T08:00:00.000Z,,,https://www.hubermanlab.com/topics/brain-and-neuroplasticity;https://www.hubermanlab.com/topics/mental-health;https://www.hubermanlab.com/topics/society-and-technology,https://www.youtube.com/watch?v=slUCmZJDXrk,True,True,True
the-science-of-setting-and-achieving-goals,The Science of Setting & Achieving Goals,https://www.hubermanlab.com/episode/the-science-of-setting-and-achieving-goals,2022-01-17T09:00:00.000Z,55,,https://www.hubermanlab.com/topics/goals-and-habits;https://www.hubermanlab.com/topics/happiness-and-wellbeing,https://www.youtube.com/watch?v=t1F7EEGPQwo,True,True,True
the-science-of-vision-eye-health-and-seeing-better,"The Science of Vision, Eye Health & Seeing Better",https://www.hubermanlab.com/episode/the-science-of-vision-eye-health-and-seeing-better,,,,https://www.hubermanlab.com/topics/general-health,https://www.youtube.com/watch?v=ObtW353d5i0,True,True,True
tim-ferriss-how-to-learn-better-and-create-your-best-future,Tim Ferriss: How to Learn Better & Create Your Best Future,https://www.hubermanlab.com/episode/tim-ferriss-how-to-learn-better-and-create-your-best-future,2023-06-19T08:00:00.000Z,,,https://www.hubermanlab.com/topics/emotional-intelligence-and-relationships;https://www.hubermanlab.com/topics/happiness-and-wellbeing,https://www.youtube.com/watch?v=doupx8SAs5Y,True,True,True
time-perception-and-entrainment-by-dopamine-serotonin-and-hormones,"Time Perception & Entrainment by Dopamine, Serotonin & Hormones",https://www.hubermanlab.com/episode/time-perception-and-entrainment-by-dopamine-serotonin-and-hormones,2021-11-15T09:00:00.000Z,46,,https://www.hubermanlab.com/topics/daily-routines;https://www.hubermanlab.com/topics/focus-and-concentration;https://www.hubermanlab.com/topics/science-of-adhd,https://www.youtube.com/watch?v=8IWDAqodDas,True,True,True
tony-hawk-harnessing-passion-drive-and-persistence-for-lifelong-success,"Tony Hawk: Harnessing Passion, Drive & Persistence for Lifelong Success",https://www.hubermanlab.com/episode/tony-hawk-harnessing-passion-drive-and-persistence-for-lifelong-success,2023-07-31T08:00:00.000Z,,,https://www.hubermanlab.com/topics/general-health;https://www.hubermanlab.com/topics/happiness-and-wellbeing,https://www.youtube.com/watch?v=VOfwbcveP84,True,True,True
tools-for-managing-stress-and-anxiety,Tools for Managing Stress & Anxiety,https://www.hubermanlab.com/episode/tools-for-managing-stress-and-anxiety,2021-03-08T09:00:00.000Z,10,,https://www.hubermanlab.com/topics/happiness-and-wellbeing;https://www.hubermanlab.com/topics/mental-health;https://www.hubermanlab.com/topics/regulate-your-nervous-system,https://www.youtube.com/watch?v=ntfcfJ28eiU,True,True,True
tools-for-overcoming-substance-behavioral-addictions-ryan-soave,Tools for Overcoming Substance & Behavioral Addictions | Ryan Soave,https://www.hubermanlab.com/episode/tools-for-overcoming-substance-behavioral-addictions-ryan-soave,2025-04-21T08:00:00.000Z,225,,https://www.hubermanlab.com/topics/mental-health,https://www.youtube.com/watch?v=J7yn4tJEmJU,True,True,True
tools-to-bolster-your-mental-health-and-confidence-paul-conti,Tools to Bolster Your Mental Health & Confidence | Dr. Paul Conti,https://www.hubermanlab.com/episode/tools-to-bolster-your-mental-health-and-confidence-paul-conti,2026-05-04T08:00:00.000Z,279,,https://www.hubermanlab.com/topics/mental-health,https://www.youtube.com/watch?v=cWCs7dxrt-A,True,True,True
tools-to-enhance-working-memory-attention,Tools to Enhance Working Memory & Attention,https://www.hubermanlab.com/episode/tools-to-enhance-working-memory-attention,2024-01-29T09:00:00.000Z,161,,https://www.hubermanlab.com/topics/memory-and-learning,https://www.youtube.com/watch?v=CQlTmOFM4Qs,True,True,True
transform-metabolic-health-longevity-unique-biology-michael-snyder,Transform Your Metabolic Health & Longevity by Knowing Your Unique Biology | Dr. Michael Snyder,https://www.hubermanlab.com/episode/transform-metabolic-health-longevity-unique-biology-michael-snyder,2025-09-08T07:00:00.000Z,245,,https://www.hubermanlab.com/topics/diet-and-nutrition,https://www.youtube.com/watch?v=cjAvD-U5so0,True,True,True
transform-pain-and-trauma-into-creative-expression-david-choe,Transform Pain & Trauma Into Creative Expression | David Choe,https://www.hubermanlab.com/episode/transform-pain-and-trauma-into-creative-expression-david-choe,2025-12-22T09:00:00.000Z,260,,https://www.hubermanlab.com/topics/creativity,https://www.youtube.com/watch?v=zHyvVajsqMw,True,True,True
transform-your-mental-health-with-diet-lifestyle-dr-chris-palmer,Transform Your Mental Health With Diet & Lifestyle | Dr. Chris Palmer,https://www.hubermanlab.com/episode/transform-your-mental-health-with-diet-lifestyle-dr-chris-palmer,2025-03-31T08:00:00.000Z,222,,https://www.hubermanlab.com/topics/diet-and-nutrition,https://www.youtube.com/watch?v=hCyvqRq5YmM,True,True,True
understand-and-improve-memory-using-science-based-tools,Understand & Improve Memory Using Science-Based Tools,https://www.hubermanlab.com/episode/understand-and-improve-memory-using-science-based-tools,2022-05-16T08:00:00.000Z,72,,https://www.hubermanlab.com/topics/general-health;https://www.hubermanlab.com/topics/memory-and-learning,https://www.youtube.com/watch?v=szqPAPKE5tQ,True,True,True
understand-what-pets-actually-want-need-dr-karolina-westlund,What Pets Actually Want & Need | Dr. Karolina Westlund,https://www.hubermanlab.com/episode/understand-what-pets-actually-want-need-dr-karolina-westlund,2025-04-28T08:00:00.000Z,226,,,https://www.youtube.com/watch?v=6ck9fa6_C8c,True,True,True
understanding-and-conquering-depression,Understanding & Conquering Depression,https://www.hubermanlab.com/episode/understanding-and-conquering-depression,2021-08-23T08:00:00.000Z,34,,https://www.hubermanlab.com/topics/mental-health,https://www.youtube.com/watch?v=Xu1FMCxoEFc,True,True,True
understanding-and-controlling-aggression,Understanding & Controlling Aggression,https://www.hubermanlab.com/episode/understanding-and-controlling-aggression,2022-05-09T08:00:00.000Z,71,,https://www.hubermanlab.com/topics/emotional-intelligence-and-relationships,https://www.youtube.com/watch?v=RBK5KLA5Jjg,True,True,True
understanding-and-using-dreams-to-learn-and-to-forget,Understand and Use Dreams to Learn and Forget,https://www.hubermanlab.com/episode/understanding-and-using-dreams-to-learn-and-to-forget,2021-02-01T09:00:00.000Z,5,,https://www.hubermanlab.com/topics/memory-and-learning;https://www.hubermanlab.com/topics/sleep-hygiene,https://www.youtube.com/watch?v=FFwA0QFmpQ4,True,True,True
unlearn-negative-thoughts-and-behaviors-patterns-alok-kanojia,Unlearn Negative Thoughts & Behaviors Patterns | Dr. Alok Kanojia,https://www.hubermanlab.com/episode/unlearn-negative-thoughts-and-behaviors-patterns-alok-kanojia,2026-03-02T09:00:00.000Z,270,,https://www.hubermanlab.com/topics/emotional-intelligence-and-relationships,https://www.youtube.com/watch?v=9G2MRFs4vac,True,True,True
us-surgeon-general-dr-vivek-murthy-efforts-challenges-in-promoting-public-health,U.S. Surgeon General Dr. Vivek Murthy: Efforts & Challenges in Promoting Public Health,https://www.hubermanlab.com/episode/us-surgeon-general-dr-vivek-murthy-efforts-challenges-in-promoting-public-health,2023-09-25T08:00:00.000Z,143,,https://www.hubermanlab.com/topics/society-and-technology,https://www.youtube.com/watch?v=qNzl12g0Dd8,True,True,True
using-ai-to-increase-your-intelligence-and-enrich-humanity-fei-fei-li,Using AI to Increase Your Intelligence & Enrich Humanity | Dr. Fei-Fei Li,https://www.hubermanlab.com/episode/using-ai-to-increase-your-intelligence-and-enrich-humanity-fei-fei-li,2026-08-10T08:00:00.000Z,293,,,https://www.youtube.com/watch?v=N5AQFYtqx8Q,True,True,True
using-caffeine-to-optimize-mental-and-physical-performance,Using Caffeine to Optimize Mental & Physical Performance,https://www.hubermanlab.com/episode/using-caffeine-to-optimize-mental-and-physical-performance,2022-12-05T09:00:00.000Z,101,,https://www.hubermanlab.com/topics/caffeine-science,https://www.youtube.com/watch?v=iw97uvIge7c,True,True,True
using-cortisol-and-adrenaline-to-boost-our-energy-and-immune-system,Using Cortisol & Adrenaline to Boost Our Energy & Immune System,https://www.hubermanlab.com/episode/using-cortisol-and-adrenaline-to-boost-our-energy-and-immune-system,2021-05-03T08:00:00.000Z,18,,https://www.hubermanlab.com/topics/hormone-health;https://www.hubermanlab.com/topics/light-exposure-and-circadian-rhythm;https://www.hubermanlab.com/topics/regulate-your-nervous-system,https://www.youtube.com/watch?v=JPX8g8ibKFc,True,True,True
using-deliberate-cold-exposure-for-health-and-performance,Using Deliberate Cold Exposure for Health and Performance,https://www.hubermanlab.com/episode/using-deliberate-cold-exposure-for-health-and-performance,2022-04-04T08:00:00.000Z,66,,https://www.hubermanlab.com/topics/cold-plunges-and-deliberate-cooling,https://www.youtube.com/watch?v=pq6WHJzOkno,True,True,True
using-failures-movement-and-balance-to-learn-faster,"Using Failures, Movement & Balance to Learn Faster",https://www.hubermanlab.com/episode/using-failures-movement-and-balance-to-learn-faster,2021-02-15T09:00:00.000Z,7,,https://www.hubermanlab.com/topics/memory-and-learning,https://www.youtube.com/watch?v=hx3U64IXFOY,True,True,True
using-light-sunlight-blue-light-and-red-light-to-optimize-health,"Using Light (Sunlight, Blue Light & Red Light) to Optimize Health",https://www.hubermanlab.com/episode/using-light-sunlight-blue-light-and-red-light-to-optimize-health,2022-04-18T08:00:00.000Z,68,,https://www.hubermanlab.com/topics/daily-routines;https://www.hubermanlab.com/topics/light-exposure-and-circadian-rhythm;https://www.hubermanlab.com/topics/optimizing-your-environment,https://www.youtube.com/watch?v=UF0nqolsNZc,True,True,True
using-play-to-rewire-and-improve-your-brain,Using Play to Rewire & Improve Your Brain,https://www.hubermanlab.com/episode/using-play-to-rewire-and-improve-your-brain,2022-02-07T09:00:00.000Z,58,,https://www.hubermanlab.com/topics/brain-and-neuroplasticity;https://www.hubermanlab.com/topics/creativity,https://www.youtube.com/watch?v=BwyZIWeBpRw,True,True,True
using-salt-to-optimize-mental-and-physical-performance,Using Salt to Optimize Mental & Physical Performance,https://www.hubermanlab.com/episode/using-salt-to-optimize-mental-and-physical-performance,2022-03-14T08:00:00.000Z,63,,https://www.hubermanlab.com/topics/diet-and-nutrition;https://www.hubermanlab.com/topics/fitness-and-workout-routines,https://www.youtube.com/watch?v=azb3Ih68awQ,True,True,True
using-science-to-optimize-sleep-learning-and-metabolism,"Using Science to Optimize Sleep, Learning & Metabolism",https://www.hubermanlab.com/episode/using-science-to-optimize-sleep-learning-and-metabolism,2021-01-18T09:00:00.000Z,3,,https://www.hubermanlab.com/topics/general-health;https://www.hubermanlab.com/topics/memory-and-learning;https://www.hubermanlab.com/topics/sleep-hygiene,https://www.youtube.com/watch?v=nwSkFq4tyC0,True,True,True
using-stem-cells-to-cure-autism-epilepsy-and-schizophrenia-dr-sergiu-pasca,"Using Stem Cells to Cure Autism, Epilepsy & Schizophrenia | Dr. Sergiu Pașca",https://www.hubermanlab.com/episode/using-stem-cells-to-cure-autism-epilepsy-and-schizophrenia-dr-sergiu-pasca,2025-08-18T08:00:00.000Z,242,PT2H23M15S,https://www.hubermanlab.com/topics/mental-health,https://www.youtube.com/watch?v=H4mMZ0vliMo,True,True,True
using-your-nervous-system-to-enhance-your-immune-system,Using Your Nervous System to Enhance Your Immune System,https://www.hubermanlab.com/episode/using-your-nervous-system-to-enhance-your-immune-system,2021-11-01T08:00:00.000Z,44,,https://www.hubermanlab.com/topics/general-health;https://www.hubermanlab.com/topics/regulate-your-nervous-system,https://www.youtube.com/watch?v=poOf8b2WE2g,True,True,True
welcome-to-the-huberman-lab-podcast,Welcome to the Huberman Lab Podcast,https://www.hubermanlab.com/episode/welcome-to-the-huberman-lab-podcast,2020-12-23T09:00:00.000Z,,,,https://www.youtube.com/watch?v=4b6bwcWK6GE,True,False,True
what-alcohol-does-to-your-body-brain-health,"What Alcohol Does to Your Body, Brain & Health",https://www.hubermanlab.com/episode/what-alcohol-does-to-your-body-brain-health,2022-08-22T08:00:00.000Z,,,https://www.hubermanlab.com/topics/alcohol-tobacco-and-cannabis,https://www.youtube.com/watch?v=DkS1pkKpILY,True,True,True
your-top-health-questions-answered,Your Top Health Questions Answered,https://www.hubermanlab.com/episode/your-top-health-questions-answered,2026-07-27T08:00:00.000Z,291,,,https://www.youtube.com/watch?v=ssP31IenzYA,True,True,True
